name,sku,description,category,observations,price,stock
"Absorvente Interno Médio O.B. 10 un","P0002","Marca: O.B.. Categoria: Higiene Pessoal. Tipo: Cuidados Femininos. Embalagem: Pacote 10 unidades. O Absorvente Interno O.B. Médio é ideal para proporcionar conforto e segurança durante o período menstrual. Com 10 unidades em cada pacote, ele se adapta ao corpo feminino, garantindo proteção e discrição. Disponível na Dona Antônia, em Cuiabá e Várzea Grande, é uma escolha prática para o seu dia a dia.","Para Você","EAN/GTIN: 7891010886547",11.90,2
"Absorvente Interno Super O.B. 10 un","P516","Marca: O.B.. Categoria: Higiene Pessoal. Tipo: Cuidados Femininos. Embalagem: 10 unidades. O Absorvente Interno O.B. Super é ideal para mulheres que buscam conforto e proteção durante o período menstrual. Com 10 unidades em cada embalagem, ele proporciona segurança e discrição, permitindo que você se sinta à vontade em qualquer situação. Disponível na Dona Antônia, em Cuiabá e Várzea Grande, é uma escolha prática para o seu dia a dia.","Para Você","EAN/GTIN: 7891010010577",13.90,2
"Açafrão Real Sabor 30 g","7898997673351","Marca: Real sabor. Categoria: Mercearia. Tipo: Temperos. Embalagem: 30g. Açafrão em pó da marca Lida Ltt Real Sabor, embalagem pacote de 100g, EAN 7898997673351. Ingredientes: Cúrcuma raiz e farinha de milho enriquecida com ferro e ácido fólico.","Para Casa","EAN/GTIN: 7898997673351",1.89,9
"Açafrão-da-Terra (Cúrcuma Moída) Kinino 130 g","7897005104375","Marca: Kinino. Categoria: Mercearia. Tipo: Temperos. Embalagem: 130g. O Açafrão-da-Terra (Cúrcuma Moída) Kinino 130g é um tempero gourmet que realça o sabor e a cor de diversos pratos. Produzido a partir da moagem da cúrcuma, este produto é 100% natural, sem aditivos ou conservantes. Embalado em pote de 130g, é ideal para uso doméstico ou profissional, conferindo um toque especial a risotos, aves, caldos, massas e doces.","Para Casa","EAN/GTIN: 7897005104375",12.90,1
"Açafrão-da-terra Itapero 30 g","7895639000018","Marca: Itapero. Categoria: Mercearia. Tipo: Temperos. Embalagem: 30g. AÇAFRÃO-DA-TERRA 30g, marca lida Itapero, embalagem exata 30g, EAN 7895639000018. Ingredientes: Cúrcuma raiz e farinha de milho enriquecida com ferro e ácido fólico. NÃO CONTÉM GLÚTEN. PODE CONTER SOJA. Conservar em local seco, fresco e arejado.","Para Casa","EAN/GTIN: 7895639000018",1.89,7
"Acetona Farmax 100 ml","P527","Marca: Farmax. Categoria: Beleza e Cuidados. Tipo: Unhas. Embalagem: 100ml. Acetona Farmax 100 ml Farmax BELEZA MANICURE REMOVEDOR DE ESMALTE 100ml Para Você Beleza e Cuidados Unhas","Para Você","EAN/GTIN: 7896902209114",3.69,10
"Achocolatado em Pó Nescau 350 g","P571","Marca: Nescau. Categoria: Mercearia. Tipo: Achocolatados. Embalagem: Lata de 350g. O achocolatado em pó Nescau é uma opção prática e saborosa para o café da manhã ou lanches. Basta misturar com leite quente ou frio para uma bebida cremosa e nutritiva. Disponível na Dona Antônia, em Cuiabá e Várzea Grande, é ideal para todas as idades e proporciona energia rápida para o dia a dia.","Para Casa","EAN/GTIN: 7891000412855",11.90,3
"Achocolatado em Pó Nescau 550 g","428909M","Marca: Nescau. Categoria: Mercearia. Tipo: Achocolatados. Embalagem: 550g. O achocolatado em pó Nescau é ideal para preparar bebidas deliciosas, seja com leite quente ou frio. Perfeito para o café da manhã, ele traz um sabor inconfundível que agrada a toda a família. Disponível na Dona Antônia, em Cuiabá e Várzea Grande, é uma escolha prática e saborosa para o seu dia a dia.","Para Casa","Produto em oferta | EAN/GTIN: 7891000338087",17.90,3
"Achocolatado em Pó Nesquik Morango Nestlé 380 g","187916A","Marca: Nestlé. Categoria: Mercearia. Tipo: Achocolatados. Embalagem: Lata de 380g. O achocolatado em pó Nestlé Nesquik sabor morango é uma opção deliciosa para o café da manhã ou lanche. Com polpa natural de morango, ele traz um sabor especial que agrada a toda a família. Ideal para preparar uma bebida achocolatada com leite, é uma escolha prática e saborosa para quem vive em Cuiabá e Várzea Grande.","Para Casa","EAN/GTIN: 7891000104101",14.90,1
"Achocolatado Pirakids Sabor Chocolate Piracanjuba 200 ml","P575","Marca: Piracanjuba. Categoria: Mercearia. Tipo: Achocolatados. Embalagem: 200ml. O achocolatado líquido Pirakids da Piracanjuba é uma opção deliciosa para lanches e atividades escolares. Com sua embalagem prática de 200ml, é perfeito para levar na mochila ou na lancheira. A Dona Antônia oferece esse produto em Cuiabá e Várzea Grande, garantindo uma experiência saborosa e conveniente para as crianças.","Para Casa","EAN/GTIN: 7898215151807",1.80,62
"Acidificante Capilar pH Control Pós-Química Belkit 200 ml","P-0SPX","Marca: Belkit. Categoria: Cabelos. Tipo: Tratamentos Capilares. Embalagem: 200ml. Acidificante Capilar pH Control Pós-Química Belkit 200 ml Belkit BELEZA CABELO TRATAMENTO CAPILAR 200ml Para Você Cabelos Tratamentos Capilares","Para Você","EAN/GTIN: 7898466600635",24.90,2
"Acidificante Ultra Gloss Elseve 200 ml","7908615060347","Marca: Elseve. Categoria: Cabelos. Tipo: Tratamentos Capilares. Embalagem: 200 ml. O ACIDIFICANTE ULTRA GLOSS 200 ml da L'Oréal é um tratamento capilar com pH ácido e 6% de Ácido Glicólico, desenvolvido para combater a porosidade dos fios desde o primeiro uso. Sua fórmula sela as cutículas e corrige falhas na fibra capilar, proporcionando brilho intenso que resiste por até 6 lavagens. Indicado para todos os tipos de cabelo, especialmente os porosos e sem brilho.","Para Você","EAN/GTIN: 7908615060347",38.90,2
"Açúcar Cristal Doce Dia 2 kg","P426","Marca: Doce Dia. Categoria: Mercearia. Tipo: Açúcar. Embalagem: 2kg. Açúcar Cristal Doce Dia 2 kg Doce Dia MERCEARIA BÁSICA AÇÚCAR AÇÚCAR REFINADO E ESPECIAL 2kg Para Casa Mercearia Açúcar","Para Casa","EAN/GTIN: 7896984700028",5.99,938
"Açúcar Demerara Itamarati 1 kg","5946640624","Marca: Itamarati. Categoria: Mercearia. Tipo: Açúcar. Embalagem: 1kg. Açúcar Demerara Itamarati 1 kg Itamarati MERCEARIA BÁSICA AÇÚCAR AÇÚCAR REFINADO E ESPECIAL 1kg Para Casa Mercearia Açúcar","Para Casa","EAN/GTIN: 7896433800453",5.90,2
"Açúcar Refinado Itamarati 1 kg","1188950380","Marca: Itamarati. Categoria: Mercearia. Tipo: Açúcar. Embalagem: 1kg. Açúcar Refinado Itamarati 1 kg Itamarati MERCEARIA BÁSICA AÇÚCAR AÇÚCAR REFINADO E ESPECIAL 1kg Para Casa Mercearia Açúcar","Para Casa","EAN/GTIN: 7896433800354",4.90,3
"Adaptador de Tomada Benjamim - * * 1un","73978685","Categoria: Casa e Utilidades. Tipo: Utilidades Domésticas. Embalagem: 1 un. Adaptador de Tomada Benjamim - * * 1un UTENSÍLIOS E UTILIDADES CASA ADAPTADOR DE TOMADA 1 un Para Casa Casa e Utilidades Utilidades Domésticas","Para Casa","EAN/GTIN: 2712739786855",3.90,98
"Água Micelar 7 em 1 NIVEA 200 ml","P-16UV","Marca: NIVEA. Categoria: Beleza e Cuidados. Tipo: Cuidados com o Rosto. Embalagem: 200ml. A Água Micelar NIVEA 7 em 1 é ideal para limpar, hidratar e tonificar a pele. Com sua fórmula suave, remove impurezas e maquiagem, deixando a pele fresca e saudável. Disponível em Cuiabá e Várzea Grande, é uma excelente opção para quem busca praticidade e cuidado diário.","Para Você","EAN/GTIN: 4005900359261",28.90,2
"Água Micelar Elseve Efeito Matte 5 em 1 200ml","489678D","Marca: Elseve. Categoria: Beleza e Cuidados. Tipo: Cuidados com o Rosto. Embalagem: 200ml. A Água Micelar Elseve Efeito Matte 5 em 1 é ideal para a rotina de cuidados com a pele do rosto. Ela ajuda a limpar, tonificar e hidratar, proporcionando um efeito matte. Perfeita para quem busca praticidade no dia a dia, é uma ótima opção para os moradores de Cuiabá e Várzea Grande que desejam manter a pele fresca e saudável.","Para Você","EAN/GTIN: 7899706180887",26.90,1
"Água Micelar Facial com Ácido Hialurônico Monange 200 ml","210555C","Marca: Monange. Categoria: Beleza e Cuidados. Tipo: Cuidados com o Rosto. Embalagem: 200ml. Água Micelar Facial com Ácido Hialurônico Monange 200 ml Monange BELEZA ROSTO ÁGUA MICELAR 200ml Para Você Beleza e Cuidados Cuidados com o Rosto","Para Você","EAN/GTIN: 7896235354345",19.90,6
"Água Micelar Tudo em 1 Garnier 400 ml","P-8EU1","Marca: Garnier. Categoria: Beleza e Cuidados. Tipo: Cuidados com o Rosto. Embalagem: 400ml. A água micelar Garnier é um produto versátil que limpa, remove maquiagem e tonifica a pele em um único passo. Ideal para o cuidado diário do rosto, ela é perfeita para quem busca praticidade na rotina de beleza. Disponível em Cuiabá e Várzea Grande, é uma escolha confiável para manter a pele fresca e limpa.","Para Você","EAN/GTIN: 7899706178129",36.90,1
"Água Micelar Vitamina C Garnier 400 ml","61954323","Marca: Garnier. Categoria: Beleza e Cuidados. Tipo: Cuidados com o Rosto. Embalagem: 400ml. A Garnier Água Micelar com Vitamina C é ideal para a limpeza da pele do rosto. Ela remove impurezas e maquiagem de forma prática, sendo uma ótima opção para quem busca agilidade na rotina de cuidados. Em Cuiabá e Várzea Grande, esse produto tem se tornado um aliado na rotina de beleza, proporcionando frescor e suavidade à pele.","Para Você","EAN/GTIN: 7899706178143",36.90,1
"Água Oxigenada Cremosa 20 volumes Farmax 90 ml","P0011","Marca: Farmax. Categoria: Cabelos. Tipo: Coloração Capilar. Embalagem: 90ml. Água Oxigenada Cremosa 20 volumes Farmax 90 ml Farmax BELEZA CABELO COLORAÇÃO CAPILAR 90ml Para Você Cabelos Coloração Capilar","Para Você","EAN/GTIN: 7896902210561",2.90,10
"Água Oxigenada Cremosa 30 volumes Farmax 90 ml","P0012","Marca: Farmax. Categoria: Cabelos. Tipo: Coloração Capilar. Embalagem: 90ml. Água Oxigenada Cremosa 30 volumes Farmax 90 ml Farmax BELEZA CABELO COLORAÇÃO CAPILAR 90ml Para Você Cabelos Coloração Capilar","Para Você","EAN/GTIN: 7896902210608",2.90,8
"Água Sanitária Cloro Ativo Girando Sol 2 L","7896404605490","Marca: Girando Sol. Categoria: Limpeza. Tipo: Água Sanitária e Cloro. Embalagem: 2L. A Água Sanitária Girando Sol Cloro Ativo 2L é um produto de limpeza multifuncional, atuando como alvejante, fungicida, bactericida, limpa limo, tira manchas e realizando limpeza pesada. Sua fórmula com cloro ativo proporciona higienização eficaz em diversos ambientes, incluindo banheiros e cozinhas. A embalagem de 2 litros é ideal para uso doméstico, oferecendo praticidade e economia.","Para Casa","EAN/GTIN: 7896404605490",7.69,3
"Água Sanitária Cloro Ativo Ypê 5 L","7896098904664","Marca: Ypê. Categoria: Limpeza. Tipo: Água Sanitária e Cloro. Embalagem: 5L. A Água Sanitária Ypê Cloro Ativo 5L é um produto de limpeza doméstica que combina cloro ativo com triplo benefício: elimina 99,9% das bactérias e fungos, remove mofo e elimina maus odores. Sua embalagem de 5 litros possui bico dosador e tampa com lacre de segurança, garantindo maior economia e segurança no uso. Além disso, é eficaz na higienização de hortifrúti e no branqueamento de roupas brancas.","Para Casa","Produto em oferta | EAN/GTIN: 7896098904664",17.90,9
"Água Sanitária Qboa 1 L","8555660962","Marca: Qboa. Categoria: Limpeza. Tipo: Água Sanitária e Cloro. Embalagem: Frasco. A água sanitária Qboa é ideal para a limpeza e desinfecção de superfícies em sua casa. Com sua fórmula eficaz, ajuda na higienização de frutas, verduras e legumes, além de combater germes e bactérias. Disponível em Cuiabá e Várzea Grande, é uma escolha prática para manter seu lar limpo e seguro.","Para Casa","EAN/GTIN: 7896083800018",4.99,101
"Água Sanitária Qboa 5 L","4805720369","Marca: Qboa. Categoria: Limpeza. Tipo: Água Sanitária e Cloro. Embalagem: Galão de 5 litros. A água sanitária Qboa é ideal para limpeza e desinfecção de superfícies, além de ser eficaz na higienização de frutas, verduras e legumes. Com sua embalagem de 5 litros, é uma opção prática para quem busca manter a casa limpa e livre de germes. Disponível na Dona Antônia, em Cuiabá e Várzea Grande, é uma escolha confiável para o dia a dia.","Para Casa","EAN/GTIN: 7896083800247",21.90,10
"Água Sanitária Vital 5 L","003999","Categoria: Limpeza. Tipo: Água Sanitária e Cloro. Embalagem: 5 Litros. A água sanitária Vital é ideal para a limpeza e desinfecção de diversos ambientes. Com sua embalagem de 5 litros, é perfeita para quem busca praticidade e eficiência na limpeza de banheiros, pisos e superfícies laváveis. Disponível na Dona Antônia, atende às necessidades de quem vive em Cuiabá e Várzea Grande.","Para Casa","Produto em oferta | EAN/GTIN: 7898963172024",12.90,79
"Água Sanitária X-14 Cloro Ativo Veja 1 L","0780020425","Marca: Veja. Categoria: Limpeza. Tipo: Água Sanitária e Cloro. Embalagem: 1000ml. O Veja Limpeza Pesada X-14 Cloro Ativo é ideal para a limpeza e desinfecção de superfícies laváveis, como azulejos e pisos. Com sua fórmula potente, ajuda a remover sujeiras difíceis e elimina germes e bactérias. Disponível em Cuiabá e Várzea Grande, é uma escolha confiável para manter sua casa limpa e saudável.","Para Casa","Produto em oferta | EAN/GTIN: 7891035250019",14.90,5
"Agulha para Desentupir Fogão Color 3 Peças","P0016","Categoria: Casa e Utilidades. Tipo: Cozinha. Embalagem: 3 Peças. A agulha para desentupir fogão é uma ferramenta essencial para a limpeza e desentupimento dos bicos de gás do seu fogão. Composta por 3 peças, é ideal para manter a eficiência do seu equipamento. Disponível na Dona Antônia, em Cuiabá e Várzea Grande, é uma opção prática e útil para o dia a dia da sua cozinha.","Para Casa","EAN/GTIN: 7891751000622",1.99,18
"Álcool 70% Anhanguera 1 L","P5909","Marca: Anhanguera. Categoria: Limpeza. Tipo: Álcool de Limpeza. Embalagem: 1 litro. Álcool 70% Anhanguera 1 L Anhanguera LIMPEZA ÁLCOOL ÁLCOOL DE LIMPEZA 1 litro Para Casa Limpeza Álcool de Limpeza","Para Casa","EAN/GTIN: 7898172662422",9.90,4
"Álcool Enxaguante Bucal Listerine Cool Mint sem 500ml","679766B","Marca: Listerine. Categoria: Higiene Pessoal. Tipo: Higiene Bucal. Embalagem: 500ml. Álcool Enxaguante Bucal Listerine Cool Mint sem 500ml Listerine LIMPEZA ÁLCOOL ÁLCOOL DE LIMPEZA 500ml Para Você Higiene Pessoal Higiene Bucal","Para Você","EAN/GTIN: 7891010256753",18.90,5
"Alecrim Lida Real Sabor 20g","7899767335004","Marca: Real sabor. Categoria: Mercearia. Tipo: Temperos. Embalagem: 20g. Alecrim desidratado da marca Lida Real Sabor, embalagem em pacote, EAN 7899767335004. Usado para temperar carnes, legumes, sopas e molhos, combinando bem com frango e batata assada. Ingredientes: Alecrim desidratado. Não contém glúten. Manter em local arejado, seco e fresco.","Para Casa","EAN/GTIN: 7899767335004",1.89,5
"Alfacell Aparelho de Barbear Azul - 2 uidades","P339","Marca: Alfacell. Categoria: Higiene Pessoal. Tipo: Barba e Depilação. Embalagem: 2 Laminas. Alfacell Aparelho de Barbear Azul - 2 uidades Alfacell HIGIENE BARBEARIA BARBEADOR E LÂMINA 2 Laminas Para Você Higiene Pessoal Barba e Depilação","Para Você","EAN/GTIN: 7899790949896",2.90,1
"Alfacell Aparelho de Barbear Rosa - 2 unidades","P340","Marca: Alfacell. Categoria: Higiene Pessoal. Tipo: Barba e Depilação. Embalagem: 2 Laminas. Alfacell Aparelho de Barbear Rosa - 2 unidades Alfacell HIGIENE BARBEARIA BARBEADOR E LÂMINA 2 Laminas Para Você Higiene Pessoal Barba e Depilação","Para Você","EAN/GTIN: 7899790949889",2.90,1
"Alho Cebola e Salsa Lida Real Sabor Pacote 10g","7899767334977","Marca: Real sabor. Categoria: Mercearia. Tipo: Temperos. Embalagem: 10g. A combinação de cebola, alho e salsa traz praticidade para a rotina, pois reúne itens muito utilizados na culinária.","Para Casa","EAN/GTIN: 7899767334977",1.89,5
"Alho Frito Itapero 30 g","7895639000032","Marca: Itapero. Categoria: Mercearia. Tipo: Temperos. Embalagem: 30g. Alho frito granulado da marca Itapero, embalagem de 30g, EAN 7895639000032. Ingredientes: alho, amido de milho, óleo de palma. NÃO CONTÉM GLÚTEN, NÃO CONTÉM GMO. Conservar em local limpo, seco e arejado.","Para Casa","EAN/GTIN: 7895639000032",1.89,3
"Almôndegas ao Molho Anglo 420 g","55222885","Marca: Anglo. Categoria: Mercearia. Tipo: Enlatados e Conservas. Embalagem: 420g. Almôndegas ao Molho Anglo 420 g Anglo MERCEARIA BÁSICA ENLATADOS CONSERVAS E ENLATADOS 420g Para Casa Mercearia Enlatados e Conservas","Para Casa","EAN/GTIN: 7896037514848",19.90,6
"Amaciante Aconchego Ypê 2 L","P0018","Marca: Ypê. Categoria: Lavanderia. Tipo: Amaciantes. Embalagem: 2L. Amaciante Aconchego Ypê 2 L Ypê LAVANDERIA AMACIANTE AMACIANTE DE ROUPAS 2L Para Casa Lavanderia Amaciantes","Para Casa","EAN/GTIN: 2789609890240",11.90,101
"Amaciante Concentrado 36 Segredos Comfort 1,5 L","8015030486","Marca: Comfort. Categoria: Lavanderia. Tipo: Amaciantes. Embalagem: 1,5L. Amaciante Concentrado 36 Segredos Comfort 1,5 L Comfort LAVANDERIA AMACIANTE AMACIANTE CONCENTRADO 1,5L Para Casa Lavanderia Amaciantes","Para Casa","Produto em oferta | EAN/GTIN: 7891150093775",27.90,6
"Amaciante Concentrado Água Fresca Downy 1,5 L","P-R2YA","Marca: Downy. Categoria: Lavanderia. Tipo: Amaciantes. Embalagem: 1,5 Litro. Amaciante Concentrado Água Fresca Downy 1,5 L Downy LAVANDERIA AMACIANTE AMACIANTE CONCENTRADO 1,5 Litro Para Casa Lavanderia Amaciantes","Para Casa","Produto em oferta | EAN/GTIN: 7500435153898",27.89,3
"Amaciante Concentrado Azul Tudão Fofo 1,5 L","P-03YS","Marca: Fofo. Categoria: Lavanderia. Tipo: Amaciantes. Embalagem: 1,5 LITRO. Amaciante Concentrado Azul Tudão Fofo 1,5 L Fofo LAVANDERIA AMACIANTE AMACIANTE CONCENTRADO 1,5 LITRO Para Casa Lavanderia Amaciantes","Para Casa","EAN/GTIN: 7891150090842",28.90,4
"Amaciante Concentrado Brisa de Verão Downy 3 L","7500435156547","Marca: Downy. Categoria: Lavanderia. Tipo: Amaciantes. Embalagem: 3L. O Downy Amaciante Perfume de Alta Fixação e Duração Brisa de Verão 3L é um amaciante concentrado que proporciona fragrância duradoura e maciez às roupas. Sua fórmula com cápsulas de perfume libera notas de flores brancas e frutas cítricas a cada toque, mantendo as roupas perfumadas o dia todo. Além disso, protege contra maus odores, incluindo fumaça, cheiro de fritura e peixe, e facilita o processo de passar roupas. A embalagem de 3L rende até 132 lavagens, equivalente a 12L de amaciante diluído.","Para Casa","Produto em oferta | EAN/GTIN: 7500435156547",44.90,4
"Amaciante Concentrado Brisa de Verão Downy 500 ml","P2","Marca: Downy. Categoria: Lavanderia. Tipo: Amaciantes. Embalagem: 500ml. Amaciante Concentrado Brisa de Verão Downy 500 ml Downy LAVANDERIA AMACIANTE AMACIANTE CONCENTRADO 500ml Para Casa Lavanderia Amaciantes","Para Casa","EAN/GTIN: 7506195143834",15.90,2
"Amaciante Concentrado Brisa Elegante Comfort 1,5 L","508089A","Marca: Comfort. Categoria: Lavanderia. Tipo: Amaciantes. Embalagem: 1,5L. Amaciante Concentrado Brisa Elegante Comfort 1,5 L Comfort LAVANDERIA AMACIANTE AMACIANTE CONCENTRADO 1,5L Para Casa Lavanderia Amaciantes","Para Casa","EAN/GTIN: 7891150080010",29.90,4
"Amaciante Concentrado Brisa Suave Downy 3 L","P-9KFD","Marca: Downy. Categoria: Lavanderia. Tipo: Amaciantes. Embalagem: 3L. Amaciante Concentrado Brisa Suave Downy 3 L Downy LAVANDERIA AMACIANTE AMACIANTE CONCENTRADO 3L Para Casa Lavanderia Amaciantes","Para Casa","EAN/GTIN: 7500435243636",49.90,4
"Amaciante Concentrado Explosão de Lavanda Comfort 1,5 L","8479110634","Marca: Comfort. Categoria: Lavanderia. Tipo: Amaciantes. Embalagem: 1,5L. Amaciante Concentrado Explosão de Lavanda Comfort 1,5 L Comfort LAVANDERIA AMACIANTE AMACIANTE CONCENTRADO 1,5L Para Casa Lavanderia Amaciantes","Para Casa","EAN/GTIN: 7891150090903",29.90,3
"Amaciante Concentrado Frescor da Primavera Downy 1,5 L","P43","Marca: Downy. Categoria: Lavanderia. Tipo: Amaciantes. Embalagem: Unidade. Amaciante Concentrado Frescor da Primavera Downy 1,5 L Downy LAVANDERIA AMACIANTE AMACIANTE CONCENTRADO Unidade Para Casa Lavanderia Amaciantes","Para Casa","EAN/GTIN: 7500435153867",29.90,4
"Amaciante Concentrado Frescor de Primavera Downy 500 ml","P3","Marca: Downy. Categoria: Lavanderia. Tipo: Amaciantes. Embalagem: 500ml. Amaciante Concentrado Frescor de Primavera Downy 500 ml Downy LAVANDERIA AMACIANTE AMACIANTE CONCENTRADO 500ml Para Casa Lavanderia Amaciantes","Para Casa","EAN/GTIN: 7506195143872",15.90,3
"Amaciante Concentrado Lírios do Campo Downy 3 L","4590130410","Marca: Downy. Categoria: Lavanderia. Tipo: Amaciantes. Embalagem: 3L. Amaciante Concentrado Lírios do Campo Downy 3 L Downy LAVANDERIA AMACIANTE AMACIANTE CONCENTRADO 3L Para Casa Lavanderia Amaciantes","Para Casa","EAN/GTIN: 7500435156554",49.90,3
"Amaciante Concentrado Lírios do Campo Downy 500 ml","P25202","Marca: Downy. Categoria: Lavanderia. Tipo: Amaciantes. Embalagem: 500ml. Amaciante Concentrado Lírios do Campo Downy 500 ml Downy LAVANDERIA AMACIANTE AMACIANTE CONCENTRADO 500ml Para Casa Lavanderia Amaciantes","Para Casa","EAN/GTIN: 7506195143858",15.90,1
"Amaciante Concentrado Perfume Sofisticado Downy 3 L","3826400296","Marca: Downy. Categoria: Lavanderia. Tipo: Amaciantes. Embalagem: 3L. Amaciante Concentrado Perfume Sofisticado Downy 3 L Downy LAVANDERIA AMACIANTE AMACIANTE CONCENTRADO 3L Para Casa Lavanderia Amaciantes","Para Casa","EAN/GTIN: 7500435186858",49.90,2
"Amaciante Concentrado Puro Cuidado Comfort 1,5 L","816534J","Marca: Comfort. Categoria: Lavanderia. Tipo: Amaciantes. Embalagem: 1,5L. Amaciante Concentrado Puro Cuidado Comfort 1,5 L Comfort LAVANDERIA AMACIANTE AMACIANTE CONCENTRADO 1,5L Para Casa Lavanderia Amaciantes","Para Casa","EAN/GTIN: 7891150065154",29.90,5
"Amaciante Concentrado Seiva de Alfazema Downy 1,5 L","P45","Marca: Downy. Categoria: Lavanderia. Tipo: Amaciantes. Embalagem: 1,5L. Amaciante Concentrado Seiva de Alfazema Downy 1,5 L Downy LAVANDERIA AMACIANTE AMACIANTE CONCENTRADO 1,5L Para Casa Lavanderia Amaciantes","Para Casa","EAN/GTIN: 7500435252218",29.90,11
"Amaciante Concentrado Vero Tropical Downy 3 L","3319020659","Marca: Downy. Categoria: Lavanderia. Tipo: Amaciantes. Embalagem: 3L. Amaciante Concentrado Vero Tropical Downy 3 L Downy LAVANDERIA AMACIANTE AMACIANTE CONCENTRADO 3L Para Casa Lavanderia Amaciantes","Para Casa","EAN/GTIN: 7500435259569",49.90,2
"Amaciante de Roupas Azul Girando Sol 2 L","P-MM2Y","Marca: Girando Sol. Categoria: Lavanderia. Tipo: Amaciantes. Embalagem: 2 LITROS. Amaciante de Roupas Azul Girando Sol 2 L Girando Sol LAVANDERIA AMACIANTE AMACIANTE DE ROUPAS 2 LITROS Para Casa Lavanderia Amaciantes","Para Casa","EAN/GTIN: 7896404600099",11.90,5
"Amaciante de Roupas Carinhoso Remmus 2 L","2380250848","Marca: Remmus. Categoria: Lavanderia. Tipo: Amaciantes. Embalagem: 2 Litros. O amaciante Remmus Proteo Carinhoso é ideal para deixar suas roupas macias e com um toque suave. Com sua embalagem de 2 litros, é perfeito para quem busca praticidade no dia a dia. Disponível na Dona Antônia, em Cuiabá e Várzea Grande, ele proporciona um cuidado especial para suas peças. Experimente e sinta a diferença no seu enxoval.","Para Casa","EAN/GTIN: 7898964012114",7.90,2
"Amaciante de Roupas Carinhoso Remmus 5L","7898964012282","Marca: Remmus. Categoria: Lavanderia. Tipo: Amaciantes. Embalagem: 5L. O Amaciante de Roupas Carinhoso Remmus 5L proporciona maciez e fragrância delicada às roupas, facilitando o processo de passar e deixando-as mais agradáveis ao toque. Sua fórmula é especialmente desenvolvida para amaciar e perfumar tecidos, oferecendo um cuidado especial às roupas do dia a dia.","Para Casa","EAN/GTIN: 7898964012282",12.90,2
"Amaciante de Roupas Clássico Mon Bijou 1,7 L","3560820971","Marca: Mon Bijou. Categoria: Lavanderia. Tipo: Amaciantes. Embalagem: 1,7 litros. Amaciante de Roupas Clássico Mon Bijou 1,7 L Mon Bijou LAVANDERIA AMACIANTE AMACIANTE DE ROUPAS 1,7 litros Para Casa Lavanderia Amaciantes","Para Casa","EAN/GTIN: 7891022860450",9.90,1
"Amaciante de Roupas Concentrado Segredos 10 Bridgerton Comfort 1,5 L","7891150105850","Marca: Comfort. Categoria: Lavanderia. Tipo: Amaciantes. Embalagem: 1,5L. O Comfort Segredos 10 Bridgerton é um amaciante de roupas concentrado de 1,5L, edição especial inspirada na série Bridgerton. Sua fragrância floral intensa, desenvolvida com mais de 50 ingredientes da perfumaria fina, proporciona uma experiência olfativa sofisticada e duradoura. A fórmula concentrada rende até 67 lavagens, equivalente a 6L de amaciante comum, e protege as cores e fibras dos tecidos, mantendo as roupas como novas por mais tempo.","Para Casa","EAN/GTIN: 7891150105850",29.90,4
"Amaciante de Roupas Rosas e Lavanda Concentrado Girando Sol 2 L","7896404600181","Marca: Girando Sol. Categoria: Lavanderia. Tipo: Amaciantes. Embalagem: 2L. Amaciante de roupas concentrado com fragrância de Rosas e Lavanda, proporciona toque macio e suave, dermatologicamente testado, rende até 25 lavagens.","Para Casa","EAN/GTIN: 7896404600181",11.90,6
"Amaciante de Roupas Soft Azul Minuano 2 L","P-V2EF","Marca: Minuano. Categoria: Lavanderia. Tipo: Amaciantes. Embalagem: 2 LITROS. Amaciante de Roupas Soft Azul Minuano 2 L Minuano LAVANDERIA AMACIANTE AMACIANTE DE ROUPAS 2 LITROS Para Casa Lavanderia Amaciantes","Para Casa","EAN/GTIN: 7897664150010",10.90,1
"Amaciante de Roupas Ultra Primavera Ypê 2 L","7896098902417","Marca: Ypê. Categoria: Lavanderia. Tipo: Amaciantes. Embalagem: 2L. O Amaciante de Roupas Ypê Ultra Primavera 2L proporciona maciez e perfume duradouro às roupas, graças à sua fórmula com Ação TecnoSoft e cápsulas de perfume que se incorporam às fibras durante a lavagem, permanecendo nas roupas após dias na gaveta. Sua embalagem de 2 litros rende aproximadamente 33 lavagens, oferecendo praticidade e economia. Ideal para quem busca um cuidado especial com as roupas do dia a dia.","Para Casa","EAN/GTIN: 7896098902417",12.90,3
"Amaciante de Roupas Ultra Ypê 5 L","7896098905401","Marca: Ypê. Categoria: Lavanderia. Tipo: Amaciantes. Embalagem: 5L. O Amaciante de Roupas Ypê Ultra 5L proporciona perfume de longa duração e rende mais 6,8L, permitindo até 83 lavagens. Sua fórmula concentrada amacia os tecidos e facilita o processo de passar roupas. Ideal para uso doméstico, é adequado para diversos tipos de tecidos, incluindo algodão e poliéster.","Para Casa","EAN/GTIN: 7896098905401",23.90,4
"Amaciante de Roupas Vigor da Natureza Girando Sol 2 L","1786802360966_7991","Marca: Girando Sol. Categoria: Lavanderia. Tipo: Amaciantes. Embalagem: 2L. O Amaciante de Roupas Girando Sol Sensações Vigor da Natureza, com 2L, proporciona roupas frescas o dia todo, graças à sua fórmula com cápsulas ativas que liberam fragrância ao longo do dia. Dermatologicamente testado e biodegradável, é seguro para todos os tipos de tecido e não realiza testes em animais.","Para Casa","",11.90,1
"Ameixa Seca sem Semente Vale Fértil Sachê 80 g","P-61JL","Marca: Vale Fértil. Categoria: Mercearia. Tipo: Confeitaria. Embalagem: 80g. Ameixa Seca sem Semente Vale Fértil Sachê 80 g Vale Fértil CONFEITARIA DOCES E INGREDIENTES FRUTAS SECAS 80g Para Casa Mercearia Confeitaria","Para Casa","EAN/GTIN: 7896272010556",8.90,4
"Ameixa Seca Tozzi 70 g","tozzi.ameixaseca.70","Marca: Tozzi. Categoria: Mercearia. Tipo: Confeitaria. Embalagem: 70g. A ameixa seca Tozzi é uma opção prática e saborosa para quem busca um lanche saudável. Ideal para consumo direto ou em receitas, ela traz um toque especial aos pratos. Disponível na Dona Antônia, em Cuiabá e Várzea Grande, é uma escolha que combina sabor e nutrição.","Para Casa","EAN/GTIN: 7898598811312",7.90,4
"Amido de Milho Apti 200 g","6762770872","Marca: Apti. Categoria: Mercearia. Tipo: Farinhas. Embalagem: 200g. Amido de Milho Apti 200 g Apti MERCEARIA BÁSICA FARINHAS FARINHAS E DERIVADOS 200g Para Casa Mercearia Farinhas","Para Casa","Produto em oferta | EAN/GTIN: 7896327512615",3.90,10
"Amido de Milho Kimimo Sinhá 200 g","1010990875","Marca: Sinhá. Categoria: Mercearia. Tipo: Farinhas. Embalagem: 200g. Amido de Milho Kimimo Sinhá 200 g Sinhá MERCEARIA BÁSICA FARINHAS FARINHAS E DERIVADOS 200g Para Casa Mercearia Farinhas","Para Casa","Produto em oferta | EAN/GTIN: 7896490288812",3.90,1
"Aparador de Porta Plástico Color 9,5 cm","P338","Categoria: Casa e Utilidades. Tipo: Utilidades Domésticas. Embalagem: 9,5cm. Aparador de Porta Plástico Color 9,5 cm UTENSÍLIOS E UTILIDADES CASA UTILIDADE DOMÉSTICA 9,5cm Para Casa Casa e Utilidades Utilidades Domésticas","Para Casa","EAN/GTIN: 7898930468389",7.50,2
"Aparelho de Barbear Descartável Prestobarba Cabeça Móvel Gillette 1 un","P0022","Marca: Gillette. Categoria: Higiene Pessoal. Tipo: Barba e Depilação. Embalagem: Unidade. O aparelho de barbear descartável Gillette Prestobarba com cabeça móvel é ideal para um barbear confortável e eficiente. Com lâminas de longa duração e fita lubrificante, ele proporciona um deslizar suave na pele. Disponível na Dona Antônia, em Cuiabá e Várzea Grande, é uma escolha prática para o seu dia a dia.","Para Você","EAN/GTIN: 7500435186698",3.90,23
"Aparelho de Barbear Prestobarba Cabeça Fixa Gillette","P0021","Marca: Gillette. Categoria: Higiene Pessoal. Tipo: Barba e Depilação. Embalagem: Unidade. Aparelho de Barbear Prestobarba Cabeça Fixa Gillette Gillette HIGIENE BARBEARIA BARBEADOR E LÂMINA Unidade Para Você Higiene Pessoal Barba e Depilação","Para Você","EAN/GTIN: 7500435154420",3.90,10
"Aparelho de Barbear Probak II 1 un","P0023","Marca: Probak. Categoria: Higiene Pessoal. Tipo: Barba e Depilação. Embalagem: Unidade. Aparelho de Barbear Probak II 1 un Probak HIGIENE BARBEARIA BARBEADOR E LÂMINA Unidade Para Você Higiene Pessoal Barba e Depilação","Para Você","EAN/GTIN: 17500435027776",1.39,28
"Aparelho de Barbear Sensitive BIC 1 un","P0020","Marca: BIC. Categoria: Higiene Pessoal. Tipo: Barba e Depilação. Embalagem: 1 unidade. Aparelho de Barbear Sensitive BIC 1 un BIC HIGIENE BARBEARIA BARBEADOR E LÂMINA 1 unidade Para Você Higiene Pessoal Barba e Depilação","Para Você","",1.50,73
"Aromatizador de Ambiente Aerossol Lavanda Puro Ar 250 ml","7899674039378","Categoria: Limpeza. Tipo: Aromatizadores e Ambiente. Embalagem: 250 ml. O Puro Ar Lavanda 250 ml é um aromatizador de ambiente em formato aerosol, desenvolvido para eliminar odores indesejados e proporcionar uma fragrância suave de lavanda. Sua embalagem de 250 ml oferece praticidade e durabilidade, sendo ideal para uso em diversos ambientes como salas, banheiros e escritórios. A aplicação é simples: basta agitar antes de usar e pulverizar no ar, evitando contato com superfícies sensíveis.","Para Casa","EAN/GTIN: 7899674039378",14.90,8
"Aromatizador de Ambiente Capim-Limão Puro Ar 250 ml","7899674039354","Categoria: Limpeza. Tipo: Aromatizadores e Ambiente. Embalagem: 250ml. O Puro Ar Capim Limão 250ml é um aromatizador de ambiente da linha Puro Ar, desenvolvido para refrescar e perfumar o ambiente com a fragrância cítrica e refrescante do capim-limão. Sua embalagem de 250ml é ideal para uso em banheiros, quartos, salas e escritórios, proporcionando uma sensação de frescor e bem-estar. Recomenda-se pulverizar o produto no ar, evitando direcionar sobre pessoas, plantas, animais, alimentos, paredes, tecidos, chamas ou superfícies aquecidas.","Para Casa","EAN/GTIN: 7899674039354",9.49,2
"Arroz Branco Tipo 1 Koblenz 5 kg","P500","Marca: Koblenz. Categoria: Mercearia. Tipo: Arroz. Embalagem: 5kg. O arroz branco tipo 1 da marca Koblenz é uma excelente opção para suas refeições diárias. Ideal para preparar almoços e jantares, ele traz praticidade e sabor à sua mesa. Disponível em Cuiabá e Várzea Grande, é um produto confiável para quem busca qualidade na mercearia básica.","Para Casa","EAN/GTIN: 7896038342037",26.50,101
"Arroz Parboilizado Integral 8 Saquinhos Urbano 1 kg","P-M5CK","Marca: Urbano. Categoria: Mercearia. Tipo: Arroz. Embalagem: 1kg. Arroz Parboilizado Integral 8 Saquinhos Urbano 1 kg Urbano MERCEARIA BÁSICA ARROZ ARROZ BRANCO E ESPECIAL 1kg Para Casa Mercearia Arroz","Para Casa","EAN/GTIN: 7896038308484",8.90,2
"Arroz Parboilizado Tipo 1 Urbano 1 kg","P-4P8E","Marca: Urbano. Categoria: Mercearia. Tipo: Arroz. Embalagem: 1 kg. Arroz Parboilizado Tipo 1 Urbano 1 kg Urbano MERCEARIA BÁSICA ARROZ ARROZ BRANCO E ESPECIAL 1 kg Para Casa Mercearia Arroz","Para Casa","EAN/GTIN: 7896038306053",7.90,7
"Arroz Parboilizado Urbano Seleção Especial 5 kg","7896038306039","Marca: Urbano. Categoria: Mercearia. Tipo: Arroz. Embalagem: 5 kg. O Arroz Parboilizado Urbano Seleção Especial 5 kg é um arroz de grãos longos e finos, submetido ao processo de parboilização que preserva nutrientes e confere maior solidez ao grão. Embalado em pacote plástico de 5 kg, é ideal para famílias que buscam praticidade e qualidade nas refeições. A embalagem destaca a seleção especial, indicando grãos de alta qualidade e uniformidade. O arroz é livre de glúten, sendo uma opção segura para celíacos e pessoas com intolerância. Além disso, o processo de parboilização reduz o tempo de cozimento, resultando em um arroz soltinho e saboroso.","Para Casa","Produto em oferta | EAN/GTIN: 7896038306039",26.90,6
"Arroz Tio Bonini Unidade 5kg","P440","Marca: Tio Alvino. Categoria: Mercearia. Tipo: Arroz. Embalagem: Unidade. Arroz Tio Bonini Unidade 5kg Tio Alvino MERCEARIA BÁSICA ARROZ ARROZ BRANCO E ESPECIAL Unidade Para Casa Mercearia Arroz","Para Casa","EAN/GTIN: 7898125370015",21.90,101
"Azeite de Oliva Extra Virgem Allegro 500 ml","allegro.azeite.500","Marca: Allegro. Categoria: Mercearia. Tipo: Azeites. Embalagem: Vidro 500ml. O azeite de oliva extra virgem Allegro é uma excelente opção para temperar saladas e finalizar pratos quentes. Ideal para quem aprecia um toque especial na culinária, ele também pode ser degustado com pão. Disponível na Dona Antônia, em Cuiabá e Várzea Grande, é uma escolha prática e saborosa para o seu dia a dia.","Para Casa","EAN/GTIN: 6194017200509",31.90,7
"Azeite de Oliva Extra Virgem Castelo 500 ml","7896048284129","Marca: Castelo. Categoria: Mercearia. Tipo: Azeites. Embalagem: 500 ml. O Azeite de Oliva Extra Virgem Castelo 500 ml é produzido em Portugal, extraído a frio de azeitonas maduras e selecionadas, garantindo sabor frutado e leve picância persistente. Embalado em garrafa de vidro, possui acidez de 0,5%, ideal para temperar massas, risotos, saladas, queijos delicados, pescados, frutos-do-mar e legumes salteados.","Para Casa","EAN/GTIN: 7896048284129",32.90,7
"Azeite Extra Virgem Andorinha 250 ml","andorinha.azeite.500","Marca: Andorinha. Categoria: Mercearia. Tipo: Azeites. Embalagem: 250ml. O Azeite Extra Virgem Andorinha é ideal para temperar saladas, grelhados e pratos do dia a dia. Com um sabor marcante, ele é uma excelente opção para quem busca qualidade na cozinha. Disponível na Dona Antônia, em Cuiabá e Várzea Grande, esse azeite traz um toque especial às suas receitas.","Para Casa","EAN/GTIN: 5601216120053",33.90,4
"Azeite Extra Virgem Gallo 250 ml","gallo.azeite.250","Marca: Gallo. Categoria: Mercearia. Tipo: Azeites. Embalagem: Garrafa de vidro de 250ml. Azeite extra virgem ideal para temperos e receitas do dia a dia.","Para Casa","EAN/GTIN: 5601252102433",25.90,2
"Azeite Suave Gallo 500ml","gallo.azeite.500","Marca: Gallo. Categoria: Mercearia. Tipo: Azeites. Embalagem: Vidro 500ml. Azeite suave ideal para temperos e receitas do dia a dia.","Para Casa","EAN/GTIN: 5601252106103",25.90,2
"Azeitona Verde com Caroço Rivoli 100 g","rivoli.azeitona.100","Marca: Rivoli. Categoria: Mercearia. Tipo: Enlatados e Conservas. Embalagem: 100g. A azeitona verde com caroço da marca Vale Fértil é uma excelente opção para quem busca sabor e praticidade. Ideal para ser consumida como aperitivo, em saladas, molhos e pratos principais, ela traz um toque especial às suas refeições. Disponível em Cuiabá e Várzea Grande, é uma escolha confiável para o seu dia a dia.","Para Casa","EAN/GTIN: 7896183003821",3.49,16
"Azeitona Verde Fatiada Rivoli 80 g Sachê","rivoli.azeitonafatiada.80","Marca: Rivoli. Categoria: Mercearia. Tipo: Enlatados e Conservas. Embalagem: Sachê de 80g. A azeitona verde fatiada da marca Rivoli é uma opção prática e saborosa para suas refeições. Ideal para ser consumida como aperitivo, em saladas, molhos e pratos principais, ela traz um toque especial ao seu dia a dia. Disponível em Cuiabá e Várzea Grande, é uma escolha confiável para quem busca qualidade e sabor.","Para Casa","EAN/GTIN: 7896183000097",4.49,10
"Bala de Gelatina Amoras Fini 15 g","7896451912909","Marca: Fini. Categoria: Mercearia. Tipo: Balas e Chicletes. Embalagem: 15g. Gelatines Amoras 15g da Docile são balas de gelatina em formato de mini amoras, nas cores preta e vermelha, com sabor de frutas vermelhas e blueberry. As balas são compostas por xarope de glicose, açúcar, gelatina, corantes artificiais e aromatizantes, não contendo glúten.","Para Casa","EAN/GTIN: 7896451912909",1.69,11
"Bala de Gelatina Amorás Sabor Amora Fini 15 g","7898591450648","Marca: Fini. Categoria: Mercearia. Tipo: Balas e Chicletes. Embalagem: 15g. As Fini Balas Amorás Sabor Amora 15g são balas de gelatina com formato de amora, nas cores vermelha e preta, oferecendo um sabor autêntico de amora. A embalagem de 15g contém unidades individuais, ideais para consumo imediato. A nova fórmula destaca-se por ser alto em açúcar adicionado, proporcionando uma experiência doce e intensa.","Para Casa","EAN/GTIN: 7898591450648",1.79,10
"Bala de Gelatina Azedinhos Coloridos Fini 15 g","fini010101","Marca: Fini. Categoria: Mercearia. Tipo: Balas e Chicletes. Embalagem: 15g. As Balas Regaliz Tubes da Fini são uma deliciosa opção para quem aprecia um sabor único e divertido. Com três cores vibrantes, elas são perfeitas para animar qualquer momento do dia. Disponíveis na Dona Antônia, em Cuiabá e Várzea Grande, essas balas são ideais para compartilhar com amigos ou saborear sozinho.","Para Casa","EAN/GTIN: 7898591459498",1.69,10
"Bala de Gelatina Azedinhos Morango e Laranja Fini 15 g","547849-COPIA-60152","Marca: Fini. Categoria: Mercearia. Tipo: Balas e Chicletes. Embalagem: 15g. A bala de gelatina Fini Azedinhos combina os sabores de morango e laranja, proporcionando uma experiência divertida e saborosa. Ideal para lanches, festas ou para compartilhar com amigos, esse produto é uma ótima opção para alegrar o seu dia a dia. A Dona Antônia disponibiliza essa delícia em Cuiabá e Várzea Grande.","Para Casa","EAN/GTIN: 7898591454561",1.69,12
"Bala de Gelatina Fini 15g Azedinhos Morango e Nata","547849","Marca: Fini. Categoria: Mercearia. Tipo: Balas e Chicletes. Embalagem: 15g. A Bala Fini Regaliz Tubes é uma opção deliciosa para quem busca um doce saboroso e divertido. Com a combinação de morango e laranja, essas balas são perfeitas para alegrar o seu dia a dia. Ideal para compartilhar com amigos ou saborear em momentos de lazer, a Dona Antônia oferece esse produto em Cuiabá e Várzea Grande.","Para Casa","EAN/GTIN: 7898279799823",1.69,10
"Bala de Gelatina Fini 15g Beijos Morango e Nata","P0032","Marca: Fini. Categoria: Mercearia. Tipo: Balas e Chicletes. Embalagem: 15g. A Bala Gelatina Beijo de Morango da Fini é uma deliciosa opção para quem busca um doce saboroso e divertido. Ideal para momentos de descontração, essas balas são perfeitas para compartilhar com amigos ou saborear sozinho. Disponível em Cuiabá e Várzea Grande, é uma escolha que agrada a todos os paladares.","Para Casa","EAN/GTIN: 7898591450662",1.69,12
"Bala de Gelatina Fini 15g Dentaduras","P0033","Marca: Fini. Categoria: Mercearia. Tipo: Balas e Chicletes. Embalagem: 15g. A Bala Gelatina Dentadura da Fini é uma opção divertida e saborosa para quem gosta de doces. Ideal para momentos de descontração, essa bala é perfeita para compartilhar com amigos e familiares em Cuiabá e Várzea Grande. Experimente essa delícia e traga um toque de alegria ao seu dia a dia.","Para Casa","EAN/GTIN: 7898591450600",1.69,12
"Bala de Gelatina Fini 15g Maça do Amor","189864N","Marca: Fini. Categoria: Mercearia. Tipo: Balas e Chicletes. Embalagem: 15g. Deliciosa goma de mascar de morango, perfeita para momentos de descontração.","Para Casa","EAN/GTIN: 7898591459528",1.69,12
"Bala de Gelatina Minhocas Fini 15 g","7898591450709","Marca: Fini. Categoria: Mercearia. Tipo: Balas e Chicletes. Embalagem: 15g. As balas gelatinosas Minhocas da Fini são uma deliciosa opção para quem busca um doce divertido e saboroso. Perfeitas para alegrar o dia a dia, essas balas são ideais para compartilhar com amigos e familiares em Cuiabá e Várzea Grande. Experimente essa guloseima que traz um toque de nostalgia e sabor a cada mordida.","Para Casa","EAN/GTIN: 7898591450709",1.69,12
"Bala de Gelatina Morango e Nata Fini 15 g","7898591459511","Marca: Fini. Categoria: Mercearia. Tipo: Balas e Chicletes. Embalagem: 15g. A Bala Fini Regaliz Tubes Morango/Nata é uma deliciosa opção para quem aprecia um sabor único e marcante. Ideal para momentos de descontração, essa bala é perfeita para compartilhar com amigos ou saborear sozinho. Disponível em Cuiabá e Várzea Grande, é uma escolha que agrada a todos os paladares.","Para Casa","EAN/GTIN: 7898591459511",1.69,8
"Bala de Gelatina Tubos Tutti-frutti Fini 15 g","7898591459474","Marca: Fini. Categoria: Mercearia. Tipo: Balas e Chicletes. Embalagem: 15g. A Bala Fini Regaliz Tubes Tutti Frutti é uma opção divertida e saborosa para quem gosta de doces. Ideal para momentos de descontração, essa bala pode ser consumida em festas, reuniões ou simplesmente para adoçar o dia. Disponível na Dona Antônia, em Cuiabá e Várzea Grande, é uma escolha que agrada a todos os paladares.","Para Casa","EAN/GTIN: 7898591459474",1.69,9
"Bala Drops Cereja Halls 28 g","P528","Marca: Halls. Categoria: Mercearia. Tipo: Balas e Chicletes. Embalagem: 28g. Os Halls Drops de cereja são uma opção refrescante para quem busca um alívio para a garganta. Perfeitos para o dia a dia, podem ser consumidos em qualquer lugar, seja em Cuiabá ou Várzea Grande. Experimente essa combinação de sabor e frescor que a Dona Antônia oferece em sua seleção de produtos.","Para Casa","EAN/GTIN: 78938793",2.50,5
"Balão Ideatex Liso N.7 Sortido Unidade","P0035","Marca: Ideatex. Categoria: Casa e Utilidades. Tipo: Festas e Descartáveis. Embalagem: Unidade. Balão Ideatex Liso N.7 Sortido Unidade Ideatex BALAS E CHICLETES BALAS BALAS E GOMAS Unidade Para Casa Casa e Utilidades Festas e Descartáveis","Para Casa","EAN/GTIN: 7896491404457",8.50,10
"Balde de Pipoca Plástico 18 cm","P342","Categoria: Casa e Utilidades. Tipo: Utilidades Domésticas. Embalagem: 18cm aLura. O balde de pipoca plástico aLura é ideal para servir pipoca em sessões de cinema em casa ou em festas temáticas. Com 18cm de altura, ele é prático e versátil, perfeito para eventos escolares e lembrancinhas de festa. A Dona Antônia oferece esse produto em Cuiabá e Várzea Grande, garantindo uma opção divertida para suas guloseimas.","Para Casa","EAN/GTIN: 7899850332200",12.90,5
"Balde Plástico 7,5 L","55750237","Categoria: Casa e Utilidades. Tipo: Utilidades Domésticas. Embalagem: Unidade. O balde plástico é ideal para armazenamento e transporte de líquidos, além de ser uma ótima opção para limpeza doméstica. Com sua versatilidade, ele se adapta a diversas necessidades, seja na lavanderia ou em tarefas do dia a dia. A Dona Antônia oferece este produto prático e funcional para facilitar sua rotina em Cuiabá e Várzea Grande.","Para Casa","EAN/GTIN: 7896355700510",8.90,4
"Balde Preto com Alça de Ferro 6 L","7898717560107","Categoria: Limpeza. Tipo: Acessórios de Limpeza. Embalagem: 6 litros. Balde preto de 6 litros com alça de ferro, fabricado em plástico resistente, ideal para diversas utilidades como limpeza e transporte de líquidos. Medidas aproximadas: 23 cm de diâmetro e 20 cm de altura.","Para Casa","Produto em oferta | EAN/GTIN: 7898717560107",5.90,6
"Barra de Cereais Bri/Ave/Choc Naturale 25 g","P0036","Marca: Naturale. Categoria: Mercearia. Tipo: Cereais e Barras. Embalagem: 25g. Barra de Cereais Bri/Ave/Choc Naturale 25 g Naturale CAFÉ DA MANHÃ CAFÉ CAFÉ TORRADO E MOÍDO 25g Para Casa Mercearia Cereais e Barras","Para Casa","EAN/GTIN: 7898055420408",1.50,12
"Barra de cereais Coco com chocolate Trio 20 g","P0042","Marca: Trio. Categoria: Mercearia. Tipo: Cereais e Barras. Embalagem: 20g. Barra de cereais Coco com chocolate Trio 20 g Trio CHOCOLATES E DOCES CHOCOLATE CHOCOLATE EM BARRA E PACOTE 20g Para Casa Mercearia Cereais e Barras","Para Casa","EAN/GTIN: 7898132847333",1.99,2
"Barra de Cereais Nat Doce/Leite/Choc Naturale 25 g","P0038","Marca: Naturale. Categoria: Mercearia. Tipo: Cereais e Barras. Embalagem: 25g. Barra de Cereais Nat Doce/Leite/Choc Naturale 25 g Naturale CAFÉ DA MANHÃ CAFÉ CAFÉ TORRADO E MOÍDO 25g Para Casa Mercearia Cereais e Barras","Para Casa","EAN/GTIN: 7898055420705",1.50,15
"Barra de Cereal Brigadeiro Trio 20 g","P0041","Marca: Trio. Categoria: Mercearia. Tipo: Cereais e Barras. Embalagem: 20g. Barra de Cereal Brigadeiro Trio 20 g Trio CAFÉ DA MANHÃ CEREAIS CEREAL MATINAL 20g Para Casa Mercearia Cereais e Barras","Para Casa","EAN/GTIN: 7898132847326",1.99,7
"Barra de Cereal Coco e Aveia Naturale 25 g","P0037","Marca: Naturale. Categoria: Mercearia. Tipo: Cereais e Barras. Embalagem: 25g. Barra de Cereal Coco e Aveia Naturale 25 g Naturale CAFÉ DA MANHÃ CEREAIS CEREAL MATINAL 25g Para Casa Mercearia Cereais e Barras","Para Casa","EAN/GTIN: 7898055420392",1.50,14
"Barra de Cereal Natural Castanha e Aveia Naturale 25 g","P0040","Marca: Naturale. Categoria: Mercearia. Tipo: Cereais e Barras. Embalagem: 25g. Barra de Cereal Natural Castanha e Aveia Naturale 25 g Naturale CAFÉ DA MANHÃ CEREAIS CEREAL MATINAL 25g Para Casa Mercearia Cereais e Barras","Para Casa","EAN/GTIN: 7898055420316",1.50,12
"Barra de Chocolate Recheada Ouro Branco Lacta 98 g","683776E","Marca: Lacta. Categoria: Mercearia. Tipo: Chocolates e Doces. Embalagem: 98g. O bombom recheado Ouro Branco da Lacta é uma deliciosa opção para quem busca um momento de prazer. Com seu sabor inconfundível, é perfeito para ser saboreado como sobremesa ou lanche. Disponível na Dona Antônia, em Cuiabá e Várzea Grande, é uma escolha que agrada a todos os paladares.","Para Casa","EAN/GTIN: 7622210528216",9.90,6
"Batata Chips Cheddar Ruffles 134 g","346136R","Marca: Ruffles. Categoria: Mercearia. Tipo: Salgadinhos e Petiscos. Embalagem: 134g. Batata Chips Cheddar Ruffles 134 g Ruffles SALGADINHOS E PETISCOS BATATAS BATATA CHIPS 134g Para Casa Mercearia Salgadinhos e Petiscos","Para Casa","EAN/GTIN: 7892840817442",13.90,1
"Bebida Isotônica Tangerina Gatorade 500 ml","76858834","Marca: Gatorade. Categoria: Mercearia. Tipo: Bebidas. Embalagem: 500ml. Bebida Isotônica Tangerina Gatorade 500 ml Gatorade SUCOS, REFRI E ENERGÉTICOS ISOTÔNICO BEBIDA ISOTÔNICA 500ml Para Casa Mercearia Bebidas","Para Casa","EAN/GTIN: 7892840808044",6.29,9
"Bebida Láctea Showkinho Sabor Chocolate Tirol 200 ml","tirol.showkinho.200","Marca: Tirol. Categoria: Mercearia. Tipo: Achocolatados. Embalagem: Caixa. A bebida láctea Showkinho da Tirol é uma opção saborosa para o seu café da manhã ou lanche. Com um delicioso sabor de chocolate, é perfeita para acompanhar suas refeições. Disponível em Cuiabá e Várzea Grande, é uma escolha prática e nutritiva para o dia a dia.","Para Casa","EAN/GTIN: 7896256602111",1.70,27
"BEBIDA VEGETAL NOT SHAKE PROTEIN SABOR CHOCOLATE NOTCO 250 ml","7898686950459","Categoria: Mercearia. Tipo: Bebidas. Embalagem: 250ml. NOT SHAKE PROTEIN sabor chocolate 250ml é uma bebida vegetal da NotCo, contendo 16g de proteínas vegetais por porção, sem açúcar adicionado, zero lactose e zero glúten. Ideal para dietas veganas e intolerantes à lactose, oferece praticidade e sabor em um único produto.","Para Casa","EAN/GTIN: 7898686950459",5.90,48
"Bicarbonato de Sódio Itapero 35 g","7895639000056","Marca: Itapero. Categoria: Mercearia. Tipo: Temperos. Embalagem: 35g. Bicarbonato de sódio puro, utilizado em diversas aplicações domésticas e industriais, apresentado em embalagem de 35g da marca Lida Itapero, com EAN 7895639000056.","Para Casa","EAN/GTIN: 7895639000056",1.89,8
"Bicarbonato de Sódio Lida Ltt Real Sabor 40g Pacote","7899767334953","Marca: Real sabor. Categoria: Mercearia. Tipo: Temperos. Embalagem: 40g. Bicarbonato de sódio da marca Lida Ltt Real Sabor, embalagem em pacote com 5g, EAN 7899767334953. Cada pacote contém 8 porções de 5g (1 colher de sopa). Informações nutricionais por porção: valor energético 0 kcal, carboidratos 0g, açúcares adicionados 0g, proteínas 0g, gorduras totais 0g, gorduras saturadas 0g, gordura trans 0g, sódio 27360mg (1138% VD).","Para Casa","EAN/GTIN: 7899767334953",1.89,17
"Biscoito Água e Sal Mabel 300 g","P0053","Marca: Mabel. Categoria: Mercearia. Tipo: Biscoitos. Embalagem: 300g. Biscoito Água e Sal Mabel 300 g Mabel BOLACHAS E BISCOITOS SALGADA BISCOITO SALGADO 300g Para Casa Mercearia Biscoitos","Para Casa","EAN/GTIN: 7896071030069",6.49,2
"Biscoito Black Baunilha Show Gol 76 g","P2das7","Marca: Show Gol. Categoria: Mercearia. Tipo: Biscoitos. Embalagem: 76g. Biscoito Black Baunilha Show Gol 76 g Show Gol BOLACHAS E BISCOITOS DOCE BISCOITO DOCE 76g Para Casa Mercearia Biscoitos","Para Casa","EAN/GTIN: 7896286622530",1.69,40
"Biscoito Bulnez Água e Sal 270 g","7896003741643","Marca: Bulnez. Categoria: Mercearia. Tipo: Biscoitos. Embalagem: 270 g. O Biscoito Bulnez Água e Sal 270 g é um snack salgado composto por três pacotes individuais de 90 g cada. Elaborado com farinha de trigo enriquecida com ferro e ácido fólico, gordura vegetal, açúcar, sal, açúcar invertido, amido, fermentos químicos e emulsificante, este biscoito é ideal para lanches rápidos ou para acompanhar patês. Apresenta alto teor de sódio, sendo recomendado para consumo moderado.","Para Casa","EAN/GTIN: 7896003741643",4.69,9
"Biscoito Cream Cracker Adoralle 350 g","P574","Marca: Adoralle. Categoria: Mercearia. Tipo: Biscoitos. Embalagem: 350g. O Biscoito Cream Cracker Adoralle é uma opção deliciosa para acompanhar seus lanches e refeições. Ideal para ser servido com patês, queijos ou até mesmo puro, ele é uma escolha prática e saborosa para o seu dia a dia. Disponível na Dona Antônia, em Cuiabá e Várzea Grande, esse biscoito é perfeito para quem busca um snack salgado de qualidade.","Para Casa","EAN/GTIN: 7898616501775",5.99,10
"Biscoito de Leite Amanda 300 g","P-S27G","Marca: Amanda. Categoria: Mercearia. Tipo: Biscoitos. Embalagem: 300g. Biscoito de Leite Amanda 300 g Amanda BOLACHAS E BISCOITOS DOCE BISCOITO DOCE 300g Para Casa Mercearia Biscoitos","Para Casa","EAN/GTIN: 7898921667418",5.99,10
"Biscoito de Leite Bulnez 270 g","7291260015","Marca: Bulnez. Categoria: Mercearia. Tipo: Biscoitos. Embalagem: 270g. Biscoito de Leite Bulnez 270 g Bulnez BOLACHAS E BISCOITOS DOCE BISCOITO DOCE 270g Para Casa Mercearia Biscoitos","Para Casa","EAN/GTIN: 7896003741650",4.99,12
"Biscoito de Leite Liane 270 g","785684D","Marca: Liane. Categoria: Mercearia. Tipo: Biscoitos. Embalagem: 270g. Biscoito de Leite Liane 270 g Liane BOLACHAS E BISCOITOS DOCE BISCOITO DOCE 270g Para Casa Mercearia Biscoitos","Para Casa","EAN/GTIN: 7896080861241",5.49,3
"Biscoito de Leite Mabel 300 g","P0055","Marca: Mabel. Categoria: Mercearia. Tipo: Biscoitos. Embalagem: 300g. Biscoito de Leite Mabel 300 g Mabel BOLACHAS E BISCOITOS DOCE BISCOITO DOCE 300g Para Casa Mercearia Biscoitos","Para Casa","EAN/GTIN: 7896071030151",6.49,10
"Biscoito de Nata Liane 270 g","993378K","Marca: Liane. Categoria: Mercearia. Tipo: Biscoitos. Embalagem: 270g. Biscoito de Nata Liane 270 g Liane BOLACHAS E BISCOITOS DOCE BISCOITO DOCE 270g Para Casa Mercearia Biscoitos","Para Casa","EAN/GTIN: 7896080861265",5.49,13
"Biscoito Maizena Amanda 300 g","0562570321","Marca: Amanda. Categoria: Mercearia. Tipo: Biscoitos. Embalagem: 300g. Biscoito Maizena Amanda 300 g Amanda BOLACHAS E BISCOITOS DOCE BISCOITO DOCE 300g Para Casa Mercearia Biscoitos","Para Casa","EAN/GTIN: 7898921667401",5.99,20
"Biscoito Maizena Mabel 300 g","P0056","Marca: Mabel. Categoria: Mercearia. Tipo: Biscoitos. Embalagem: 300g. Biscoito Maizena Mabel 300 g Mabel BOLACHAS E BISCOITOS DOCE BISCOITO DOCE 300g Para Casa Mercearia Biscoitos","Para Casa","EAN/GTIN: 7896071030144",6.49,12
"Biscoito Maizena Rancheiro 300 g","P-ZVVZ","Marca: Rancheiro. Categoria: Mercearia. Tipo: Biscoitos. Embalagem: 300g. Biscoito Maizena Rancheiro 300 g Rancheiro BOLACHAS E BISCOITOS DOCE BISCOITO DOCE 300g Para Casa Mercearia Biscoitos","Para Casa","EAN/GTIN: 7896253401892",5.99,11
"Biscoito Maria Rancheiro 275 g","P-GAJ7","Marca: Rancheiro. Categoria: Mercearia. Tipo: Biscoitos. Embalagem: 275g. Biscoito Maria Rancheiro 275 g Rancheiro BOLACHAS E BISCOITOS DOCE BISCOITO DOCE 275g Para Casa Mercearia Biscoitos","Para Casa","EAN/GTIN: 7896253401663",5.49,2
"Biscoito Original Pit Stop 137 g","476710Q","Marca: Pit Stop. Categoria: Mercearia. Tipo: Biscoitos. Embalagem: 137g. Biscoito Original Pit Stop 137 g Pit Stop BOLACHAS E BISCOITOS SALGADA BISCOITO SALGADO 137g Para Casa Mercearia Biscoitos","Para Casa","EAN/GTIN: 7896003739404",5.49,6
"Biscoito Palitos Chocolate Branco Cory 68 g","341551C","Marca: Cory. Categoria: Mercearia. Tipo: Biscoitos. Embalagem: 68g. Os Palitos Cory de Chocolate Branco são uma opção deliciosa para lanches ou sobremesas. Com sua textura crocante e sabor suave, são perfeitos para acompanhar um café ou chá. Disponíveis na Dona Antônia, em Cuiabá e Várzea Grande, esses biscoitos são uma escolha prática e saborosa para qualquer momento do dia.","Para Casa","EAN/GTIN: 7896286621878",2.99,18
"Biscoito Palitos Chocolate Meio Amargo Cory 68 g","593632K","Marca: Cory. Categoria: Mercearia. Tipo: Biscoitos. Embalagem: 68g. Os biscoitos palitos da Cory são uma deliciosa opção para quem aprecia o sabor do chocolate meio amargo. Perfeitos para um lanche ou sobremesa, eles trazem um toque especial ao seu dia. Disponíveis na Dona Antônia, em Cuiabá e Várzea Grande, são ideais para compartilhar com amigos e familiares.","Para Casa","Produto em oferta | EAN/GTIN: 7896286621885",2.99,9
"Biscoito Pão na Chapa Pit Stop","945973E","Marca: Pit Stop. Categoria: Mercearia. Tipo: Biscoitos. Embalagem: Unidade. Biscoito Pão na Chapa Pit Stop Pit Stop BOLACHAS E BISCOITOS DOCE BISCOITO DOCE Unidade Para Casa Mercearia Biscoitos","Para Casa","EAN/GTIN: 7896003739428",5.49,10
"Biscoito Recheado Baunilha Negresco Nestlé 90 g","396444V","Marca: Nestlé. Categoria: Mercearia. Tipo: Biscoitos. Embalagem: 90g. Biscoito Recheado Baunilha Negresco Nestlé 90 g Nestlé BOLACHAS E BISCOITOS DOCE BISCOITO DOCE 90g Para Casa Mercearia Biscoitos","Para Casa","EAN/GTIN: 7891000376768",3.29,11
"Biscoito Recheado Chocolate Passatempo Nestlé 130 g","56796167","Marca: Nestlé. Categoria: Mercearia. Tipo: Biscoitos. Embalagem: 130g. O biscoito Passatempo da Nestlé é uma deliciosa opção para lanches rápidos. Com sua casquinha crocante e recheio cremoso de chocolate, é perfeito para quem busca um momento de prazer no dia a dia. Disponível na Dona Antônia, em Cuiabá e Várzea Grande, é uma escolha que agrada a todos.","Para Casa","EAN/GTIN: 7891000241356",3.90,6
"Biscoito Recheado Chocomix Passatempo Nestlé 130 g","56472897","Marca: Nestlé. Categoria: Mercearia. Tipo: Biscoitos. Embalagem: 130g. O biscoito recheado Nestlé Passatempo Chocomix é uma opção deliciosa para lanches rápidos. Com seu sabor de chocolate, é perfeito para acompanhar um café ou ser saboreado em momentos de prazer. Disponível em Cuiabá e Várzea Grande, é uma escolha que agrada a todos.","Para Casa","EAN/GTIN: 7891000259405",3.99,10
"Biscoito Recheado Doce de Leite Show Gol 76 g","7896286622523","Marca: Show Gol. Categoria: Mercearia. Tipo: Biscoitos. Embalagem: Peso Líquido 76g. Biscoito Recheado Doce de Leite Show Gol 76 g Show Gol BOLACHAS E BISCOITOS DOCE BISCOITO DOCE Peso Líquido 76g Para Casa Mercearia Biscoitos","Para Casa","EAN/GTIN: 7896286622523",1.69,10
"Biscoito Recheado Negresco Chocolate Nestlé 90 g","9506570085","Marca: Nestlé. Categoria: Mercearia. Tipo: Biscoitos. Embalagem: 90g. Biscoito Recheado Negresco Chocolate Nestlé 90 g Nestlé BOLACHAS E BISCOITOS DOCE BISCOITO DOCE 90g Para Casa Mercearia Biscoitos","Para Casa","EAN/GTIN: 7891000377130",3.29,10
"Biscoito Recheado Sabor Chocolate Amanda 100 g","amanda.bolachachocolate.100","Marca: Amanda. Categoria: Mercearia. Tipo: Biscoitos. Embalagem: 100g. A bolacha sabor chocolate da Amanda é uma opção deliciosa para um lanche rápido ou sobremesa. Perfeita para acompanhar um café ou chá, ela traz um sabor irresistível que agrada a todos. Disponível em Cuiabá e Várzea Grande, é uma escolha prática e saborosa para o seu dia a dia.","Para Casa","EAN/GTIN: 7898921667951",2.19,10
"Biscoito Recheado Sabor Flocos Amanda 100 g","7898594710329","Marca: Amanda. Categoria: Mercearia. Tipo: Biscoitos. Embalagem: 100g. O biscoito Amanda Recheado sabor Flocos apresenta biscoitos crocantes recheados com sabor flocos, sem lactose, em embalagem de 100g. Ingredientes incluem farinha de trigo enriquecida, açúcar, gordura vegetal, óleo de palma, amido de milho, açúcar invertido, sal, cacau em pó, fermentos químicos e emulsificante lecitina. Recomenda-se conservar em local seco e fresco. Alergênicos: contém derivados de trigo e soja, pode conter centeio, cevada e aveia. Contém glúten. Contém amido de milho e lecitina transgênicos.","Para Casa","EAN/GTIN: 7898594710329",2.19,30
"Biscoito Rosquinha Coco Rancheiro 300 g","6622300917","Marca: Rancheiro. Categoria: Mercearia. Tipo: Biscoitos. Embalagem: 300g. Biscoito Rosquinha Coco Rancheiro 300 g Rancheiro BOLACHAS E BISCOITOS DOCE BISCOITO DOCE 300g Para Casa Mercearia Biscoitos","Para Casa","EAN/GTIN: 7896253401465",4.99,2
"Biscoito Salgado Hits Sabor Original Sol 80 g","7896005217474","Marca: Sol. Categoria: Mercearia. Tipo: Biscoitos. Embalagem: 80g. O Biscoito Salgado HITS Sabor Original 80g da marca Sol é um snack crocante e saboroso, ideal para lanches rápidos ou acompanhamentos. Apresenta formato tradicional de cracker, com textura leve e crocante, perfeito para ser consumido a qualquer hora do dia. Embalado em pacote de 80g, é prático para levar em viagens ou para o trabalho.","Para Casa","EAN/GTIN: 7896005217474",2.79,4
"Biscoito Salgado Hits Sabor Queijo Sol 80 g","7896005217450","Marca: Sol. Categoria: Mercearia. Tipo: Biscoitos. Embalagem: 80g. O Biscoito Salgado Hits Sabor Queijo 80g da marca Sol é uma opção crocante e saborosa, ideal para lanches rápidos. Elaborado com aromatizantes naturais, oferece um sabor autêntico de queijo. Sua embalagem de 80g é prática para consumo individual ou em pequenas porções.","Para Casa","EAN/GTIN: 7896005217450",2.79,10
"Biscoito Sequilho Tradicional Sequilhos 100 g","644835D","Marca: Sequilhos. Categoria: Mercearia. Tipo: Biscoitos. Embalagem: 100g. Biscoito Sequilho Tradicional Sequilhos 100 g Sequilhos BOLACHAS E BISCOITOS DOCE BISCOITO DOCE 100g Para Casa Mercearia Biscoitos","Para Casa","EAN/GTIN: 7891340365880",3.90,12
"Biscoito Sequilhos Sabor Leite Condensado Itamaraty 100 g","56207788","Marca: Itamarati. Categoria: Mercearia. Tipo: Biscoitos. Embalagem: 100g. Biscoito Sequilhos Sabor Leite Condensado Itamaraty 100 g Itamarati BOLACHAS E BISCOITOS LEITE CONDENSADO INGREDIENTE PARA SOBREMESA 100g Para Casa Mercearia Biscoitos","Para Casa","EAN/GTIN: 7891340365903",3.90,5
"Biscoito Wafer ao Leite Hershey’s 102 g","381583P","Marca: Hershey’s. Categoria: Mercearia. Tipo: Biscoitos. Embalagem: 102g. O biscoito wafer ao leite da Hershey's é uma opção deliciosa para lanches e sobremesas. Com sua textura leve e crocante, é perfeito para acompanhar um café ou ser saboreado a qualquer hora do dia. Disponível na Dona Antônia, em Cuiabá e Várzea Grande, é uma escolha que agrada a todos os paladares.","Para Casa","EAN/GTIN: 7899970400674",6.49,5
"Biscoito Wafer Chocolate Bulnez 60 g","7896003741681","Marca: Bulnez. Categoria: Mercearia. Tipo: Biscoitos. Embalagem: 60 g. O Biscoito Wafer Bulnez Chocolate 60 g apresenta camadas finas e crocantes de wafer recheadas com creme sabor chocolate. Embalado em porção de 60 g, é ideal para lanches individuais, oferecendo praticidade e sabor a qualquer hora do dia.","Para Casa","EAN/GTIN: 7896003741681",1.89,40
"Bombom de Chocolate Sortido Bell 180 g","Pde16","Marca: Bell. Categoria: Mercearia. Tipo: Chocolates e Doces. Embalagem: 180g. Bombom de Chocolate Sortido Bell 180 g Bell CHOCOLATES E DOCES BOMBOM BOMBOM E CHOCOLATE 180g Para Casa Mercearia Chocolates e Doces","Para Casa","EAN/GTIN: 7896066762616",10.90,10
"Bucha de Lavar Louça","16109433","Categoria: Limpeza. Tipo: Esponjas e Buchas. Embalagem: Unidade. Bucha de Lavar Louça LIMPEZA PANOS E PAPÉIS ESPONJA E BUCHA Unidade Para Casa Limpeza Esponjas e Buchas","Para Casa","EAN/GTIN: 2715161094338",0.99,101
"Cabide Infantil para Roupas Leves 1 un","73833866","Categoria: Casa e Utilidades. Tipo: Utilidades Domésticas. Embalagem: Unidade. Cabide Infantil para Roupas Leves 1 un UTENSÍLIOS E UTILIDADES CASA ORGANIZAÇÃO DA CASA Unidade Para Casa Casa e Utilidades Utilidades Domésticas","Para Casa","EAN/GTIN: 2713738338663",0.90,30
"Cabide Pequeno para Roupas Leves 1 un","73219738","Categoria: Casa e Utilidades. Tipo: Utilidades Domésticas. Embalagem: Unidade. Cabide Pequeno para Roupas Leves 1 un UTENSÍLIOS E UTILIDADES CASA ORGANIZAÇÃO DA CASA Unidade Para Casa Casa e Utilidades Utilidades Domésticas","Para Casa","EAN/GTIN: 2713732197389",0.90,100
"Café Brasileiro Tradicional Sachê 500g","07405077","Marca: Café Brasileiro. Categoria: Mercearia. Tipo: Café. Embalagem: 500g. Café Brasileiro Tradicional Sachê 500g Café Brasileiro CAFÉ DA MANHÃ CAFÉ CAFÉ TORRADO E MOÍDO 500g Para Casa Mercearia Café","Para Casa","EAN/GTIN: 7891018001386",28.90,3
"Café com Leite Melitta Lata 200g","melitta.cafecomleite.200","Marca: Melitta. Categoria: Mercearia. Tipo: Café. Embalagem: Lata 200g. O café com leite Melitta é uma opção prática para quem deseja saborear uma bebida deliciosa e reconfortante. Ideal para o café da manhã ou um lanche à tarde, ele combina a cremosidade do leite com o sabor do café. Disponível em lata de 200g, é uma escolha popular entre os moradores de Cuiabá e Várzea Grande que buscam qualidade e sabor em suas bebidas.","Para Casa","EAN/GTIN: 7891021007573",15.90,2
"Café em Cápsulas Dolce Gusto Cappuccino Nescafé 10 cápsulas","nescafe.cappuccino.10","Marca: Nescafé. Categoria: Mercearia. Tipo: Café. Embalagem: 10 cápsulas. O café Nescafé Dolce Gusto Cappuccino é uma opção prática e saborosa para quem aprecia um bom cappuccino. Com 10 cápsulas, é ideal para preparar sua bebida favorita em máquinas Nescafé Dolce Gusto. Disponível em Cuiabá e Várzea Grande, é uma escolha confiável para o seu café da manhã.","Para Casa","EAN/GTIN: 7891000291863",16.90,2
"Café Intenso a Vácuo Pilão 500 g","2174190262","Marca: Pilão. Categoria: Mercearia. Tipo: Café. Embalagem: 500g. Café Intenso a Vácuo Pilão 500 g Pilão CAFÉ DA MANHÃ CAFÉ CAFÉ TORRADO E MOÍDO 500g Para Casa Mercearia Café","Para Casa","EAN/GTIN: 7896089012880",28.90,11
"Café Torrado e Moído 3 Fazendas 250 g","7891018002000","Marca: 3 Fazendas. Categoria: Mercearia. Tipo: Café. Embalagem: 250g. O Café 3 Fazendas Torrado e Moído é produzido com grãos selecionados das regiões de Minas Gerais e Espírito Santo, oferecendo uma bebida encorpada com sabor intenso e aroma marcante. Apresenta torra média, moagem fina e é embalado a vácuo para preservar suas características. Ideal para preparo coado ou em cafeteira, proporcionando uma experiência de café de qualidade.","Para Casa","EAN/GTIN: 7891018002000",14.90,10
"Café Torrado e Moído a Vácuo 3 Fazendas 500 g","7891018000648","Marca: 3 Fazendas. Categoria: Mercearia. Tipo: Café. Embalagem: 500g. O Café 3 Fazendas Torrado e Moído a Vácuo 500g é produzido com grãos selecionados das regiões de Minas Gerais e Espírito Santo, processados de forma natural para preservar suas características originais. Apresenta torra escura, resultando em uma bebida encorpada com sabor intenso, doçura média, aroma marcante e acidez média. A moagem fina é ideal para métodos de preparo como coador e cafeteira italiana. A embalagem a vácuo de 500g assegura a conservação do aroma e sabor por mais tempo, sendo indicada para uso doméstico e em estabelecimentos comerciais. Não contém glúten.","Para Casa","EAN/GTIN: 7891018000648",26.90,1
"Café Torrado e Moído a Vácuo Caboclo 250 g","C0067","Marca: Caboclo. Categoria: Mercearia. Tipo: Café. Embalagem: 250g. Café Torrado e Moído a Vácuo Caboclo 250 g Caboclo CAFÉ DA MANHÃ CAFÉ CAFÉ TORRADO E MOÍDO 250g Para Casa Mercearia Café","Para Casa","EAN/GTIN: 7896089012460",14.90,10
"Café Torrado e Moído Extraforte Café Brasileiro 250 g","7891018427599","Marca: Café Brasileiro. Categoria: Mercearia. Tipo: Café. Embalagem: 250 g. O Café Brasileiro Extraforte 250 g é composto por café torrado e moído, com torra escura, resultando em uma bebida encorpada e de sabor intenso. Produzido com grãos selecionados das regiões de Minas Gerais e Espírito Santo, oferece aroma marcante e sabor prolongado. A embalagem de 250 g é ideal para quem aprecia um café forte e encorpado.","Para Casa","EAN/GTIN: 7891018427599",14.90,4
"Café Torrado e Moído Extraforte Café Brasileiro 500 g","7891018427643","Marca: Café Brasileiro. Categoria: Mercearia. Tipo: Café. Embalagem: 500g. O Café Brasileiro Extraforte 500g é composto por grãos selecionados das regiões de Minas Gerais e Espírito Santo, torrados de forma escura para realçar seu sabor intenso e aroma marcante. Apresenta uma moagem fina, ideal para métodos de preparo como coador, cafeteira elétrica ou prensa francesa. A embalagem a vácuo de 500g preserva a frescura e qualidade do produto, sendo a escolha perfeita para apreciadores de café forte.","Para Casa","EAN/GTIN: 7891018427643",26.90,1
"Café Torrado e Moído Sachê 3 Fazendas 500 g","04627644","Marca: 3 Fazendas. Categoria: Mercearia. Tipo: Café. Embalagem: Sachê 500g. O Café Torrado e Moído 3 Fazendas é ideal para quem aprecia um bom café no dia a dia. Com um sabor encorpado e aroma marcante, ele proporciona uma experiência única a cada xícara. Disponível em Cuiabá e Várzea Grande, é a escolha perfeita para o seu café da manhã.","Para Casa","EAN/GTIN: 7891018427506",28.90,8
"Café Torrado e Moído Super Forte Premiado 500 g","7891018000068","Marca: Premiado. Categoria: Mercearia. Tipo: Café. Embalagem: 500g. O Café Premiado Super Forte 500g é um café torrado e moído, embalado em pacote de 500g. Apresenta sabor intenso e aroma marcante, ideal para quem aprecia um café forte. A embalagem em almoçada preserva a frescor do produto.","Para Casa","EAN/GTIN: 7891018000068",26.90,2
"Café Torrado e Moído Tradicional Pilão 500 g","07531303","Marca: Pilão. Categoria: Mercearia. Tipo: Café. Embalagem: 500g. Café Torrado e Moído Tradicional Pilão 500 g Pilão CAFÉ DA MANHÃ CAFÉ CAFÉ TORRADO E MOÍDO 500g Para Casa Mercearia Café","Para Casa","EAN/GTIN: 7896089011357",28.90,9
"Café Tradicional Cuiabano 500 g","7898968711266","Categoria: Mercearia. Tipo: Café. Embalagem: 500g. O CAFÉ CUIABANO TRADICIONAL 500g é um café torrado e moído de torra média, com grau de intensidade equilibrado, ideal para quem aprecia um sabor suave e aroma agradável. Embalado em pacote de 500g, é perfeito para o preparo diário de café em diversos métodos, como coador ou cafeteira elétrica.","Para Casa","EAN/GTIN: 7898968711266",26.90,2
"Caldo Bacon Maggi 114 g","P-EF8Y","Marca: Maggi. Categoria: Mercearia. Tipo: Temperos. Embalagem: 114g. Caldo Bacon Maggi 114 g Maggi TEMPEROS CALDO CALDO CULINÁRIO 114g Para Casa Mercearia Temperos","Para Casa","EAN/GTIN: 7891000251492",5.49,6
"Caldo de Carne Arisco 114 g","P-ZSAF","Marca: Arisco. Categoria: Mercearia. Tipo: Temperos. Embalagem: 114g. O Caldo de Carne Arisco é ideal para dar sabor aos seus pratos do dia a dia. Com sua embalagem prática de 114g, ele é perfeito para preparar sopas, molhos e outros pratos que pedem um toque especial. Disponível na Dona Antônia, em Cuiabá e Várzea Grande, é uma opção que não pode faltar na sua despensa.","Para Casa","EAN/GTIN: 7891700080378",5.49,4
"Caldo de Carne Arisco 57 g","P0070","Marca: Arisco. Categoria: Mercearia. Tipo: Temperos. Embalagem: 57g. Caldo de Carne Arisco 57 g Arisco TEMPEROS CALDO CALDO CULINÁRIO 57g Para Casa Mercearia Temperos","Para Casa","EAN/GTIN: 7891700080354",2.90,12
"Caldo de Carne Knorr 114 g","P-HIK1","Marca: Knorr. Categoria: Mercearia. Tipo: Temperos. Embalagem: 114g. Caldo de Carne Knorr 114 g Knorr TEMPEROS CALDO CALDO CULINÁRIO 114g Para Casa Mercearia Temperos","Para Casa","EAN/GTIN: 7891150012363",6.49,4
"Caldo de Carne Maggi 114 g","95875004","Marca: Maggi. Categoria: Mercearia. Tipo: Temperos. Embalagem: 114g. Caldo de Carne Maggi 114 g Maggi TEMPEROS CALDO CALDO CULINÁRIO 114g Para Casa Mercearia Temperos","Para Casa","EAN/GTIN: 7891000251515",5.49,10
"Caldo de Galinha Apti 19 g","P0069","Marca: Apti. Categoria: Mercearia. Tipo: Temperos. Embalagem: 19g. O Caldo de Galinha Apti é um tempero prático e saboroso, ideal para dar um toque especial às suas receitas. Perfeito para o dia a dia, ele pode ser utilizado em sopas, risotos e diversos pratos que pedem um sabor mais intenso. Disponível em Cuiabá e Várzea Grande, é uma escolha popular entre os cozinheiros que buscam facilidade e sabor na cozinha.","Para Casa","EAN/GTIN: 7896327513117",0.75,10
"Caldo de Galinha Caipira Arisco 114 g","P-9DLX","Marca: Arisco. Categoria: Mercearia. Tipo: Temperos. Embalagem: 114g. Caldo de Galinha Caipira Arisco 114 g Arisco TEMPEROS CALDO CALDO CULINÁRIO 114g Para Casa Mercearia Temperos","Para Casa","EAN/GTIN: 7891700080439",5.49,5
"Caldo de Galinha Caipira Arisco 57 g","P0072","Marca: Arisco. Categoria: Mercearia. Tipo: Temperos. Embalagem: 57g. O Caldo de Galinha Caipira Arisco é ideal para dar sabor aos seus pratos do dia a dia. Com sua fórmula prática, ele se dissolve facilmente em água quente, proporcionando um caldo saboroso para sopas, risotos e outros pratos. Disponível em Cuiabá e Várzea Grande, é uma excelente opção para quem busca praticidade na cozinha.","Para Casa","EAN/GTIN: 7891700080415",3.75,8
"Caldo de Galinha Maggi 114 g","P-4GIQ","Marca: Maggi. Categoria: Mercearia. Tipo: Temperos. Embalagem: 114g. Caldo de Galinha Maggi 114 g Maggi TEMPEROS CALDO CALDO CULINÁRIO 114g Para Casa Mercearia Temperos","Para Casa","EAN/GTIN: 7891000251539",5.49,5
"Caldo de Galinha Maggi 57 g","P0077","Marca: Maggi. Categoria: Mercearia. Tipo: Temperos. Embalagem: 57g. Caldo de Galinha Maggi 57 g Maggi TEMPEROS CALDO CALDO CULINÁRIO 57g Para Casa Mercearia Temperos","Para Casa","EAN/GTIN: 7891000250174",3.50,10
"Caldo de Legumes em Pó Real Sabor 1 kg","7899767334922","Marca: Real sabor. Categoria: Mercearia. Tipo: Temperos. Embalagem: 1kg. Caldo de Legumes em Pó da marca Lida Real Sabor, embalagem de 1kg, EAN 7899767334922. Ingredientes: Sal, açúcar, maltodextrina, amido, gordura vegetal, aipo, salsa desidratada, extrato de levedura, cúrcuma, condimentos preparados de alho e cebola, realçadores de sabor glutamato monossódico, inosinato dissódico, antiumectantes fosfato tricálcio e sílica, aromatizante e acidulante ácido cítrico. CONTÉM GLÚTEN.","Para Casa","EAN/GTIN: 7899767334922",1.89,5
"Caldo em Pó de Carne Maggi 35 g","P-LY41","Marca: Maggi. Categoria: Mercearia. Tipo: Temperos. Embalagem: 35g. Caldo em Pó de Carne Maggi 35 g Maggi TEMPEROS CALDO CALDO CULINÁRIO 35g Para Casa Mercearia Temperos","Para Casa","EAN/GTIN: 7891000285800",3.49,5
"Caldo em Pó de Galinha Maggi 35 g","P-G66C","Marca: Maggi. Categoria: Mercearia. Tipo: Temperos. Embalagem: 35g. Caldo em Pó de Galinha Maggi 35 g Maggi TEMPEROS CALDO CALDO CULINÁRIO 35g Para Casa Mercearia Temperos","Para Casa","EAN/GTIN: 7891000285848",3.49,5
"Caldo Tempero de Carne Sazón 32,5 g","P-V9Z7","Marca: Sazón. Categoria: Mercearia. Tipo: Temperos. Embalagem: 32,5g. Caldo Tempero de Carne Sazón 32,5 g Sazón TEMPEROS CALDO CALDO CULINÁRIO 32,5g Para Casa Mercearia Temperos","Para Casa","EAN/GTIN: 7891132110216",3.90,4
"Caneca de Plástico Emborrachada Capivara Cores Sortidas 230 ml","P379","Categoria: Casa e Utilidades. Tipo: Cozinha. Embalagem: 230ml. Caneca de Plástico Emborrachada Capivara Cores Sortidas 230 ml UTENSÍLIOS E UTILIDADES COZINHA COPOS, GARRAFAS E POTES 230ml Para Casa Casa e Utilidades Cozinha","Para Casa","EAN/GTIN: 7908888916754",9.50,3
"Caneca Plástica Amarela 500 ml","73371787","Categoria: Casa e Utilidades. Tipo: Cozinha. Embalagem: 500ml. Caneca Plástica Amarela 500 ml UTENSÍLIOS E UTILIDADES COZINHA COPOS, GARRAFAS E POTES 500ml Para Casa Casa e Utilidades Cozinha","Para Casa","EAN/GTIN: 2713733717876",2.90,20
"Caneca Plástica Branca 500 ml","73525316","Categoria: Casa e Utilidades. Tipo: Cozinha. Embalagem: 500ml. Caneca Plástica Branca 500 ml UTENSÍLIOS E UTILIDADES COZINHA COPOS, GARRAFAS E POTES 500ml Para Casa Casa e Utilidades Cozinha","Para Casa","EAN/GTIN: 2713735253167",2.90,19
"Canela em Casca Diodoro 7 g","diodoro.canelaemcasca.01","Marca: Diodoro. Categoria: Mercearia. Tipo: Temperos. Embalagem: 7g. A canela em rama Diodoro é um condimento versátil que pode ser utilizado para realçar o sabor de pratos e bebidas. Ideal para chás, cafés, sobremesas e compotas, ela confere um aroma intenso e característico. Disponível na Dona Antônia, em Cuiabá e Várzea Grande, é uma ótima adição à sua cozinha.","Para Casa","EAN/GTIN: 7898568540310",2.69,10
"Canela em Casca Itapero 20 g","7895639000254","Marca: Itapero. Categoria: Mercearia. Tipo: Temperos. Embalagem: 20g. Canela em casca inteira, embalagem de 20g, marca Lida Itapero, EAN 7895639000254. Ingredientes: Canela Jawa inteira. NÃO CONTÉM GLÚTEN.","Para Casa","EAN/GTIN: 7895639000254",1.89,6
"Canela em Pó 100% Lida Real Sabor 5g Sachet","7899767335400","Marca: Real sabor. Categoria: Mercearia. Tipo: Temperos. Embalagem: Sachet. Canela em pó 100% pura, embalagem sachet de 5g, marca Lida Real Sabor, EAN 7899767335400. Ideal para uso em bolos, biscoitos, banana cozida, arroz doce e outras receitas.","Para Casa","EAN/GTIN: 7899767335400",1.89,2
"Canela em Pó Diodoro 7 g","diodoro.canelapo.01","Marca: Diodoro. Categoria: Mercearia. Tipo: Temperos. Embalagem: 7g. A canela em pó Diodoro é um tempero versátil que pode ser utilizado em diversas preparações culinárias. Ideal para bolos, tortas, mingaus e até em receitas salgadas, como carnes e molhos exóticos. Disponível na Dona Antônia, em Cuiabá e Várzea Grande, é uma ótima adição à sua despensa. Produto sem glúten, perfeito para quem busca sabor e qualidade na cozinha.","Para Casa","EAN/GTIN: 7898568540303",2.69,10
"Canjica Branca Amafil 500 g","P0083","Marca: Amafil. Categoria: Mercearia. Tipo: Sopas e Prontos. Embalagem: 500g. Canjica Branca Amafil 500 g Amafil MERCEARIA BÁSICA CANJICA CANJICA 500g Para Casa Mercearia Sopas e Prontos","Para Casa","EAN/GTIN: 7896035950075",4.49,8
"CANNY SPICES Tempero para Carnes 120g","7901001104687","Categoria: Mercearia. Tipo: Temperos. Embalagem: 120g. O CANNY SPICES Tempero para Carnes Peso Líq 120g é uma mistura equilibrada de especiarias que realça o sabor de carnes bovinas, suínas e grelhados em geral. Sua fórmula destaca-se por ser ""alto em sódio"", conforme indicado na embalagem, proporcionando um sabor marcante e intenso. Ideal para churrascos e preparações do dia a dia, este tempero oferece praticidade e sabor em uma embalagem de 120g.","Para Casa","EAN/GTIN: 7901001104687",12.90,8
"Capa para Botijão de Gás Sortidos Unidade","P383","Categoria: Casa e Utilidades. Tipo: Cozinha. Embalagem: Unidade. Capa para Botijão de Gás Sortidos Unidade UTENSÍLIOS E UTILIDADES COZINHA UTENSÍLIO DE COZINHA Unidade Para Casa Casa e Utilidades Cozinha","Para Casa","EAN/GTIN: 7896396109112",5.90,3
"Cappuccino Melitta Doce de Leite Lata","melitta.cappuccino.200","Marca: Melitta. Categoria: Mercearia. Tipo: Café. Embalagem: Lata 200g. O cappuccino solúvel sabor doce de leite da Melitta é uma opção deliciosa para quem busca uma bebida quente reconfortante. Ideal para preparar um cappuccino cremoso, ele pode ser apreciado em qualquer momento do dia. Disponível em Cuiabá e Várzea Grande, é uma escolha prática e saborosa para o seu café da manhã.","Para Casa","EAN/GTIN: 7896348301496",15.90,1
"Carmed Gel Dental Cereja 70g","34860979","Marca: Cimed. Categoria: Higiene Pessoal. Tipo: Higiene Bucal. Embalagem: 70g. Carmed Gel Dental Cereja 70g Cimed HIGIENE HIGIENE BUCAL CREME DENTAL 70g Para Você Higiene Pessoal Higiene Bucal","Para Você","EAN/GTIN: 7897947620551",16.90,1
"Carmed Glitter 3 em 1 10 g","7897947620605","Marca: Cimed. Categoria: Beleza e Cuidados. Tipo: Lábios. Embalagem: 10 g. Carmed Glitter é uma maquiagem 3 em 1 que hidrata, protege e mantém os lábios macios, podendo ser utilizada como batom, blush ou sombra. Sua fórmula contém componentes que evitam o ressecamento e proporcionam um efeito iluminado com partículas de glitter rosa holográfico.","Para Você","EAN/GTIN: 7897947620605",17.90,4
"Carmed Hidratante Labial Incolor Caixa 10g","7897947614734","Marca: Cimed. Categoria: Beleza e Cuidados. Tipo: Lábios. Embalagem: Caixa. Carmed Hidratante Labial Incolor é formulado para manter os lábios macios, protegidos e hidratados. Sua composição inclui ingredientes como Petrolatum, Lanolin, BHT, Cera Alba, Isopropyl Myristate, Theobroma Cacao Seed Butter, Menthol, Menthyl Acetate, Neomenthol, Alcohol, Aqua e Aroma. O produto é incolor, permitindo o uso combinado com batons de diversas cores. É ideal para uso diário.","Para Você","EAN/GTIN: 7897947614734",17.90,1
"Cepêra Mostarda Dijon Sabores 190g","P-X6PM","Marca: Cepêra. Categoria: Mercearia. Tipo: Molhos e Condimentos. Embalagem: 190g. Cepêra Mostarda Dijon Sabores 190g Cepêra MOLHOS E CONDIMENTOS MOSTARDA MOLHO PARA LANCHES 190g Para Casa Mercearia Molhos e Condimentos","Para Casa","EAN/GTIN: 7896025803831",8.90,3
"Cereal Matinal Crunch Nestlé 120 g","P0086","Marca: Nestlé. Categoria: Mercearia. Tipo: Cereais e Barras. Embalagem: 120g. Cereal Matinal Crunch Nestlé 120 g Nestlé CAFÉ DA MANHÃ CEREAIS CEREAL MATINAL 120g Para Casa Mercearia Cereais e Barras","Para Casa","EAN/GTIN: 7891000255445",8.99,10
"Cereal Matinal Kellogg's Sucrilhos Sabor Original 240g","8989800348","Marca: Kellogg’s. Categoria: Mercearia. Tipo: Café. Embalagem: 240g. Os Sucrilhos Original da Kellogg's são uma opção deliciosa para o café da manhã. Com flocos de milho crocantes, são ideais para serem consumidos com leite ou iogurte. Disponíveis na Dona Antônia, em Cuiabá e Várzea Grande, são uma escolha prática e saborosa para começar o dia.","Para Casa","EAN/GTIN: 7896004007427",16.90,1
"Cereal Matinal KitKat 90 g","510144L","Marca: KitKat. Categoria: Mercearia. Tipo: Cereais e Barras. Embalagem: 90g. Cereal Matinal KitKat 90 g KitKat CAFÉ DA MANHÃ CEREAIS CEREAL MATINAL 90g Para Casa Mercearia Cereais e Barras","Para Casa","EAN/GTIN: 7891000396919",8.99,5
"Cereal Matinal KitKat Nestlé 210 g","1727390801","Marca: Nestlé. Categoria: Mercearia. Tipo: Cereais e Barras. Embalagem: 210g. Cereal Matinal KitKat Nestlé 210 g Nestlé CAFÉ DA MANHÃ CEREAIS CEREAL MATINAL 210g Para Casa Mercearia Cereais e Barras","Para Casa","EAN/GTIN: 7891000394939",12.90,3
"Cereal Matinal KitKat Snow Flakes Nestlé 210 g + 230 g","877500J","Marca: Nestlé. Categoria: Mercearia. Tipo: Cereais e Barras. Embalagem: 210g + 230g. O Cereal Matinal Nestlé KitKat com Snow Flakes é uma opção deliciosa para o seu café da manhã ou lanche. Perfeito para ser consumido puro ou com leite, frutas e outros acompanhamentos, ele traz um sabor irresistível que agrada a todos. Disponível em Cuiabá e Várzea Grande, é uma escolha prática e saborosa para o seu dia a dia.","Para Casa","EAN/GTIN: 7891000361078",22.90,4
"Cereal Matinal Moça Flakes Leite Condensado Nestlé 120 g","nestle.cerealmoca.120","Marca: Nestlé. Categoria: Mercearia. Tipo: Cereais e Barras. Embalagem: 120g. O Cereal Matinal Nestlé Moça Flakes é uma opção deliciosa para o seu café da manhã. Com flocos crocantes e o sabor inconfundível do leite condensado, é perfeito para ser consumido com leite, iogurte ou frutas. Disponível em Cuiabá e Várzea Grande, é uma escolha prática e saborosa para começar o dia bem.","Para Casa","EAN/GTIN: 7891000050927",5.90,2
"Cereal Matinal Nescau Duo Nestlé 210 g","P0085","Marca: Nestlé. Categoria: Mercearia. Tipo: Cereais e Barras. Embalagem: 210g. Cereal Matinal Nescau Duo Nestlé 210 g Nestlé CAFÉ DA MANHÃ CEREAIS CEREAL MATINAL 210g Para Casa Mercearia Cereais e Barras","Para Casa","EAN/GTIN: 7891000258613",14.90,3
"Cereal Matinal Nescau Sachê Nestlé 120 g","727810F","Marca: Nestlé. Categoria: Mercearia. Tipo: Cereais e Barras. Embalagem: 120g. Cereal Matinal Nescau Sachê Nestlé 120 g Nestlé CAFÉ DA MANHÃ CEREAIS CEREAL MATINAL 120g Para Casa Mercearia Cereais e Barras","Para Casa","EAN/GTIN: 7891000070673",6.99,13
"Cereal Matinal Snow Flakes Nestlé 120 g","201515Z","Marca: Nestlé. Categoria: Mercearia. Tipo: Cereais e Barras. Embalagem: 120g. Cereal Matinal Snow Flakes Nestlé 120 g Nestlé CAFÉ DA MANHÃ CEREAIS CEREAL MATINAL 120g Para Casa Mercearia Cereais e Barras","Para Casa","EAN/GTIN: 7891000050880",7.99,3
"Cesta de Bambu Oval Fraldeira Unidade","74231324","Categoria: Casa e Utilidades. Tipo: Utilidades Domésticas. Embalagem: Unidade. Cesta de Bambu Oval Fraldeira Unidade UTENSÍLIOS E UTILIDADES CASA ORGANIZAÇÃO DA CASA Unidade Para Casa Casa e Utilidades Utilidades Domésticas","Para Casa","EAN/GTIN: 2743742313240",24.00,10
"Cesta Fraldeira Oval de Bambu 1 un","77783438","Categoria: Casa e Utilidades. Tipo: Utilidades Domésticas. Embalagem: Unidade. Cesta Fraldeira Oval de Bambu 1 un UTENSÍLIOS E UTILIDADES CASA ORGANIZAÇÃO DA CASA Unidade Para Casa Casa e Utilidades Utilidades Domésticas","Para Casa","EAN/GTIN: 2743777834383",28.00,10
"Cesto Plástico Telado Jaguar 10 L","P502","Marca: Jaguar. Categoria: Casa e Utilidades. Tipo: Utilidades Domésticas. Embalagem: 10L. Cesto Plástico Telado Jaguar 10 L Jaguar UTENSÍLIOS E UTILIDADES CASA UTILIDADE DOMÉSTICA 10L Para Casa Casa e Utilidades Utilidades Domésticas","Para Casa","EAN/GTIN: 7896952531012",8.90,3
"Chá de Camomila Leão 25 sachês","759983X","Marca: Leão. Categoria: Mercearia. Tipo: Café. Embalagem: 25 saches. Chá de Camomila Leão 25 sachês Leão CAFÉ DA MANHÃ CAFÉ CAFÉ TORRADO E MOÍDO 25 saches Para Casa Mercearia Café","Para Casa","EAN/GTIN: 7891098038371",7.99,5
"Chá de Erva-Doce Leão 25 sachês","327989K","Marca: Leão. Categoria: Mercearia. Tipo: Chás e Infusões. Embalagem: 25 sachês. O chá de erva-doce da Leão é uma escolha refrescante e aromática para o seu dia a dia. Com 25 sachês, ele é ideal para quem busca um momento de tranquilidade e sabor. Disponível na Dona Antônia, em Cuiabá e Várzea Grande, esse chá é perfeito para qualquer hora do dia.","Para Casa","EAN/GTIN: 7891098038388",7.99,9
"Chá de Hortelã Leão 25 sachês","39924606","Marca: Leão. Categoria: Mercearia. Tipo: Café. Embalagem: 25 saches. Chá de Hortelã Leão 25 sachês Leão CAFÉ DA MANHÃ CAFÉ CAFÉ TORRADO E MOÍDO 25 saches Para Casa Mercearia Café","Para Casa","EAN/GTIN: 7891098038401",7.99,7
"Chá de Limão Leão 25 sachês","40034166","Marca: Leão. Categoria: Mercearia. Tipo: Café. Embalagem: 25 saches. Chá de Limão Leão 25 sachês Leão CAFÉ DA MANHÃ CAFÉ CAFÉ TORRADO E MOÍDO 25 saches Para Casa Mercearia Café","Para Casa","EAN/GTIN: 7891098000057",7.99,5
"Chá Mate Leão 100 g","C0089","Marca: Leão. Categoria: Mercearia. Tipo: Café. Embalagem: 100g. Chá Mate Leão 100 g Leão CAFÉ DA MANHÃ CAFÉ CAFÉ TORRADO E MOÍDO 100g Para Casa Mercearia Café","Para Casa","EAN/GTIN: 7891098000026",5.99,4
"Chá Mate Mate Rico 250 g","C0090","Marca: Mate Rico. Categoria: Mercearia. Tipo: Café. Embalagem: 250g. O chá mate da marca Mate Rico é uma opção natural e revigorante para quem busca uma bebida saudável. Com 250g de erva-mate tostada, é ideal para preparar chá quente ou gelado. A Dona Antônia oferece esse produto em Cuiabá e Várzea Grande, proporcionando uma experiência refrescante e cheia de sabor.","Para Casa","EAN/GTIN: 7896476901605",6.99,8
"Chá Matte Natural Leão 25 sachês","927079I","Marca: Leão. Categoria: Mercearia. Tipo: Café. Embalagem: 25 saches. Chá Matte Natural Leão 25 sachês Leão CAFÉ DA MANHÃ CAFÉ CAFÉ TORRADO E MOÍDO 25 saches Para Casa Mercearia Café","Para Casa","EAN/GTIN: 7891098000040",7.99,10
"Chá Matte Original Leão 10 sachês","181740C","Marca: Leão. Categoria: Mercearia. Tipo: Café. Embalagem: 10 saches. Chá Matte Original Leão 10 sachês Leão CAFÉ DA MANHÃ CAFÉ CAFÉ TORRADO E MOÍDO 10 saches Para Casa Mercearia Café","Para Casa","EAN/GTIN: 7891098038333",3.99,7
"Chaleira Elétrica Atacama Unitermi 1,8 L","7898961930718","Categoria: Casa e Utilidades. Tipo: Cozinha. Embalagem: 1.8 L. A Chaleira Elétrica Atacama 1.8 L da Unitermi possui capacidade de 1,8 litros e potência de 1200W, aquecendo a água rapidamente. Seu acabamento em inox polido facilita a limpeza. Inclui base giratória 360°, botão de liga/desliga automático, luz indicadora de funcionamento e tampa com trava de segurança.","Para Casa","EAN/GTIN: 7898961930718",44.90,5
"Chaveiro de Plástico com Identificaçao 5 peças","P0091","Categoria: Mercearia. Tipo: Café. Embalagem: 5 peças. Chaveiro de Plástico com Identificaçao 5 peças CAFÉ DA MANHÃ CAFÉ CAFÉ TORRADO E MOÍDO 5 peças Para Casa Mercearia Café","Para Casa","EAN/GTIN: 7898736292324",4.90,2
"Chaveiro Ursinho - Unidade","74682348","Categoria: Mercearia. Tipo: Café. Embalagem: Unidade. O Chaveiro Ursinho é um acessório encantador que traz um toque de fofura ao seu dia a dia. Ideal para quem ama itens personalizados, ele é perfeito para presentear ou para adicionar um charme especial às suas chaves. Disponível na Dona Antônia, em Cuiabá e Várzea Grande.","Para Casa","EAN/GTIN: 7899527102303",9.00,30
"Chicle Clássicos Fini 14 g","7908228801986","Marca: Fini. Categoria: Mercearia. Tipo: Balas e Chicletes. Embalagem: 14g. Fini Chicle Clássicos 14g é uma embalagem plástica contendo 14g de balas sortidas sem açúcar, apresentando sabores clássicos como banana, dentadura e tubinhos. Ideal para quem busca uma opção doce sem adição de açúcares.","Para Casa","EAN/GTIN: 7908228801986",1.59,10
"Chiclete Bag Tutti-Frutti Trident 8 g","P0093","Marca: Trident. Categoria: Mercearia. Tipo: Balas e Chicletes. Embalagem: 8g. Chiclete Bag Tutti-Frutti Trident 8 g Trident BALAS E CHICLETES CHICLETES GOMA DE MASCAR 8g Para Casa Mercearia Balas e Chicletes","Para Casa","EAN/GTIN: 7895800430002",2.80,4
"Chiclete de Hortelã Trident 8 g","P0092","Marca: Trident. Categoria: Mercearia. Tipo: Balas e Chicletes. Embalagem: 8g. Chiclete de Hortelã Trident 8 g Trident BALAS E CHICLETES CHICLETES GOMA DE MASCAR 8g Para Casa Mercearia Balas e Chicletes","Para Casa","EAN/GTIN: 7895800112632",2.70,7
"Chimichurri com Limão Real Sabor 12 g","7899767336124","Marca: Real sabor. Categoria: Mercearia. Tipo: Temperos. Embalagem: Sachet. Chimichurri com Limão da marca Ltt Real Sabor, apresentado em embalagem sachet de 5g, ideal para temperar carnes, legumes e outros pratos.","Para Casa","EAN/GTIN: 7899767336124",1.89,1
"Chimichurri Sem Pimenta Ltt Real Sabor 40g Pacote","7899767334809","Marca: Real sabor. Categoria: Mercearia. Tipo: Temperos. Embalagem: Pacote. Chimichurri Sem Pimenta da marca Ltt Real Sabor, embalagem de 40g, EAN 7899767334809. Ingredientes: cebola desidratada, salsa desidratada, alho desidratado, farinha de milho enriquecida com ferro e ácido fólico, corante natural de urucum, cominho, manjericão desidratado e aroma artificial de alho. Alergênicos: contém derivados de milho.","Para Casa","EAN/GTIN: 7899767334809",1.89,4
"Chinelo Azul Ipanema 37/38 1 un","6225110895","Marca: Ipanema. Categoria: Calçados. Tipo: Chinelos. Embalagem: Unidade. Chinelo Azul Ipanema 37/38 1 un Ipanema CHINELOS CHINELOS CHINELO CASUAL Unidade Para Você Calçados Chinelos","Para Você","EAN/GTIN: 7890244991751",19.90,2
"Chinelo Bege/Ouro 36 Ipanema 1 un","1838890176","Marca: Ipanema. Categoria: Calçados. Tipo: Chinelos. Embalagem: Unidade. Chinelo Bege/Ouro 36 Ipanema 1 un Ipanema CHINELOS CHINELOS CHINELO CASUAL Unidade Para Você Calçados Chinelos","Para Você","EAN/GTIN: 7909006243318",19.90,4
"Chinelo Branco 33/34 Ipanema 1 un","2871770494","Marca: Ipanema. Categoria: Calçados. Tipo: Chinelos. Embalagem: Unidade. Chinelo Branco 33/34 Ipanema 1 un Ipanema CHINELOS CHINELOS CHINELO CASUAL Unidade Para Você Calçados Chinelos","Para Você","EAN/GTIN: 7909510489417",19.90,2
"Chinelo Brisa Lilás Havaianas 33/34","692057G","Marca: Havaianas. Categoria: Calçados. Tipo: Chinelos. Embalagem: 33/34. Chinelo Brisa Lilás Havaianas 33/34 Havaianas CHINELOS CHINELOS CHINELO CASUAL 33/34 Para Você Calçados Chinelos","Para Você","EAN/GTIN: 07909843495697",28.90,6
"Chinelo Casual Verde Ipanema 36 1 un","5223720095","Marca: Ipanema. Categoria: Calçados. Tipo: Chinelos. Embalagem: Unidade. Chinelo Casual Verde Ipanema 36 1 un Ipanema CHINELOS CHINELOS CHINELO CASUAL Unidade Para Você Calçados Chinelos","Para Você","EAN/GTIN: 7900204005647",19.90,3
"Chinelo Color Branco Havaianas 35/36","P0172","Marca: Havaianas. Categoria: Calçados. Tipo: Chinelos. Embalagem: 35/36. Chinelo Color Branco Havaianas 35/36 Havaianas CHINELOS CHINELOS CHINELO CASUAL 35/36 Para Você Calçados Chinelos","Para Você","EAN/GTIN: 27895265025663",28.90,6
"Chinelo Color Branco Havaianas 39/40","P0173","Marca: Havaianas. Categoria: Calçados. Tipo: Chinelos. Embalagem: 39/40. Chinelo Color Branco Havaianas 39/40 Havaianas CHINELOS CHINELOS CHINELO CASUAL 39/40 Para Você Calçados Chinelos","Para Você","EAN/GTIN: 27895265025687",28.90,6
"Chinelo Color Branco Havaianas 43/44","P0174","Marca: Havaianas. Categoria: Calçados. Tipo: Chinelos. Embalagem: 43/44. Chinelo Color Branco Havaianas 43/44 Havaianas CHINELOS CHINELOS CHINELO CASUAL 43/44 Para Você Calçados Chinelos","Para Você","EAN/GTIN: 27895265025700",28.90,6
"Chinelo Flux Rosa Havaianas 23/24","267054K","Marca: Havaianas. Categoria: Calçados. Tipo: Chinelos. Embalagem: 23/24. Chinelo Flux Rosa Havaianas 23/24 Havaianas CHINELOS CHINELOS CHINELO CASUAL 23/24 Para Você Calçados Chinelos","Para Você","EAN/GTIN: 07909843495901",26.90,6
"Chinelo Flux Rosa Havaianas 25/26","844616Y","Marca: Havaianas. Categoria: Calçados. Tipo: Chinelos. Embalagem: 25/26. Chinelo Flux Rosa Havaianas 25/26 Havaianas CHINELOS CHINELOS CHINELO CASUAL 25/26 Para Você Calçados Chinelos","Para Você","EAN/GTIN: 07909843495918",26.90,6
"Chinelo Flux Rosa Havaianas 41/42","576050I","Marca: Havaianas. Categoria: Calçados. Tipo: Chinelos. Embalagem: 41/42. Chinelo Flux Rosa Havaianas 41/42 Havaianas CHINELOS CHINELOS CHINELO CASUAL 41/42 Para Você Calçados Chinelos","Para Você","EAN/GTIN: 07909843495994",28.90,6
"Chinelo Grafite/Vermelho Ipanema 39/40 1 un","7437750828","Marca: Ipanema. Categoria: Calçados. Tipo: Chinelos. Embalagem: Unidade. Chinelo Grafite/Vermelho Ipanema 39/40 1 un Ipanema CHINELOS CHINELOS CHINELO CASUAL Unidade Para Você Calçados Chinelos","Para Você","EAN/GTIN: 7909224474778",19.90,2
"Chinelo Preto 36 Ipanema 1 un","0245460973","Marca: Ipanema. Categoria: Calçados. Tipo: Chinelos. Embalagem: Unidade. Chinelo Preto 36 Ipanema 1 un Ipanema CHINELOS CHINELOS CHINELO CASUAL Unidade Para Você Calçados Chinelos","Para Você","EAN/GTIN: 7891261807636",19.90,1
"Chinelo Preto 39/40 Ipanema 1 un","5818310294","Marca: Ipanema. Categoria: Calçados. Tipo: Chinelos. Embalagem: Unidade. Chinelo Preto 39/40 Ipanema 1 un Ipanema CHINELOS CHINELOS CHINELO CASUAL Unidade Para Você Calçados Chinelos","Para Você","EAN/GTIN: 7891261849001",19.90,7
"Chinelo Preto 41/42 Ipanema 1 un","6540870556","Marca: Ipanema. Categoria: Calçados. Tipo: Chinelos. Embalagem: Unidade. Chinelo Preto 41/42 Ipanema 1 un Ipanema CHINELOS CHINELOS CHINELO CASUAL Unidade Para Você Calçados Chinelos","Para Você","EAN/GTIN: 7891261849018",19.90,8
"Chinelo Preto Ipanema 35 1 un","3170560554","Marca: Ipanema. Categoria: Calçados. Tipo: Chinelos. Embalagem: Unidade. Chinelo Preto Ipanema 35 1 un Ipanema CHINELOS CHINELOS CHINELO CASUAL Unidade Para Você Calçados Chinelos","Para Você","EAN/GTIN: 7900204609388",19.90,5
"Chinelo Preto Ipanema 36 un","9212820829","Marca: Ipanema. Categoria: Calçados. Tipo: Chinelos. Embalagem: Unidade. Chinelo Preto Ipanema 36 un Ipanema CHINELOS CHINELOS CHINELO CASUAL Unidade Para Você Calçados Chinelos","Para Você","EAN/GTIN: 7900204609395",19.90,4
"Chinelo Preto Ipanema 37 un","8024190915","Marca: Ipanema. Categoria: Calçados. Tipo: Chinelos. Embalagem: Unidade. Chinelo Preto Ipanema 37 un Ipanema CHINELOS CHINELOS CHINELO CASUAL Unidade Para Você Calçados Chinelos","Para Você","EAN/GTIN: 7900204609401",19.90,5
"Chinelo Preto Ipanema 37/38","7649510340","Marca: Ipanema. Categoria: Calçados. Tipo: Chinelos. Embalagem: Unidade. Chinelo Preto Ipanema 37/38 Ipanema CHINELOS CHINELOS CHINELO CASUAL Unidade Para Você Calçados Chinelos","Para Você","EAN/GTIN: 7891261848998",19.90,15
"Chinelo Solar Preto Ipanema 35 1 un","4615400629","Marca: Ipanema. Categoria: Calçados. Tipo: Chinelos. Embalagem: Unidade. Chinelo Solar Preto Ipanema 35 1 un Ipanema CHINELOS CHINELOS CHINELO CASUAL Unidade Para Você Calçados Chinelos","Para Você","EAN/GTIN: 7909806771219",19.90,5
"Chinelo Solar Preto Ipanema 37 1 un","3033640727","Marca: Ipanema. Categoria: Calçados. Tipo: Chinelos. Embalagem: Unidade. Chinelo Solar Preto Ipanema 37 1 un Ipanema CHINELOS CHINELOS CHINELO CASUAL Unidade Para Você Calçados Chinelos","Para Você","EAN/GTIN: 7909806771233",19.90,10
"Chinelo Verde Ipanema 37 un","8876740835","Marca: Ipanema. Categoria: Calçados. Tipo: Chinelos. Embalagem: Unidade. Chinelo Verde Ipanema 37 un Ipanema CHINELOS CHINELOS CHINELO CASUAL Unidade Para Você Calçados Chinelos","Para Você","EAN/GTIN: 7900204005654",19.90,2
"Chinelo Verde Ipanema 39/40 un","0713220863","Marca: Ipanema. Categoria: Calçados. Tipo: Chinelos. Embalagem: Unidade. Chinelo Verde Ipanema 39/40 un Ipanema CHINELOS CHINELOS CHINELO CASUAL Unidade Para Você Calçados Chinelos","Para Você","EAN/GTIN: 7900204005678",19.90,13
"Chinelo Verde Olive Havaianas 35/36","488191S","Marca: Havaianas. Categoria: Calçados. Tipo: Chinelos. Embalagem: 35/36. Chinelo Verde Olive Havaianas 35/36 Havaianas CHINELOS CHINELOS CHINELO CASUAL 35/36 Para Você Calçados Chinelos","Para Você","EAN/GTIN: 07909843495833",28.90,6
"Chocolate Bis Original ao Leite Nestlé 100,8 g","216319A","Marca: Nestlé. Categoria: Mercearia. Tipo: Chocolates e Doces. Embalagem: 100,8G. Chocolate Bis Original ao Leite Nestlé 100,8 g Nestlé CHOCOLATES E DOCES CHOCOLATE CHOCOLATE EM BARRA E PACOTE 100,8G Para Casa Mercearia Chocolates e Doces","Para Casa","Produto em oferta | EAN/GTIN: 7622210575975",5.90,19
"Chocolate Branco Laka Lacta 80 g","27289531","Marca: Lacta. Categoria: Mercearia. Tipo: Chocolates e Doces. Embalagem: 80g. O chocolate branco Laka da Lacta é uma opção deliciosa para quem aprecia um sabor suave e uma textura cremosa. Ideal para compartilhar em momentos especiais, esse chocolate é uma ótima escolha para adoçar o dia. Disponível na Dona Antônia, em Cuiabá e Várzea Grande, ele promete agradar a todos os paladares.","Para Casa","EAN/GTIN: 7622210674319",9.90,1
"Chocolate Laka com Diamante Negro Lacta 80 g","36342808","Marca: Lacta. Categoria: Mercearia. Tipo: Chocolates e Doces. Embalagem: Barra de 80g. O chocolate Lacta Laka e Diamante Negro é uma deliciosa opção para quem busca um momento de prazer. Com sua combinação de sabores, é perfeito para consumo individual ou compartilhado. Disponível em Cuiabá e Várzea Grande, é uma escolha que agrada a todos os paladares.","Para Casa","EAN/GTIN: 7622210575630",8.90,1
"Chocolate Suflair Nestlé 80 g","36134367","Marca: Nestlé. Categoria: Mercearia. Tipo: Chocolates e Doces. Embalagem: 80g. Chocolate Suflair Nestlé 80 g Nestlé CHOCOLATES E DOCES CHOCOLATE CHOCOLATE EM BARRA E PACOTE 80g Para Casa Mercearia Chocolates e Doces","Para Casa","EAN/GTIN: 7891000329856",10.90,3
"Clips de Metal Colorido 28 mm 80 un","P384","Categoria: Casa e Utilidades. Tipo: Papelaria. Embalagem: 80 Peças. Clips de Metal Colorido 28 mm 80 un UTENSÍLIOS E UTILIDADES PAPELARIA MATERIAL DE PAPELARIA 80 Peças Para Casa Casa e Utilidades Papelaria","Para Casa","EAN/GTIN: 7898736290160",3.20,6
"Coador de Café de Pano com Suporte Plástico 15 cm","C0096","Categoria: Mercearia. Tipo: Café. Embalagem: 15cm. Coador de Café de Pano com Suporte Plástico 15 cm CAFÉ DA MANHÃ CAFÉ FILTRO E COADOR DE CAFÉ 15cm Para Casa Mercearia Café","Para Casa","EAN/GTIN: 7896900204241",13.90,5
"Coador de Café de Tecido com Suporte de Madeira 1 un","C0098","Categoria: Mercearia. Tipo: Café. Embalagem: Unidade. Coador de Café de Tecido com Suporte de Madeira 1 un CAFÉ DA MANHÃ CAFÉ FILTRO E COADOR DE CAFÉ Unidade Para Casa Mercearia Café","Para Casa","EAN/GTIN: 7899772513671",16.90,5
"Coador de Pano com Madeira 1 un","P0100","Categoria: Casa e Utilidades. Tipo: Cozinha. Embalagem: Unidade. Coador de Pano com Madeira 1 un LIMPEZA PANOS E PAPÉIS PANO DE LIMPEZA Unidade Para Casa Casa e Utilidades Cozinha","Para Casa","EAN/GTIN: 7898026440015",5.90,11
"Coador de Pano com Madeira 1 un","P0099","Categoria: Casa e Utilidades. Tipo: Cozinha. Embalagem: Unidade. Coador de Pano com Madeira 1 un LIMPEZA PANOS E PAPÉIS PANO DE LIMPEZA Unidade Para Casa Casa e Utilidades Cozinha","Para Casa","EAN/GTIN: 7898026440169",7.90,10
"Coco Ralado Adelcoco 100 g","P0101","Marca: Adelcoco. Categoria: Mercearia. Tipo: Confeitaria. Embalagem: 100g. O coco ralado da Adelcoco é um ingrediente versátil, ideal para diversas receitas, como bolos, tortas e doces. Em Cuiabá e Várzea Grande, ele é muito utilizado para dar um toque especial em sobremesas. Experimente adicionar esse sabor tropical às suas preparações e surpreenda-se com o resultado.","Para Casa","EAN/GTIN: 7896552905282",3.90,2
"Coentro em Pó Itapero 20 g","7895639000193","Marca: Itapero. Categoria: Mercearia. Tipo: Temperos. Embalagem: 20g. Coentro em pó da marca Lida Itapero, embalagem de 20g, EAN 7895639000193. Ingrediente: Coentro em pó. NÃO CONTÉM GLÚTEN. Conservar em local limpo, seco e arejado.","Para Casa","EAN/GTIN: 7895639000193",1.89,8
"Coentro em Pó Real Sabor 25 g","7899767334854","Marca: Real sabor. Categoria: Mercearia. Tipo: Temperos. Embalagem: 25g. O Coentro em Pó Ltt Real Sabor é um tempero versátil que traz o sabor característico da culinária do Oriente Médio para suas receitas. Embalado em sachê de 50g, é ideal para temperar carnes, sopas, pães e outros pratos tradicionais.","Para Casa","EAN/GTIN: 7899767334854",1.89,1
"Cogumelo em Sachê Castelo 80 g","sseP7","Marca: Castelo. Categoria: Mercearia. Tipo: Enlatados e Conservas. Embalagem: 80g. Cogumelo em Sachê Castelo 80 g Castelo MERCEARIA BÁSICA ENLATADOS CONSERVAS E ENLATADOS 80g Para Casa Mercearia Enlatados e Conservas","Para Casa","EAN/GTIN: 7898922618389",6.90,10
"Cola Instantânea S.Three Bond","P0102","Marca: S.Three Bond. Categoria: Casa e Utilidades. Tipo: Papelaria. Embalagem: Unidade. A cola instantânea S.Three Bond é ideal para colagem rápida e eficaz de diversos materiais, como madeira, couro e cerâmica. Em Cuiabá e Várzea Grande, você pode contar com a praticidade desse adesivo para suas necessidades do dia a dia. É uma opção confiável para quem busca agilidade em pequenos reparos e projetos de artesanato.","Para Casa","EAN/GTIN: 7896020470427",2.50,21
"Colher de Bambu com Fenda 1 un","P348","Categoria: Casa e Utilidades. Tipo: Cozinha. Embalagem: Unidade. A colher de bambu com fenda é um utensílio prático e versátil para a sua cozinha. Ideal para mexer e servir alimentos, ela é perfeita para quem busca uma opção sustentável e funcional. Na Dona Antônia, em Cuiabá e Várzea Grande, você encontra essa colher que combina beleza e utilidade, tornando seu dia a dia mais fácil.","Para Casa","EAN/GTIN: 7908153036217",5.30,5
"Colher Multiuso de Bambu Unidade","P349","Categoria: Casa e Utilidades. Tipo: Cozinha. Embalagem: Unidade. A colher multiuso de bambu é um utensílio essencial para a sua cozinha, ideal para preparar e servir diversas receitas. Feita de bambu, ela é uma opção sustentável e prática, perfeita para quem valoriza produtos naturais. Em Cuiabá e Várzea Grande, a Dona Antônia oferece essa colher para facilitar o seu dia a dia na cozinha.","Para Casa","EAN/GTIN: 7897996700051",6.49,3
"Coloração Capilar Louro Escuro Acinzentado Cor&Ton 6.1 1 un","135442S","Marca: Cor&Ton. Categoria: Cabelos. Tipo: Coloração Capilar. Embalagem: 1 un. Coloração Capilar Louro Escuro Acinzentado Cor&Ton 6.1 1 un Cor&Ton BELEZA CABELO COLORAÇÃO CAPILAR 1 un Para Você Cabelos Coloração Capilar","Para Você","EAN/GTIN: 7896000716712",16.90,3
"Colorau Itapero 60 g","7895639000070","Marca: Itapero. Categoria: Mercearia. Tipo: Temperos. Embalagem: 60g. Farinha de milho enriquecida com ferro e ácido fólico, urucum moído e óleo de soja. NÃO CONTÉM GLÚTEN, CONTÉM GMO, CONTÉM SOJA, CONTÉM FARINHA DE MILHO OGM.","Para Casa","EAN/GTIN: 7895639000070",1.89,1
"Colorífico Diodoro 20 g","diodoro.colorifico.01","Marca: Diodoro. Categoria: Mercearia. Tipo: Temperos. Embalagem: 20g. O tempero colorífico Diodoro é ideal para conferir uma cor vibrante a diversos pratos, como manteiga, queijos, massas e carnes. Em Cuiabá e Várzea Grande, ele é um ingrediente muito utilizado na culinária local. Experimente adicionar esse toque especial às suas receitas e surpreenda-se com o resultado.","Para Casa","EAN/GTIN: 7898568540204",2.69,7
"Colorífico Real Sabor 40 g","7899767334861","Marca: Real sabor. Categoria: Mercearia. Tipo: Temperos. Embalagem: 40g. Colorífico Lida Real Sabor em embalagem de pacote com 85g, composto por fubá, extrato de urucum e óleo de soja, utilizado para conferir cor avermelhada a diversos alimentos.","Para Casa","EAN/GTIN: 7899767334861",1.89,17
"Colorífico Sinhá 100 g","7892300030596","Marca: Sinhá. Categoria: Mercearia. Tipo: Temperos. Embalagem: 100 g. O Colorífico Sinhá é um corante natural em pó fino, produzido a partir de farinha de milho enriquecida com ferro e ácido fólico, óleo de soja refinado e extrato de urucum. Utilizado para dar cor aos alimentos sem alterar seu sabor, é ideal para preparos como arroz, carnes, ensopados, molhos, pães e bolos. A embalagem contém 100 g e não contém glúten.","Para Casa","EAN/GTIN: 7892300030596",2.29,30
"Composto lácteo com açúcar Merilú 400 g","P0206","Marca: Merilu. Categoria: Mercearia. Tipo: Café. Embalagem: 400g. O composto lácteo com açúcar Merilú é ideal para preparar bebidas e receitas culinárias. Com sua embalagem de 400g, é uma opção prática para quem busca sabor e versatilidade na cozinha. Disponível na Dona Antônia, em Cuiabá e Várzea Grande, é uma escolha confiável para o seu dia a dia.","Para Casa","EAN/GTIN: 7898239260745",10.90,10
"Condicionador Clássico Neutrox 300 ml","784740O","Marca: Neutrox. Categoria: Cabelos. Tipo: Condicionador. Embalagem: 300ml. O Condicionador Neutrox Clássico é ideal para o cuidado diário dos cabelos. Com sua fórmula suave, ele ajuda a desembaraçar e hidratar os fios, tornando-os mais macios e fáceis de pentear. Perfeito para quem busca um produto de qualidade para a rotina de cuidados capilares, disponível na Dona Antônia em Cuiabá e Várzea Grande.","Para Você","EAN/GTIN: 7891176117646",16.90,3
"Condicionador Detox Palmolive 350 ml","25884009","Marca: Palmolive. Categoria: Cabelos. Tipo: Condicionador. Embalagem: 350ml. Condicionador Detox Palmolive 350 ml Palmolive SHAMPOO E CONDICIONADOR CONDICIONADOR CONDICIONADOR CAPILAR 350ml Para Você Cabelos Condicionador limpeza profunda oleosidade cabelo oleoso remover residuos purificacao","Para Você","EAN/GTIN: 7891024042915",13.90,1
"Condicionador Glicerina Pampers 200 ml","510635I","Marca: Pampers. Categoria: Bebê. Tipo: Banho do Bebê. Embalagem: 200ml. Condicionador Glicerina Pampers 200 ml Pampers BEBÊ BANHO SHAMPOO E CONDICIONADOR INFANTIL 200ml Para Você Bebê Banho do Bebê","Para Você","EAN/GTIN: 7891033519354",25.90,1
"Condicionador Limpante Comigo Ninguém Pode Lola Cosmetics 450 g","102577H","Marca: Lola Cosmetics. Categoria: Cabelos. Tipo: Condicionador. Embalagem: 450g. Condicionador Limpante Comigo Ninguém Pode Lola Cosmetics 450 g Lola Cosmetics SHAMPOO E CONDICIONADOR CONDICIONADOR CONDICIONADOR CAPILAR 450g Para Você Cabelos Condicionador","Para Você","EAN/GTIN: 7899572809882",32.90,1
"Condicionador Meu Cacho Minha Vida Lola Cosmetics 500 ml","pij890","Marca: Lola Cosmetics. Categoria: Cabelos. Tipo: Condicionador. Embalagem: 500ml. Condicionador Meu Cacho Minha Vida Lola Cosmetics 500 ml Lola Cosmetics SHAMPOO E CONDICIONADOR SHAMPOO SHAMPOO CAPILAR 500ml Para Você Cabelos Condicionador","Para Você","EAN/GTIN: 7899572806768",27.90,1
"Condicionador Morte Súbita Lola Cosmetics 250 ml","190859X","Marca: Lola Cosmetics. Categoria: Cabelos. Tipo: Condicionador. Embalagem: 250ml. Condicionador Morte Súbita Lola Cosmetics 250 ml Lola Cosmetics SHAMPOO E CONDICIONADOR CONDICIONADOR CONDICIONADOR CAPILAR 250ml Para Você Cabelos Condicionador","Para Você","EAN/GTIN: 7899572805365",23.90,5
"Condicionador para Bebê de Glicerina Johnson’s 200 ml","P-U5EZ","Marca: Johnson’s. Categoria: Bebê. Tipo: Banho do Bebê. Embalagem: 200ml. Condicionador para Bebê de Glicerina Johnson’s 200 ml Johnson’s BEBÊ BANHO SHAMPOO E CONDICIONADOR INFANTIL 200ml Para Você Bebê Banho do Bebê","Para Você","EAN/GTIN: 7891010030452",19.90,3
"Condicionador Reconstrução e Força TRESemmé 650 ml","685601C","Marca: TRESemmé. Categoria: Cabelos. Tipo: Condicionador. Embalagem: 650ml. O condicionador TRESemmé Reconstrução e Força é ideal para fortalecer e reconstruir cabelos fracos e danificados. Com sua fórmula, ajuda a reduzir a quebra dos fios, proporcionando um cuidado especial desde o primeiro uso. Disponível na Dona Antônia, em Cuiabá e Várzea Grande, é uma escolha confiável para quem busca cabelos mais saudáveis.","Para Você","EAN/GTIN: 7891150091238",29.90,6
"Condor Escova de Cabelo Redonda Amarelo Belle 1un","P36","Marca: Condor. Categoria: Cabelos. Tipo: Escovas e Pentes. Embalagem: 1 un. Condor Escova de Cabelo Redonda Amarelo Belle 1un Condor BELEZA CABELO ESCOVA E PENTE DE CABELO 1 un Para Você Cabelos Escovas e Pentes","Para Você","EAN/GTIN: 7891055656426",13.90,2
"Condor Vassoura sem Cabo","7891055240489","Marca: Condor. Categoria: Limpeza. Tipo: Acessórios de Limpeza. Embalagem: SEM CABO. Condor Vassoura sem Cabo Condor LIMPEZA VASSOURA, RODO E PÁ ACESSÓRIO DE LIMPEZA SEM CABO Para Casa Limpeza Acessórios de Limpeza","Para Casa","EAN/GTIN: 7891055240489",6.49,100
"Conserva de Legumes Seleta Bonare 170 g","bonare.legumes.170","Marca: Bonare. Categoria: Mercearia. Tipo: Enlatados e Conservas. Embalagem: Lata 170g. A conserva Bonare Seleta de Legumes é uma opção prática e saborosa para complementar suas refeições. Ideal para saladas, sopas ou como guarnição, ela traz um toque especial ao seu prato. Disponível em Cuiabá e Várzea Grande, é uma escolha confiável para quem busca qualidade e sabor no dia a dia.","Para Casa","EAN/GTIN: 7899659900815",4.90,5
"Conserva de Milho Verde Bonare 170 g","bonare.milho.170","Marca: Bonare. Categoria: Mercearia. Tipo: Enlatados e Conservas. Embalagem: Lata 170g. A conserva de milho verde Bonare é uma opção prática e saborosa para suas refeições. Ideal para incrementar saladas, tortas, arroz, farofas, sopas e cremes, ela traz um toque especial aos pratos do dia a dia. Disponível em Cuiabá e Várzea Grande, é uma escolha confiável para quem busca qualidade em alimentos enlatados.","Para Casa","EAN/GTIN: 7896292343702",5.50,8
"Conserva de Seleta de Legumes Olé 170 g","ole.legumes.170","Marca: Olé. Categoria: Mercearia. Tipo: Enlatados e Conservas. Embalagem: 170g. A seleta de legumes da marca Olé é uma opção prática e saborosa para suas refeições. Ideal para adicionar em saladas, sopas ou como guarnição, esse produto é perfeito para quem busca conveniência na cozinha. Disponível em Cuiabá e Várzea Grande, a seleta de legumes é uma escolha confiável para o dia a dia.","Para Casa","EAN/GTIN: 7891032012504",3.99,18
"Copo Americano 190 ml","13775365","Categoria: Casa e Utilidades. Tipo: Cozinha. Embalagem: 190ml. Copo Americano 190 ml UTENSÍLIOS E UTILIDADES COZINHA COPOS, GARRAFAS E POTES 190ml Para Casa Casa e Utilidades Cozinha","Para Casa","EAN/GTIN: 2716137753655",1.89,32
"Copo de Plástico para Colorir Tema Unicórnio 350 ml","P409","Categoria: Casa e Utilidades. Tipo: Cozinha. Embalagem: 350ml. Copo de Plástico para Colorir Tema Unicórnio 350 ml UTENSÍLIOS E UTILIDADES COZINHA COPOS, GARRAFAS E POTES 350ml Para Casa Casa e Utilidades Cozinha","Para Casa","",3.50,20
"Copo de Vidro Reforçado 400 ml","999599U","Categoria: Casa e Utilidades. Tipo: Cozinha. Embalagem: 400ml. Copo de Vidro Reforçado 400 ml UTENSÍLIOS E UTILIDADES COZINHA COPOS, GARRAFAS E POTES 400ml Para Casa Casa e Utilidades Cozinha","Para Casa","EAN/GTIN: 7890006762872",6.90,10
"Copo Jogo 6 Taças de Vidro Bellagium","1705470089","Categoria: Casa e Utilidades. Tipo: Cozinha. Embalagem: 6 un. Copo Jogo 6 Taças de Vidro Bellagium UTENSÍLIOS E UTILIDADES COZINHA COPOS, GARRAFAS E POTES 6 un Para Casa Casa e Utilidades Cozinha","Para Casa","EAN/GTIN: 7898996698638",39.90,4
"Copo para Colorir de Plástico Tema Futebol 350 ml","P410","Categoria: Casa e Utilidades. Tipo: Cozinha. Embalagem: 350ml. Copo para Colorir de Plástico Tema Futebol 350 ml UTENSÍLIOS E UTILIDADES COZINHA COPOS, GARRAFAS E POTES 350ml Para Casa Casa e Utilidades Cozinha","Para Casa","",3.50,20
"Cortador de Unha de Ferro com Detalhe Colorido 1 un","P351","Categoria: Beleza e Cuidados. Tipo: Unhas. Embalagem: 1 un. Cortador de Unha de Ferro com Detalhe Colorido 1 un BELEZA MANICURE ESMALTE 1 un Para Você Beleza e Cuidados Unhas","Para Você","EAN/GTIN: 7898709519410",2.90,3
"Cortador de Unha de Ferro Prateado 1 un","P352","Categoria: Beleza e Cuidados. Tipo: Unhas. Embalagem: 1 un. Cortador de Unha de Ferro Prateado 1 un BELEZA MANICURE ESMALTE 1 un Para Você Beleza e Cuidados Unhas","Para Você","EAN/GTIN: 7899790922547",4.50,12
"Cortador de Unha Inox Infantil Urso Sortidos 1un","P353","Categoria: Beleza e Cuidados. Tipo: Unhas. Embalagem: 1 un. Cortador de Unha Inox Infantil Urso Sortidos 1un BELEZA MANICURE ESMALTE 1 un Para Você Beleza e Cuidados Unhas","Para Você","EAN/GTIN: 7908174957218",5.50,4
"Cortina para Pia com Estampas Variadas 135 x 70 cm","P385","Categoria: Casa e Utilidades. Tipo: Utilidades Domésticas. Embalagem: 135X70Cm. Cortina para Pia com Estampas Variadas 135 x 70 cm UTENSÍLIOS E UTILIDADES CASA UTILIDADE DOMÉSTICA 135X70Cm Para Casa Casa e Utilidades Utilidades Domésticas","Para Casa","EAN/GTIN: 7896396109167",4.90,2
"Creme Alisante Hair Vintage Girl Lola Cosmetics 100 g","186573W","Marca: Lola Cosmetics. Categoria: Cabelos. Tipo: Tratamentos Capilares. Embalagem: 100g. Creme Alisante Hair Vintage Girl Lola Cosmetics 100 g Lola Cosmetics BELEZA CABELO TRATAMENTO CAPILAR 100g Para Você Cabelos Tratamentos Capilares","Para Você","EAN/GTIN: 7899572803095",28.90,2
"Creme Capilar Manteiga Karité Kanechom 1 kg","799931K","Marca: Kanechom. Categoria: Cabelos. Tipo: Tratamentos Capilares. Embalagem: 1kg. Creme Capilar Manteiga Karité Kanechom 1 kg Kanechom BELEZA CABELO MÁSCARA CAPILAR 1kg Para Você Cabelos Tratamentos Capilares","Para Você","EAN/GTIN: 7893694058661",12.90,3
"Creme Capilar Super Hialu Kanechom 1 kg","574919W","Marca: Kanechom. Categoria: Cabelos. Tipo: Tratamentos Capilares. Embalagem: 1kg. Creme Capilar Super Hialu Kanechom 1 kg Kanechom BELEZA CABELO MÁSCARA CAPILAR 1kg Para Você Cabelos Tratamentos Capilares","Para Você","EAN/GTIN: 7893694005245",12.90,3
"Creme de Avelã com Cacau Nutella 350 g","6992610625","Marca: Nutella. Categoria: Mercearia. Tipo: Chocolates e Doces. Embalagem: 350g. Creme de Avelã com Cacau Nutella 350 g Nutella CHOCOLATES E DOCES CREME DOCE CREME DE AVELÃ 350g Para Casa Mercearia Chocolates e Doces","Para Casa","EAN/GTIN: 7898024394181",35.90,2
"Creme de Avelã Creme Branco Carrefour 350 g","2778390116","Marca: Carrefour. Categoria: Mercearia. Tipo: Chocolates e Doces. Embalagem: 350g. O creme de avelã com cacau e creme branco da Carrefour é uma opção deliciosa para quem busca um sabor único. Ideal para ser consumido com pães, torradas ou como recheio de bolos e tortas, ele traz um toque especial às suas receitas. Disponível na Dona Antônia, em Cuiabá e Várzea Grande, é uma escolha prática e saborosa para o seu dia a dia.","Para Casa","EAN/GTIN: 7891103202476",25.90,2
"Creme de Cebola Sinhá 62 g","P0106","Marca: Sinhá. Categoria: Mercearia. Tipo: Temperos. Embalagem: 62g. Creme de Cebola Sinhá 62 g Sinhá TEMPEROS TEMPERO TEMPERO SECO E ERVAS 62g Para Casa Mercearia Temperos","Para Casa","EAN/GTIN: 7892300003118",5.90,6
"Creme de Leite Leve Italac 200 g","6912240523","Marca: Piracanjuba. Categoria: Mercearia. Tipo: Confeitaria. Embalagem: 200g. Creme de Leite Leve Italac 200 g Piracanjuba CONFEITARIA CREME DE LEITE INGREDIENTE PARA SOBREMESA 200g Para Casa Mercearia Confeitaria","Para Casa","EAN/GTIN: 7898080640222",3.69,3
"Creme de Leite Mococa 200 g","P0240","Marca: Mococa. Categoria: Mercearia. Tipo: Confeitaria. Embalagem: 200g. Creme de Leite Mococa 200 g Mococa CONFEITARIA CREME DE LEITE INGREDIENTE PARA SOBREMESA 200g Para Casa Mercearia Confeitaria","Para Casa","EAN/GTIN: 7891030300306",2.89,10
"Creme de Leite Piracanjuba 200 g","P0108","Marca: Piracanjuba. Categoria: Mercearia. Tipo: Confeitaria. Embalagem: 200g. Creme de Leite Piracanjuba 200 g Piracanjuba CONFEITARIA CREME DE LEITE INGREDIENTE PARA SOBREMESA 200g Para Casa Mercearia Confeitaria","Para Casa","EAN/GTIN: 7898215151784",3.69,10
"Creme de Pentear Cronograma Kolene 500 ml","P-6CPP","Marca: Kolene. Categoria: Cabelos. Tipo: Creme de Pentear. Embalagem: 500ml. Creme de Pentear Cronograma Kolene 500 ml Kolene BELEZA CABELO CREME DE PENTEAR 500ml Para Você Cabelos Creme de Pentear","Para Você","EAN/GTIN: 7908324404364",16.90,1
"Creme de Pentear Curvaturas Kolene 500 ml","P-G0XN","Marca: Kolene. Categoria: Cabelos. Tipo: Creme de Pentear. Embalagem: 500ml. Creme de Pentear Curvaturas Kolene 500 ml Kolene BELEZA CABELO CREME DE PENTEAR 500ml Para Você Cabelos Creme de Pentear","Para Você","EAN/GTIN: 7908324404098",16.90,1
"Creme de Pentear Elseve Collagem Lifter 250 ml","868319K-COPIA-15893","Marca: Elseve. Categoria: Cabelos. Tipo: Creme de Pentear. Embalagem: 250ml. O creme de pentear Elseve Collagem Lifter é ideal para quem busca cabelos com movimento natural e controle do frizz. Com peptídeos de colágeno, ele proporciona hidratação e brilho, ajudando a manter os cabelos saudáveis e disciplinados. A Dona Antônia oferece este produto em Cuiabá e Várzea Grande, trazendo praticidade para o seu dia a dia.","Para Você","EAN/GTIN: 7908966528534",24.90,6
"Creme de Pentear Meu Cacho Minha Vida Lola Cosmetics 500 g","p009s3_COPIA","Marca: Lola Cosmetics. Categoria: Cabelos. Tipo: Creme de Pentear. Embalagem: 500ml. Creme de Pentear Meu Cacho Minha Vida Lola Cosmetics 500 g Lola Cosmetics SHAMPOO E CONDICIONADOR SHAMPOO SHAMPOO CAPILAR 500ml Para Você Cabelos Creme de Pentear","Para Você","EAN/GTIN: 7899572806775",34.90,1
"Creme de Pentear Milagroso 3 em 1 Óleo Extraordinário L'Oréal Paris 500 ml","7908615060644","Categoria: Cabelos. Tipo: Creme de Pentear. Embalagem: 500 ml. O Creme Milagroso 3 em 1 Óleo Extraordinário da L'ORÉAL PARIS é um tratamento multifuncional para cabelos secos, disponível em embalagem de 500 ml. Sua fórmula combina 6 óleos de flores preciosas, proporcionando hidratação profunda sem pesar nos fios. Pode ser utilizado como creme de pentear, tratamento intensivo ou super-condicionador, oferecendo versatilidade no cuidado capilar.","Para Você","EAN/GTIN: 7908615060644",49.60,2
"Creme de Tratamento Brasil Maracujá e Óleo de Patauá Skala 1 kg","7897042013227","Marca: Skala. Categoria: Cabelos. Tipo: Tratamentos Capilares. Embalagem: 1000g. O Creme de Tratamento Skala Brasil Maracujá e Óleo de Patauá 1000g é um produto desenvolvido para nutrir e revitalizar cabelos secos e danificados. Sua fórmula combina o extrato de maracujá e o óleo de patauá, conhecidos por suas propriedades hidratantes e fortalecedoras, proporcionando brilho intenso e resistência aos fios. Livre de sulfatos, parabenos, petrolato, silicones e óleo mineral, é dermatologicamente testado e liberado para uso em todas as etapas do cronograma capilar.","Para Você","EAN/GTIN: 7897042013227",14.90,2
"Creme de Tratamento Cachos Longos dos Sonhos Elseve 300 g","480588C","Marca: Elseve. Categoria: Cabelos. Tipo: Tratamentos Capilares. Embalagem: 300g. Creme de Tratamento Cachos Longos dos Sonhos Elseve 300 g Elseve BELEZA CABELO TRATAMENTO CAPILAR 300g Para Você Cabelos Tratamentos Capilares cabelo cacheado cabelo crespo cabelo ondulado definicao de cachos definir cachos","Para Você","EAN/GTIN: 7899706197489",28.90,1
"Creme de Tratamento Capilar Ultraprofundo Novex 1 kg","277065F","Marca: Novex. Categoria: Cabelos. Tipo: Tratamentos Capilares. Embalagem: 1kg. Creme de Tratamento Capilar Ultraprofundo Novex 1 kg Novex BELEZA CABELO TRATAMENTO CAPILAR 1kg Para Você Cabelos Tratamentos Capilares","Para Você","EAN/GTIN: 7896013539148",26.90,2
"Creme de Tratamento Liso dos Sonhos Elseve 300 g","516782Z","Marca: Elseve. Categoria: Cabelos. Tipo: Tratamentos Capilares. Embalagem: 300g. Creme de Tratamento Liso dos Sonhos Elseve 300 g Elseve BELEZA CABELO TRATAMENTO CAPILAR 300g Para Você Cabelos Tratamentos Capilares cabelo liso cabelo alisado efeito liso reduzir volume","Para Você","EAN/GTIN: 7908785461456",28.90,5
"Creme de Tratamento Óleo Extraordinário para Nutrição Elseve","P-RWN5","Marca: Elseve. Categoria: Cabelos. Tipo: Tratamentos Capilares. Embalagem: Unidade. Creme de Tratamento Óleo Extraordinário para Nutrição Elseve Elseve BELEZA CABELO TRATAMENTO CAPILAR Unidade Para Você Cabelos Tratamentos Capilares","Para Você","EAN/GTIN: 7898587774475",28.90,4
"Creme de Tratamento Preenchedor Hidra Hialurônico Elseve 300 g","322509N","Marca: Elseve. Categoria: Cabelos. Tipo: Tratamentos Capilares. Embalagem: 300g. Creme de Tratamento Preenchedor Hidra Hialurônico Elseve 300 g Elseve BELEZA CABELO TRATAMENTO CAPILAR 300g Para Você Cabelos Tratamentos Capilares","Para Você","EAN/GTIN: 7899706187480",28.90,5
"Creme de Tratamento Pure Hialurônico Elseve 300 g","662239W","Marca: Elseve. Categoria: Cabelos. Tipo: Tratamentos Capilares. Embalagem: 300g. Creme de Tratamento Pure Hialurônico Elseve 300 g Elseve BELEZA CABELO TRATAMENTO CAPILAR 300g Para Você Cabelos Tratamentos Capilares","Para Você","EAN/GTIN: 7899706244008",28.90,3
"Creme de Tratamento Reparação Total Elseve 300 g","985503J","Marca: Elseve. Categoria: Cabelos. Tipo: Tratamentos Capilares. Embalagem: 300g. Creme de Tratamento Reparação Total Elseve 300 g Elseve BELEZA CABELO TRATAMENTO CAPILAR 300g Para Você Cabelos Tratamentos Capilares cabelo danificado cabelo fraco quebra dos fios fortalecer cabelo reparar danos","Para Você","EAN/GTIN: 7899026457645",28.90,3
"Creme Dental Clareador Carvão Ativado Colgate 90 g","362902G","Marca: Colgate. Categoria: Higiene Pessoal. Tipo: Higiene Bucal. Embalagem: 90g. O creme dental Colgate Clareador Carvão Ativado é ideal para a higiene bucal diária. Com sua fórmula especial, ajuda na prevenção de cáries e na remoção de manchas, proporcionando um sorriso mais branco e um hálito fresco. Disponível na Dona Antônia, em Cuiabá e Várzea Grande, é uma escolha confiável para manter a saúde bucal em dia.","Para Você","EAN/GTIN: 6920354824395",9.50,4
"Creme Dental Infantil Tandy Morango Colgate 50 g","205075S","Marca: Colgate. Categoria: Higiene Pessoal. Tipo: Higiene Bucal. Embalagem: 50g. Creme Dental Infantil Tandy Morango Colgate 50 g Colgate HIGIENE HIGIENE BUCAL CREME DENTAL 50g Para Você Higiene Pessoal Higiene Bucal","Para Você","EAN/GTIN: 7891528038810",7.90,10
"Creme Dental Luminous White Color Correct Colgate 70 g","570460I","Marca: Colgate. Categoria: Higiene Pessoal. Tipo: Higiene Bucal. Embalagem: 70g. Creme Dental Luminous White Color Correct Colgate 70 g Colgate HIGIENE HIGIENE BUCAL CREME DENTAL 70g Para Você Higiene Pessoal Higiene Bucal","Para Você","EAN/GTIN: 7509546700434",10.90,2
"Creme Dental Máxima Proteção Anticáries Colgate 90 g","930126K","Marca: Colgate. Categoria: Higiene Pessoal. Tipo: Higiene Bucal. Embalagem: 90g. Creme Dental Máxima Proteção Anticáries Colgate 90 g Colgate HIGIENE HIGIENE BUCAL CREME DENTAL 90g Para Você Higiene Pessoal Higiene Bucal","Para Você","EAN/GTIN: 7891024134702",5.49,12
"Creme Dental Menta Americana Closeup 70 g","90674849","Marca: Closeup. Categoria: Higiene Pessoal. Tipo: Higiene Bucal. Embalagem: 70g. Creme Dental Menta Americana Closeup 70 g Closeup HIGIENE HIGIENE BUCAL CREME DENTAL 70g Para Você Higiene Pessoal Higiene Bucal","Para Você","EAN/GTIN: 7891150049871",3.49,5
"Creme Dental Menta Closeup 70 g","90677467","Marca: Closeup. Categoria: Higiene Pessoal. Tipo: Higiene Bucal. Embalagem: 70g. Creme Dental Menta Closeup 70 g Closeup HIGIENE HIGIENE BUCAL CREME DENTAL 70g Para Você Higiene Pessoal Higiene Bucal","Para Você","EAN/GTIN: 7891150049895",3.49,10
"Creme Dental Sensitive Pro Alívio Imediato Xtreme Colgate 90 g","P5432B","Marca: Colgate. Categoria: Higiene Pessoal. Tipo: Higiene Bucal. Embalagem: 90g. Creme Dental Sensitive Pro Alívio Imediato Xtreme Colgate 90 g Colgate HIGIENE HIGIENE BUCAL CREME DENTAL 90g Para Você Higiene Pessoal Higiene Bucal","Para Você","EAN/GTIN: 7509546687858",9.90,4
"Creme Dental Sensitive Pro-Alívio Imediato Colgate 90 g","880338S","Marca: Colgate. Categoria: Higiene Pessoal. Tipo: Higiene Bucal. Embalagem: 90g. Creme Dental Sensitive Pro-Alívio Imediato Colgate 90 g Colgate HIGIENE HIGIENE BUCAL CREME DENTAL 90g Para Você Higiene Pessoal Higiene Bucal","Para Você","EAN/GTIN: 7891024041611",14.90,7
"Creme Dental Total 12 Anti-Tártaro Colgate 180 g","P1N45","Marca: Colgate. Categoria: Higiene Pessoal. Tipo: Higiene Bucal. Embalagem: 180g. O creme dental Colgate Total 12 Anti-Tártaro é ideal para a higiene bucal diária. Com sua fórmula, ajuda na prevenção de cáries e tártaro, proporcionando uma sensação de frescor. Disponível na Dona Antônia, em Cuiabá e Várzea Grande, é uma escolha confiável para manter seu sorriso saudável.","Para Você","EAN/GTIN: 7509546657738",13.70,4
"Creme Dental Total Original Mint Colgate 90 g","177613E","Marca: Colgate. Categoria: Higiene Pessoal. Tipo: Higiene Bucal. Embalagem: 90g. Creme Dental Total Original Mint Colgate 90 g Colgate HIGIENE HIGIENE BUCAL CREME DENTAL 90g Para Você Higiene Pessoal Higiene Bucal","Para Você","EAN/GTIN: 7509546702759",8.90,40
"Creme Facial Antissinais Ultraleve 7 em 1 NIVEA 100 g","228944B","Marca: NIVEA. Categoria: Beleza e Cuidados. Tipo: Cuidados com o Rosto. Embalagem: 100g. O NIVEA Creme Facial Antissinais Ultraleve 7 em 1 é ideal para quem busca um cuidado completo para a pele do rosto. Com sua fórmula leve, ele ajuda a combater os sinais de envelhecimento, proporcionando hidratação e suavidade. Disponível na Dona Antônia, em Cuiabá e Várzea Grande, é a escolha perfeita para manter sua pele saudável e radiante.","Para Você","EAN/GTIN: 42360414",36.90,4
"Creme Facial Noturno Revitalift Hialurônico Hidratante Preenchedor L'Oréal 49 g","7899706171588","Marca: LOREAL. Categoria: Beleza e Cuidados. Tipo: Cuidados com o Rosto. Embalagem: Caixa. Creme facial noturno antirrugas com 24h de hidratação, proporcionando resultados visíveis em um dia: sensação de pele hidratada e mais macia. Em 8 semanas: pele visivelmente mais jovem, com rugas menos visíveis.","Para Você","EAN/GTIN: 7899706171588",46.90,2
"Creme Facial Nutritivo Ultraleve 7 em 1 NIVEA 100 g","770604D","Marca: NIVEA. Categoria: Beleza e Cuidados. Tipo: Cuidados com o Rosto. Embalagem: 100g. O NIVEA Creme Facial Nutritivo Ultraleve 7 em 1 é ideal para quem busca um cuidado completo para a pele do rosto. Com uma fórmula leve, ele proporciona hidratação e nutrição, ajudando a manter a pele saudável e radiante. Disponível em Cuiabá e Várzea Grande, é a escolha perfeita para o seu dia a dia.","Para Você","EAN/GTIN: 42360407",36.90,8
"Creme Facial Uniformizador 7 em 1 NIVEA 100 g","999262Z","Marca: NIVEA. Categoria: Beleza e Cuidados. Tipo: Cuidados com o Rosto. Embalagem: 100g. O NIVEA Creme Facial Uniformizador 7 em 1 é ideal para quem busca uma pele radiante e uniforme. Com sua fórmula inovadora, ele oferece múltiplos benefícios em um único produto, promovendo hidratação e suavidade. Disponível em Cuiabá e Várzea Grande, é a escolha perfeita para o cuidado diário da sua pele.","Para Você","EAN/GTIN: 4005900950987",36.90,8
"Creme Hidratante em Lata NIVEA 145 g","P4K98","Marca: NIVEA. Categoria: Beleza e Cuidados. Tipo: Cuidados Corporais. Embalagem: 145g. O NIVEA Creme Hidratante é ideal para manter a pele suave e hidratada. Com sua fórmula rica, ele proporciona uma sensação de conforto e bem-estar. Disponível em Cuiabá e Várzea Grande, é a escolha perfeita para quem busca um cuidado especial para a pele.","Para Você","EAN/GTIN: 4005900408891",38.90,4
"Creme Hidratante Facial Soft NIVEA 97 g","136735K","Marca: NIVEA. Categoria: Beleza e Cuidados. Tipo: Cuidados com o Rosto. Embalagem: 97g. O NIVEA Creme Hidratante Facial Soft 97g é perfeito para quem busca um cuidado diário com a pele. Com uma fórmula leve, ele proporciona hidratação e frescor, deixando a pele do rosto macia e suave. Disponível na loja online Dona Antônia, que atende as regiões de Cuiabá e Várzea Grande, é uma escolha prática para sua rotina de beleza.","Para Você","EAN/GTIN: 4005808890590",34.90,3
"Creme para Pentear 12 em 1 Skala 1 kg","991954Y","Marca: Skala. Categoria: Cabelos. Tipo: Creme de Pentear. Embalagem: 1kg. Creme para Pentear 12 em 1 Skala 1 kg Skala BELEZA CABELO CREME DE PENTEAR 1kg Para Você Cabelos Creme de Pentear","Para Você","EAN/GTIN: 7897042009121",14.89,1
"Creme para Pentear Babosa Skala 1 kg","243006E","Marca: Skala. Categoria: Cabelos. Tipo: Creme de Pentear. Embalagem: 1kg. Creme para Pentear Babosa Skala 1 kg Skala BELEZA CABELO CREME DE PENTEAR 1kg Para Você Cabelos Creme de Pentear","Para Você","EAN/GTIN: 7897042005062",14.90,8
"Creme para Pentear Bomba de Vitaminas Skala 1 kg","112546L","Marca: Skala. Categoria: Cabelos. Tipo: Creme de Pentear. Embalagem: 1kg. Creme para Pentear Bomba de Vitaminas Skala 1 kg Skala BELEZA CABELO CREME DE PENTEAR 1kg Para Você Cabelos Creme de Pentear","Para Você","EAN/GTIN: 7897042007066",14.90,2
"Creme para Pentear Boom Definição Intensa Seda 1 kg","P-D69I","Marca: Seda. Categoria: Cabelos. Tipo: Creme de Pentear. Embalagem: 1kg. Creme para Pentear Boom Definição Intensa Seda 1 kg Seda BELEZA CABELO CREME DE PENTEAR 1kg Para Você Cabelos Creme de Pentear","Para Você","EAN/GTIN: 7891150095908",32.90,1
"Creme para Pentear Boom Definição Super Hidratação Seda 1 kg","P-UZFV","Marca: Seda. Categoria: Cabelos. Tipo: Creme de Pentear. Embalagem: 1kg. Creme para Pentear Boom Definição Super Hidratação Seda 1 kg Seda BELEZA CABELO CREME DE PENTEAR 1kg Para Você Cabelos Creme de Pentear cabelo seco cabelo ressecado ressecamento hidratar cabelo maciez","Para Você","EAN/GTIN: 7891150091788",32.90,2
"Creme para Pentear Ceramidas G3 Skala 1 kg","976162K","Marca: Skala. Categoria: Cabelos. Tipo: Creme de Pentear. Embalagem: 1kg. Creme para Pentear Ceramidas G3 Skala 1 kg Skala BELEZA CABELO CREME DE PENTEAR 1kg Para Você Cabelos Creme de Pentear","Para Você","EAN/GTIN: 7897042004904",14.90,4
"Creme para Pentear Ceramidas Seda 300 ml","647864M","Marca: Seda. Categoria: Cabelos. Tipo: Creme de Pentear. Embalagem: 300ml. Creme para Pentear Ceramidas Seda 300 ml Seda BELEZA CABELO CREME DE PENTEAR 300ml Para Você Cabelos Creme de Pentear","Para Você","EAN/GTIN: 7891037144705",12.90,3
"Creme para Pentear Cereja Skala 1 kg","180065T","Marca: Skala. Categoria: Cabelos. Tipo: Creme de Pentear. Embalagem: 1kg. Creme para Pentear Cereja Skala 1 kg Skala BELEZA CABELO CREME DE PENTEAR 1kg Para Você Cabelos Creme de Pentear","Para Você","EAN/GTIN: 7897042020683",14.90,1
"Creme para Pentear Colágeno Seda 300 ml","250442U","Marca: Seda. Categoria: Cabelos. Tipo: Creme de Pentear. Embalagem: 300ml. Creme para Pentear Colágeno Seda 300 ml Seda BELEZA CABELO CREME DE PENTEAR 300ml Para Você Cabelos Creme de Pentear","Para Você","EAN/GTIN: 7891150080102",12.90,4
"Creme para Pentear Divino Potão Skala 1 kg","202028T","Marca: Skala. Categoria: Cabelos. Tipo: Creme de Pentear. Embalagem: 1kg. Creme para Pentear Divino Potão Skala 1 kg Skala BELEZA CABELO CREME DE PENTEAR 1kg Para Você Cabelos Creme de Pentear","Para Você","EAN/GTIN: 7897042012473",14.90,4
"Creme para Pentear Genetiqs Glicólico Skala 1 kg","580210P","Marca: Skala. Categoria: Cabelos. Tipo: Creme de Pentear. Embalagem: 1kg. Creme para Pentear Genetiqs Glicólico Skala 1 kg Skala BELEZA CABELO CREME DE PENTEAR 1kg Para Você Cabelos Creme de Pentear","Para Você","EAN/GTIN: 7897042016907",14.90,7
"Creme para Pentear Glycolic Gloss Elseve 250 ml","868319K","Marca: Elseve. Categoria: Cabelos. Tipo: Creme de Pentear. Embalagem: 250ml. O creme de pentear Elseve Glycolic Gloss é ideal para quem busca brilho intenso e controle do frizz. Com ácido glicólico, ele proporciona proteção térmica e filtro UV, ajudando a manter os cabelos saudáveis e alinhados. A Dona Antônia oferece este produto em Cuiabá e Várzea Grande, garantindo praticidade no seu dia a dia.","Para Você","EAN/GTIN: 7908615059983",22.90,19
"Creme para Pentear Liso dos Sonhos Elseve 250 ml","7908785461500","Marca: Elseve. Categoria: Cabelos. Tipo: Creme de Pentear. Embalagem: 250ml. O creme para pentear Elseve Liso dos Sonhos é ideal para quem busca cabelos lisos e sem frizz. Com uma fórmula leve que contém queratina vegetal e AHA, ele proporciona hidratação e proteção térmica. A Dona Antônia oferece este produto em Cuiabá e Várzea Grande, facilitando o cuidado diário dos seus cabelos. Use nos cabelos úmidos ou secos e desfrute de um desembaraço imediato.","Para Você","EAN/GTIN: 7908785461500",18.90,3
"Creme para Pentear Liso Perfeito Seda 300 ml","9512490977","Marca: Seda. Categoria: Cabelos. Tipo: Creme de Pentear. Embalagem: 300ml. Creme para Pentear Liso Perfeito Seda 300 ml Seda BELEZA CABELO CREME DE PENTEAR 300ml Para Você Cabelos Creme de Pentear cabelo liso cabelo alisado efeito liso reduzir volume","Para Você","EAN/GTIN: 7891037010048",12.90,4
"Creme para Pentear Mais Cachos Skala 1 kg","151795D","Marca: Skala. Categoria: Cabelos. Tipo: Creme de Pentear. Embalagem: 1kg. Creme para Pentear Mais Cachos Skala 1 kg Skala BELEZA CABELO CREME DE PENTEAR 1kg Para Você Cabelos Creme de Pentear cabelo cacheado cabelo crespo cabelo ondulado definicao de cachos definir cachos","Para Você","EAN/GTIN: 7897042012312",14.90,3
"Creme para Pentear Mais Cachos Skala 250 ml","669110P","Marca: Skala. Categoria: Cabelos. Tipo: Creme de Pentear. Embalagem: 250ml. Creme para Pentear Mais Cachos Skala 250 ml Skala BELEZA CABELO CREME DE PENTEAR 250ml Para Você Cabelos Creme de Pentear cabelo cacheado cabelo crespo cabelo ondulado definicao de cachos definir cachos","Para Você","EAN/GTIN: 7897042016358",10.90,3
"Creme para Pentear Milagre Lola Cosmetics 450 g","851429Y","Marca: Lola Cosmetics. Categoria: Cabelos. Tipo: Creme de Pentear. Embalagem: 450g. Creme para Pentear Milagre Lola Cosmetics 450 g Lola Cosmetics BELEZA CABELO CREME DE PENTEAR 450g Para Você Cabelos Creme de Pentear","Para Você","EAN/GTIN: 7899572809844",32.90,4
"Creme para Pentear Morango Skala 1 kg","798463Z","Marca: Skala. Categoria: Cabelos. Tipo: Creme de Pentear. Embalagem: 1kg. Creme para Pentear Morango Skala 1 kg Skala BELEZA CABELO CREME DE PENTEAR 1kg Para Você Cabelos Creme de Pentear","Para Você","EAN/GTIN: 7897042019328",14.90,5
"Creme para Pentear Original Kolene 300 ml","970601C","Marca: Kolene. Categoria: Cabelos. Tipo: Creme de Pentear. Embalagem: 300ml. Creme para Pentear Original Kolene 300 ml Kolene BELEZA CABELO CREME DE PENTEAR 300ml Para Você Cabelos Creme de Pentear","Para Você","EAN/GTIN: 7891176113044",12.90,4
"Creme para Pentear Pretos Luminosos Seda 300 ml","535614N","Marca: Seda. Categoria: Cabelos. Tipo: Creme de Pentear. Embalagem: 300ml. Creme para Pentear Pretos Luminosos Seda 300 ml Seda BELEZA CABELO CREME DE PENTEAR 300ml Para Você Cabelos Creme de Pentear","Para Você","EAN/GTIN: 7898422745301",12.90,3
"Creme para Pentear Toque de Seda Seda 300 ml","916880C","Marca: Seda. Categoria: Cabelos. Tipo: Creme de Pentear. Embalagem: 300ml. Creme para Pentear Toque de Seda Seda 300 ml Seda BELEZA CABELO CREME DE PENTEAR 300ml Para Você Cabelos Creme de Pentear","Para Você","EAN/GTIN: 7891150101593",12.90,7
"Creme para Pentear Uva Skala 1 kg","326805S","Marca: Skala. Categoria: Cabelos. Tipo: Creme de Pentear. Embalagem: Pote de 1kg. O creme para pentear Skala Uva é ideal para hidratar e dar brilho aos cabelos cacheados, crespos e ondulados. Com sua fórmula leve, ajuda a controlar o frizz e proporciona proteção térmica. Disponível em Cuiabá e Várzea Grande, é uma ótima opção para o cuidado diário dos seus fios.","Para Você","EAN/GTIN: 7897042019311",14.90,5
"Creme Protetor Be(M)dita Praia Lola Cosmetics 90 g","7899572815265","Marca: Lola Cosmetics. Categoria: Cabelos. Tipo: Creme de Pentear. Embalagem: 90g. O Be(M)dita Praia Creme Protetor da Lola Cosmetics é um creme de 90g desenvolvido para proteger todos os tipos de cabelo contra os danos causados pelo sol, mar e piscina. Sua fórmula contém óleos de babaçu, buriti e oliva, que hidratam e desembaraçam os fios, prevenindo o ressecamento e a oxidação da cor. Pode ser aplicado antes, durante e após a exposição solar, além de oferecer proteção térmica contra ferramentas de calor.","Para Você","EAN/GTIN: 7899572815265",24.90,2
"Creme Protetor Bem Dita Praia Lola Cosmetics 250 ml","P-82DC","Marca: Lola Cosmetics. Categoria: Cabelos. Tipo: Tratamentos Capilares. Embalagem: 250ml. Creme Protetor Bem Dita Praia Lola Cosmetics 250 ml Lola Cosmetics BELEZA CABELO TRATAMENTO CAPILAR 250ml Para Você Cabelos Tratamentos Capilares","Para Você","EAN/GTIN: 7899572808717",28.90,4
"Creme Texturizador Transição Lola Cosmetics 500 g","P-BFI8","Marca: Lola Cosmetics. Categoria: Cabelos. Tipo: Tratamentos Capilares. Embalagem: 500g. Creme Texturizador Transição Lola Cosmetics 500 g Lola Cosmetics BELEZA CABELO TRATAMENTO CAPILAR 500g Para Você Cabelos Tratamentos Capilares","Para Você","EAN/GTIN: 7899572810871",29.90,1
"Curativo Tradicional Salvelox 10 un","P0109","Marca: Salvelox. Categoria: Higiene Pessoal. Tipo: Curativos. Embalagem: Unidade. Curativo Tradicional Salvelox 10 un Salvelox HIGIENE CURATIVOS CURATIVOS ADESIVOS Unidade Para Você Higiene Pessoal Curativos","Para Você","EAN/GTIN: 7896004816678",5.90,5
"Curry Real Sabor 20 g","7899767334793","Marca: Real sabor. Categoria: Mercearia. Tipo: Temperos. Embalagem: 20g. Tempero especial para aprimorar a culinária quente, deixando os pratos mais saborosos. Ingredientes: Farinha de milho enriquecida com ferro e ácido fólico, cúrcuma, feno grego, pimenta do reino.","Para Casa","EAN/GTIN: 7899767334793",1.89,4
"D Casa Tempero Ana Maria - Temperos 20g","6279010467","Marca: D Casa. Categoria: Mercearia. Tipo: Temperos. Embalagem: 20g. D Casa Tempero Ana Maria - Temperos 20g D Casa TEMPEROS TEMPERO TEMPERO PRONTO 20g Para Casa Mercearia Temperos","Para Casa","EAN/GTIN: 7898976041058",2.99,10
"Demaquilante Bifásico Nivea 125 ml","2007770566","Categoria: Beleza e Cuidados. Tipo: Cuidados com o Rosto. Embalagem: 125ml. O Demaquilante Bifásico NIVEA é ideal para remover maquiagem à prova d'água e impurezas da pele. Com uma fórmula suave, ele proporciona uma limpeza eficaz sem agredir a pele. Perfeito para o uso diário, é uma excelente opção para quem busca praticidade e eficiência na rotina de cuidados. Disponível em Cuiabá e Várzea Grande, é uma escolha confiável para manter sua pele limpa e fresca.","Para Você","EAN/GTIN: 4005808571147",25.90,2
"Descanso de Panela de Bambu Quadrado 13 x 13 cm","P0119","Categoria: Casa e Utilidades. Tipo: Cozinha. Embalagem: 13X13Cm. Descanso de Panela de Bambu Quadrado 13 x 13 cm UTENSÍLIOS E UTILIDADES COZINHA UTENSÍLIO DE COZINHA 13X13Cm Para Casa Casa e Utilidades Cozinha","Para Casa","EAN/GTIN: 7899790916287",5.50,8
"Descanso de Panela Quadrado Bambu Color 13 x 13 cm","P0120","Categoria: Casa e Utilidades. Tipo: Cozinha. Embalagem: 13X13Cm. Descanso de Panela Quadrado Bambu Color 13 x 13 cm UTENSÍLIOS E UTILIDADES COZINHA UTENSÍLIO DE COZINHA 13X13Cm Para Casa Casa e Utilidades Cozinha","Para Casa","EAN/GTIN: 7899790916263",5.50,8
"Descascador de Legumes Plástico Branco 12,5 cm","P0121","Categoria: Casa e Utilidades. Tipo: Cozinha. Embalagem: 12,5cm. Descascador de Legumes Plástico Branco 12,5 cm UTENSÍLIOS E UTILIDADES COZINHA UTENSÍLIO DE COZINHA 12,5cm Para Casa Casa e Utilidades Cozinha","Para Casa","EAN/GTIN: 7899850333429",3.90,5
"Desengordurante para Cozinha Refil Cif","9442830713","Marca: Cif. Categoria: Limpeza. Tipo: Limpadores. Embalagem: Unidade. Desengordurante para Cozinha Refil Cif Cif LIMPEZA LIMPADOR LIMPADOR MULTIUSO Unidade Para Casa Limpeza Limpadores","Para Casa","EAN/GTIN: 7891150038530",13.90,6
"Desinfetante Desaflora Roxo Remmus","P0127","Marca: Remmus. Categoria: Limpeza. Tipo: Desinfetantes. Embalagem: Unidade. Desinfetante Desaflora Roxo Remmus Remmus LIMPEZA DESINFETANTE DESINFETANTE DOMÉSTICO Unidade Para Casa Limpeza Desinfetantes","Para Casa","EAN/GTIN: 7898964012046",5.99,50
"Desinfetante e Desodorizador Sanitário 10x Harpic 500 ml","P-F0QU","Marca: Harpic. Categoria: Limpeza. Tipo: Desinfetantes. Embalagem: 500ml. Desinfetante e Desodorizador Sanitário 10x Harpic 500 ml Harpic LIMPEZA DESINFETANTE DESINFETANTE DOMÉSTICO 500ml Para Casa Limpeza Desinfetantes","Para Casa","EAN/GTIN: 7891035126000",14.90,3
"Desinfetante Eucalipto Oeste 2 L","P0125","Marca: Oeste. Categoria: Limpeza. Tipo: Desinfetantes. Embalagem: Unidade. Desinfetante Eucalipto Oeste 2 L Oeste LIMPEZA DESINFETANTE DESINFETANTE DOMÉSTICO Unidade Para Casa Limpeza Desinfetantes","Para Casa","EAN/GTIN: 7898247330805",6.50,2
"Desinfetante Eucalipto Remmus 2 L","7898964012015","Marca: Remmus. Categoria: Limpeza. Tipo: Desinfetantes. Embalagem: 2L. O Desinfetante Remmus Eucalipto 2L é ideal para a limpeza e desinfecção de diversos ambientes, eliminando 99,9% dos germes. Sua fragrância de eucalipto proporciona um aroma agradável, enquanto sua embalagem de 2 litros oferece economia e praticidade para uso doméstico e comercial.","Para Casa","EAN/GTIN: 7898964012015",6.90,6
"Desinfetante Floral Minuano 500 ml","6531320199","Marca: Minuano. Categoria: Limpeza. Tipo: Desinfetantes. Embalagem: 500ml. Desinfetante Floral Minuano 500 ml Minuano LIMPEZA DESINFETANTE DESINFETANTE DOMÉSTICO 500ml Para Casa Limpeza Desinfetantes","Para Casa","EAN/GTIN: 7897664140219",2.90,8
"Desinfetante Lavanda Lysoform 1 L","6212400053","Marca: Lysoform. Categoria: Limpeza. Tipo: Desinfetantes. Embalagem: 1 LITRO. Desinfetante Lavanda Lysoform 1 L Lysoform LIMPEZA DESINFETANTE DESINFETANTE DOMÉSTICO 1 LITRO Para Casa Limpeza Desinfetantes","Para Casa","EAN/GTIN: 7894650014202",17.90,1
"Desinfetante Lavanda Remmus 5 L","7898964012268","Marca: Remmus. Categoria: Limpeza. Tipo: Desinfetantes. Embalagem: 5L. O Desinfetante Lavanda Remmus 5L é um produto de limpeza doméstica que limpa, desinfeta e perfuma ambientes com sua fragrância de lavanda. Sua fórmula contém cloreto de alquil dimetil benzil amônio e cloreto de didecil dimetil amônio, agentes ativos com propriedades bactericidas e germicidas. Indicado para uso em pisos, paredes, louças sanitárias, ralos e superfícies em geral, eliminando microrganismos responsáveis pelo mau cheiro. A embalagem de 5 litros proporciona maior economia e praticidade para o usuário.","Para Casa","EAN/GTIN: 7898964012268",14.90,1
"Desinfetante Limão Pinho Sol 1 L","7891024195604","Marca: Pinho Sol. Categoria: Limpeza. Tipo: Desinfetantes. Embalagem: 1L. O Desinfetante Pinho Sol Limão 1L é um produto de limpeza doméstica que elimina 99,9% dos germes, bactérias e fungos, proporcionando uma limpeza eficaz e perfumada com fragrância de limão. Sua fórmula rende até 50 litros, permitindo diluição para uso em diversas superfícies. Ideal para desinfetar pisos, azulejos e outras áreas da casa, mantendo o ambiente higienizado e com aroma agradável.","Para Casa","EAN/GTIN: 7891024195604",15.90,3
"Desinfetante Multissuperfícies Power Action Lavanda Veja 1 L","veja.desinfetantemulti.1","Marca: Veja. Categoria: Limpeza. Tipo: Limpadores. Embalagem: 1 Litro. O desinfetante multisuperfícies Veja Power Action na fragrância lavanda é ideal para a limpeza e desinfecção de diversas superfícies em sua casa. Com sua fórmula eficaz, ele ajuda a manter o ambiente limpo e agradável. Disponível na Dona Antônia, você pode encontrá-lo em Cuiabá e Várzea Grande para facilitar sua rotina de limpeza.","Para Casa","EAN/GTIN: 7891035001673",12.90,7
"Desinfetante Natural Essentials Lavanda e Melaleuca Pinho Sol 1 L","7509546662770","Marca: Pinho Sol. Categoria: Limpeza. Tipo: Desinfetantes. Embalagem: 1L. O Desinfetante Pinho Sol Natural Essentials Lavanda e Melaleuca 1L combina ativos biodegradáveis com fragrância de lavanda e melaleuca, proporcionando limpeza eficaz e respeito ao meio ambiente. Sua fórmula elimina até 99,9% dos germes e bactérias, sendo indicada para desinfecção de azulejos, pisos, sanitários, pias e ralos. A embalagem de 1 litro é 100% reciclável, reforçando o compromisso com a sustentabilidade.","Para Casa","EAN/GTIN: 7509546662770",15.90,3
"Desinfetante Original Lysoform 1 L","1048790559","Marca: Lysoform. Categoria: Limpeza. Tipo: Desinfetantes. Embalagem: 1 LITRO. Desinfetante Original Lysoform 1 L Lysoform LIMPEZA DESINFETANTE DESINFETANTE DOMÉSTICO 1 LITRO Para Casa Limpeza Desinfetantes","Para Casa","EAN/GTIN: 7897000800548",17.90,2
"Desinfetante Original Pinho Sol 1 L","P4845","Marca: Pinho Sol. Categoria: Limpeza. Tipo: Desinfetantes. Embalagem: 1 Litro. Desinfetante Original Pinho Sol 1 L Pinho Sol LIMPEZA DESINFETANTE DESINFETANTE DOMÉSTICO 1 Litro Para Casa Limpeza Desinfetantes","Para Casa","EAN/GTIN: 7891024194607",16.90,10
"Desinfetante Original Pinho Sol 3,8 L","7509546660134","Marca: Pinho Sol. Categoria: Limpeza. Tipo: Desinfetantes. Embalagem: 3,8L. Desinfetante Pinho Sol Original 3,8L elimina 99,9% das bactérias, germes e fungos, proporcionando limpeza e desinfecção eficazes. Sua fragrância de pinho deixa o ambiente perfumado por mais tempo. Ideal para uso em pisos, azulejos, sanitários, pias e ralos.","Para Casa","EAN/GTIN: 7509546660134",49.90,1
"Desinfetante Perfumado Floral Remmus","7898964012039","Marca: Remmus. Categoria: Limpeza. Tipo: Desinfetantes. Embalagem: 1L. O Desinfetante Perfumado Floral Remmus 2L limpa, desinfeta e perfuma ambientes, deixando sua casa livre de bactérias. Sua fragrância floral proporciona um aroma agradável e duradouro. Embalagem de 1 litro.","Para Casa","EAN/GTIN: 7898964012039",6.90,2
"Desinfetante Remmus Química Vitória Campestre 2L","7898964012107","Marca: Remmus. Categoria: Limpeza. Tipo: Desinfetantes. Embalagem: 2L. O Desinfetante Remmus Química Vitória Campestre 2L é um produto de limpeza doméstica que elimina 99,9% das bactérias, proporcionando um ambiente higienizado e perfumado com a fragrância Vitória Campestre. Sua embalagem de 2 litros oferece maior durabilidade, sendo ideal para uso prolongado. Além disso, possui perfume prolongado, mantendo o ambiente com aroma agradável por mais tempo.","Para Casa","EAN/GTIN: 7898964012107",6.90,2
"Desinfetante Suave Odor Lysoform 1 L","6599510822","Marca: Lysoform. Categoria: Limpeza. Tipo: Desinfetantes. Embalagem: 1 LITRO. Desinfetante Suave Odor Lysoform 1 L Lysoform LIMPEZA DESINFETANTE DESINFETANTE DOMÉSTICO 1 LITRO Para Casa Limpeza Desinfetantes","Para Casa","EAN/GTIN: 7897000800814",17.90,3
"Desinfetante Urca 2 L","77476395","Marca: Urca. Categoria: Limpeza. Tipo: Desinfetantes. Embalagem: Unidade. Desinfetante Urca 2 L Urca LIMPEZA DESINFETANTE DESINFETANTE DOMÉSTICO Unidade Para Casa Limpeza Desinfetantes","Para Casa","EAN/GTIN: 7896056402485",6.50,2
"Desodorante Aerosol Bamboo Rexona 200 ml","88430400","Marca: Rexona. Categoria: Higiene Pessoal. Tipo: Desodorantes. Embalagem: 200ml. Desodorante Aerosol Bamboo Rexona 200 ml Rexona DESODORANTE AEROSOL DESODORANTE AEROSSOL 200ml Para Você Higiene Pessoal Desodorantes","Para Você","EAN/GTIN: 7891150068865",19.90,11
"Desodorante Aerosol Cotton Dry Rexona 200 ml","79344981","Marca: Rexona. Categoria: Higiene Pessoal. Tipo: Desodorantes. Embalagem: 200ml. Desodorante Aerosol Cotton Dry Rexona 200 ml Rexona DESODORANTE AEROSOL DESODORANTE AEROSSOL 200ml Para Você Higiene Pessoal Desodorantes","Para Você","EAN/GTIN: 7791293035826",19.90,5
"Desodorante Aerosol Cream Original Above 250 ml","7899674045898","Marca: Above. Categoria: Higiene Pessoal. Tipo: Desodorantes. Embalagem: 250 ml. O Desodorante Aerosol Above Cream Original 250 ml oferece proteção antitranspirante por até 72 horas, mantendo a pele hidratada sem álcool. Sua embalagem de 250 ml proporciona longa duração, ideal para uso diário.","Para Você","EAN/GTIN: 7899674045898",12.90,5
"Desodorante Aerosol Cream Sugar Above 150 ml","P0118","Marca: Above. Categoria: Higiene Pessoal. Tipo: Desodorantes. Embalagem: 150ml. O Above Desodorante Aerosol Cream Sugar oferece uma proteção eficaz contra odores, mantendo a sensação de frescor ao longo do dia. Com sua fórmula leve e cremosa, proporciona conforto e suavidade à pele. Ideal para quem busca um desodorante prático e eficiente, disponível em Cuiabá e Várzea Grande através da Dona Antônia.","Para Você","EAN/GTIN: 7899674036674",10.90,8
"Desodorante Aerosol Deep Carvão NIVEA 150 ml","P0110","Marca: NIVEA. Categoria: Higiene Pessoal. Tipo: Desodorantes. Embalagem: 150ml. O Desodorante NIVEA Deep Carvão Aerosol 150ml é ideal para quem busca proteção e frescor ao longo do dia. Indicado para uso diário, proporciona uma sensação de limpeza e conforto. Na Dona Antônia, você encontra produtos de higiene e beleza para Cuiabá e Várzea Grande.","Para Você","EAN/GTIN: 4005805455266",15.90,5
"Desodorante Aerosol Detox Fresh Monange 150 ml","79824523","Marca: Monange. Categoria: Higiene Pessoal. Tipo: Desodorantes. Embalagem: 150ml. Desodorante Aerosol Detox Fresh Monange 150 ml Monange DESODORANTE AEROSOL DESODORANTE AEROSSOL 150ml Para Você Higiene Pessoal Desodorantes","Para Você","EAN/GTIN: 7896235353904",9.90,10
"Desodorante Aerosol Feminino Protec Care NIVEA 150 ml","P0112","Marca: NIVEA. Categoria: Higiene Pessoal. Tipo: Desodorantes. Embalagem: 150ml. O desodorante aerosol feminino NIVEA Protec Care é ideal para o uso diário, proporcionando frescor e proteção. Com sua fórmula suave, é perfeito para quem busca conforto e segurança ao longo do dia. Disponível na Dona Antônia, em Cuiabá e Várzea Grande, é uma excelente escolha para quem valoriza cuidados pessoais.","Para Você","EAN/GTIN: 4005900122186",15.90,21
"Desodorante Aerosol Frutas Vermelhas Rexona 200 ml","88559704","Marca: Rexona. Categoria: Higiene Pessoal. Tipo: Desodorantes. Embalagem: 200ml. Desodorante Aerosol Frutas Vermelhas Rexona 200 ml Rexona DESODORANTE AEROSOL DESODORANTE AEROSSOL 200ml Para Você Higiene Pessoal Desodorantes","Para Você","EAN/GTIN: 7891150068858",19.90,1
"Desodorante Aerosol Invisible Rexona 200 ml","88360449","Marca: Rexona. Categoria: Higiene Pessoal. Tipo: Desodorantes. Embalagem: 200ml. Desodorante Aerosol Invisible Rexona 200 ml Rexona DESODORANTE AEROSOL DESODORANTE AEROSSOL 200ml Para Você Higiene Pessoal Desodorantes","Para Você","EAN/GTIN: 7791293035864",19.90,4
"Desodorante Aerosol Linda Tabu 150 ml","46240362","Marca: Tabu. Categoria: Higiene Pessoal. Tipo: Desodorantes. Embalagem: 150ml. Desodorante Aerosol Linda Tabu 150 ml Tabu DESODORANTE AEROSOL DESODORANTE AEROSSOL 150ml Para Você Higiene Pessoal Desodorantes","Para Você","EAN/GTIN: 7896049508712",9.90,8
"Desodorante Aerosol Men Elements Vulcan Above 150 ml","P5518","Marca: Above. Categoria: Higiene Pessoal. Tipo: Desodorantes. Embalagem: 150ml. O Above Desodorante Aerosol Men Elements Vulcan oferece uma proteção eficaz contra odores, mantendo você fresco durante todo o dia. Com uma fragrância marcante e envolvente, é ideal para homens que buscam um toque de sofisticação em sua rotina. Disponível em Cuiabá e Várzea Grande, é a escolha perfeita para quem valoriza qualidade e estilo.","Para Você","EAN/GTIN: 7899674027467",9.90,2
"Desodorante Aerosol Men Extreme Invisible Black 72 h Above 250 ml","7899674045881","Marca: Above. Categoria: Higiene Pessoal. Tipo: Desodorantes. Embalagem: 250 ml. O Desodorante Antitranspirante Aerossol Above Men Extreme Invisible Black 72H 250 ml oferece proteção intensa contra odores por até 72 horas, mantendo a sensação de frescor ao longo do dia. Sua fórmula avançada inibe os odores da transpiração e possui tecnologia Invisible Black, que evita manchas brancas em roupas escuras e manchas amarelas em roupas claras. Além disso, o jato seco proporciona uma aplicação rápida e sem resíduos, garantindo conforto e praticidade.","Para Você","EAN/GTIN: 7899674045881",12.90,6
"Desodorante Aerosol Ousada Tabu 150 ml","46235840","Marca: Tabu. Categoria: Higiene Pessoal. Tipo: Desodorantes. Embalagem: 150ml. Desodorante Aerosol Ousada Tabu 150 ml Tabu DESODORANTE AEROSOL DESODORANTE AEROSSOL 150ml Para Você Higiene Pessoal Desodorantes","Para Você","EAN/GTIN: 7896049508729",9.90,4
"Desodorante Aerosol Powder Dry Rexona 200 ml","88240720","Marca: Rexona. Categoria: Higiene Pessoal. Tipo: Desodorantes. Embalagem: 200ml. Desodorante Aerosol Powder Dry Rexona 200 ml Rexona DESODORANTE AEROSOL DESODORANTE AEROSSOL 200ml Para Você Higiene Pessoal Desodorantes","Para Você","EAN/GTIN: 7791293035802",19.90,2
"Desodorante Aerosol Tradicional Leite de Rosas 310 ml","555134J","Marca: Leite de Rosas. Categoria: Higiene Pessoal. Tipo: Desodorantes. Embalagem: 310ml. Desodorante Aerosol Tradicional Leite de Rosas 310 ml Leite de Rosas DESODORANTE AEROSOL DESODORANTE AEROSSOL 310ml Para Você Higiene Pessoal Desodorantes","Para Você","EAN/GTIN: 7896806700045",11.90,5
"Desodorante Aerosol V8 Rexona 200 ml","88510189","Marca: Rexona. Categoria: Higiene Pessoal. Tipo: Desodorantes. Embalagem: 200ml. Desodorante Aerosol V8 Rexona 200 ml Rexona DESODORANTE AEROSOL DESODORANTE AEROSSOL 200ml Para Você Higiene Pessoal Desodorantes","Para Você","EAN/GTIN: 7791293035871",19.90,1
"Desodorante Aerossol Derma Control NIVEA 200 ml","973964V","Marca: NIVEA. Categoria: Higiene Pessoal. Tipo: Desodorantes. Embalagem: 200ml. O desodorante aerossol NIVEA Derma Control oferece proteção eficaz contra o odor, mantendo a pele fresca e confortável. Ideal para quem busca um produto suave e de fácil aplicação, ele é perfeito para o dia a dia. Disponível na Dona Antônia, em Cuiabá e Várzea Grande, é uma excelente escolha para quem valoriza cuidados com a pele.","Para Você","EAN/GTIN: 4006000178868",18.90,11
"Desodorante Aerossol Fresh Above 150 ml","P1m77","Marca: Above. Categoria: Higiene Pessoal. Tipo: Desodorantes. Embalagem: 150ml. O Above Desodorante Aerosol Fresh é ideal para quem busca frescor e proteção ao longo do dia. Com uma fórmula leve e eficaz, ele proporciona uma sensação de limpeza e conforto, sendo perfeito para o uso diário. Disponível em Cuiabá e Várzea Grande, é a escolha certa para quem valoriza qualidade e praticidade.","Para Você","EAN/GTIN: 7899674017093",9.90,3
"Desodorante Aerossol Fresh Natural NIVEA 150 ml","9379970906","Marca: NIVEA. Categoria: Higiene Pessoal. Tipo: Desodorantes. Embalagem: 150ml. O desodorante NIVEA Aerossol Fresh Natural oferece uma proteção eficaz contra odores, mantendo a sensação de frescor ao longo do dia. Ideal para quem busca conforto e leveza, ele é uma excelente opção para o dia a dia. Disponível na Dona Antônia, em Cuiabá e Várzea Grande.","Para Você","EAN/GTIN: 7791969016012",14.90,2
"Desodorante Aerossol Invisible Power Black & White NIVEA 150 ml","P0113","Marca: NIVEA. Categoria: Higiene Pessoal. Tipo: Desodorantes. Embalagem: 150ml. O desodorante aerossol NIVEA Invisible Power é ideal para quem busca proteção contra o suor e odores. Com sua fórmula inovadora, ele proporciona uma sensação de frescor ao longo do dia, sendo uma ótima opção para a rotina diária. Disponível em Cuiabá e Várzea Grande, é uma escolha prática e eficaz para o seu dia a dia.","Para Você","EAN/GTIN: 4005900036728",15.90,5
"Desodorante Aerossol Men Original Protect NIVEA 200 ml","5140920091","Marca: NIVEA. Categoria: Higiene Pessoal. Tipo: Desodorantes. Embalagem: 200ml. Desodorante Aerossol Men Original Protect NIVEA 200 ml NIVEA DESODORANTE AEROSOL DESODORANTE AEROSSOL 200ml Para Você Higiene Pessoal Desodorantes","Para Você","EAN/GTIN: 4006000010311",18.90,3
"Desodorante Aerossol Tradicional Leite de Rosas 170 ml","900917B","Marca: Leite de Rosas. Categoria: Higiene Pessoal. Tipo: Desodorantes. Embalagem: 170ml. Desodorante Aerossol Tradicional Leite de Rosas 170 ml Leite de Rosas DESODORANTE AEROSOL DESODORANTE AEROSSOL 170ml Para Você Higiene Pessoal Desodorantes","Para Você","EAN/GTIN: 7896806700038",7.90,4
"Desodorante Antitranspirante Aerosol Black & White Feminino NIVEA 150 ml","P0111","Marca: NIVEA. Categoria: Higiene Pessoal. Tipo: Desodorantes. Embalagem: 150ml. O desodorante antitranspirante aerosol NIVEA Black & White é ideal para o uso diário, proporcionando proteção e frescor. Com sua fórmula leve, ele se adapta à rotina de quem busca conforto e segurança em Cuiabá e Várzea Grande. Experimente e sinta a diferença na sua rotina de cuidados pessoais.","Para Você","EAN/GTIN: 4005900036667",14.90,10
"Desodorante Antitranspirante Aerosol Black & White Invisible Clear Feminino NIVEA 200 ml","4005900105073","Marca: NIVEA. Categoria: Higiene Pessoal. Tipo: Desodorantes. Embalagem: 200ml. O Desodorante Antitranspirante Aerosol NIVEA Black & White Invisible Clear Feminino 200ml Embalagem Econômica oferece proteção antitranspirante por até 72 horas, prevenindo manchas brancas em roupas escuras e manchas amarelas em roupas claras. Sua fórmula 5x anti combate odores, suor, manchas, resíduos nas roupas e irritação na pele. Dermatologicamente testado, é livre de álcool etílico e corantes, proporcionando cuidado suave para a pele das axilas.","Para Você","EAN/GTIN: 4005900105073",19.90,30
"Desodorante Antitranspirante Aerosol Clubes Flamengo Above 150 ml","7899674025029","Marca: Above. Categoria: Higiene Pessoal. Tipo: Desodorantes. Embalagem: 150 ml. O desodorante antitranspirante aerosol ABOVE Clubes Flamengo oferece proteção de até 48 horas contra suor e mau odor, mantendo a sensação de frescor. Sua embalagem de 150 ml é ideal para uso diário, proporcionando praticidade e eficiência.","Para Você","EAN/GTIN: 7899674025029",11.90,2
"Desodorante Antitranspirante Aerosol Deep Men Carvão Ativado NIVEA 150 ml","45039235","Marca: NIVEA. Categoria: Higiene Pessoal. Tipo: Desodorantes. Embalagem: 150ml. O desodorante antitranspirante NIVEA Men com carvão ativado é ideal para o dia a dia, proporcionando proteção e frescor. Perfeito para quem busca um produto eficaz na rotina de cuidados pessoais, ele é uma ótima opção para os moradores de Cuiabá e Várzea Grande. Experimente e sinta a diferença na sua rotina.","Para Você","EAN/GTIN: 4005900707536",14.90,5
"Desodorante Antitranspirante Aerossol Active Dry Impact NIVEA MEN 200 ml","4005900633309","Marca: NIVEA. Categoria: Higiene Pessoal. Tipo: Desodorantes. Embalagem: 200ml. O NIVEA MEN Desodorante Antitranspirante Aerossol Active Dry Impact 200ml oferece proteção eficaz contra suor e mau odor por até 72 horas, mantendo a pele das axilas seca e confortável. Sua fórmula sem álcool etílico é dermatologicamente testada, sendo adequada para todos os tipos de pele. Além disso, possui ação antibacteriana e embalagem econômica.","Para Você","EAN/GTIN: 4005900633309",18.90,3
"Desodorante Antitranspirante Aerossol Dry Comfort NIVEA 200 ml","688359M","Marca: NIVEA. Categoria: Higiene Pessoal. Tipo: Desodorantes. Embalagem: 200ml. O desodorante antitranspirante NIVEA Dry Comfort oferece proteção eficaz contra o suor e odores, mantendo você fresca ao longo do dia. Com sua fórmula leve e de rápida secagem, é ideal para o uso diário. Disponível em Cuiabá e Várzea Grande, é a escolha perfeita para quem busca conforto e segurança.","Para Você","EAN/GTIN: 4005900633293",18.90,10
"Desodorante Antitranspirante Aerossol Men Deep Nivea 200 ml","6595710284","Marca: NIVEA. Categoria: Higiene Pessoal. Tipo: Desodorantes. Embalagem: 200ml. O desodorante antitranspirante NIVEA Men Deep é ideal para o dia a dia, proporcionando proteção contra o suor e odores. Com sua fórmula que contém carvão ativado, ele é perfeito para quem busca frescor e conforto. Disponível em Cuiabá e Várzea Grande, é uma escolha prática para homens que se preocupam com a higiene pessoal.","Para Você","EAN/GTIN: 4006000104256",14.90,2
"Desodorante Antitranspirante Aerossol Original Protect NIVEA Men 150 ml","45271989","Marca: NIVEA. Categoria: Higiene Pessoal. Tipo: Desodorantes. Embalagem: 150ml. O desodorante NIVEA Men Original Protect é ideal para o uso diário, proporcionando proteção contra o suor e odores. Com sua fórmula leve, ele se encaixa perfeitamente na rotina de cuidados pessoais, garantindo frescor ao longo do dia. Disponível em Cuiabá e Várzea Grande, é uma escolha prática para quem busca conforto e proteção.","Para Você","EAN/GTIN: 4005900396938",14.90,8
"Desodorante Antitranspirante Aerossol Pearl & Beauty NIVEA 200 ml","P-FN88","Marca: NIVEA. Categoria: Higiene Pessoal. Tipo: Desodorantes. Embalagem: 200ml. O NIVEA Desodorante Antitranspirante Aerossol Pearl & Beauty oferece proteção eficaz contra o suor, mantendo a pele fresca e suave. Com uma fragrância delicada, é ideal para o uso diário, proporcionando conforto e segurança. Disponível em Cuiabá e Várzea Grande, é uma escolha perfeita para quem busca um desodorante de qualidade.","Para Você","EAN/GTIN: 4006000010328",18.90,11
"Desodorante Antitranspirante Roll-on Dry Comfort NIVEA 50 ml","P-4KDT","Marca: NIVEA. Categoria: Higiene Pessoal. Tipo: Desodorantes. Embalagem: 50ml. O Desodorante NIVEA Antitranspirante Roll On Dry Comfort 50ml é ideal para quem busca proteção contra o suor e odores. Pode ser utilizado diariamente para manter a sensação de frescor e conforto. Na Dona Antônia, você encontra produtos de higiene e beleza para Cuiabá e Várzea Grande.","Para Você","EAN/GTIN: 4005900181015",11.90,5
"Desodorante Antitranspirante Roll-On Pearl & Beauty NIVEA 50 ml","P-DH78","Marca: NIVEA. Categoria: Higiene Pessoal. Tipo: Desodorantes. Embalagem: 50ml. O Desodorante NIVEA Antitranspirante Roll-On Pearl & Beauty 50ml é ideal para quem busca proteção e suavidade. Pode ser utilizado diariamente para manter a sensação de frescor e conforto. Na Dona Antônia, você encontra produtos de higiene e beleza para Cuiabá e Várzea Grande.","Para Você","EAN/GTIN: 4005808257669",11.90,9
"Desodorante Antitranspirante Roll-on Protect & Care NIVEA 50 ml","P-7DL2","Marca: NIVEA. Categoria: Higiene Pessoal. Tipo: Desodorantes. Embalagem: 50ml. O Desodorante NIVEA Antitranspirante Roll-On Protect & Care 50ml é ideal para quem busca proteção contra o suor e odores. Pode ser utilizado diariamente para manter a sensação de frescor e conforto. Na Dona Antônia, você encontra produtos de higiene e beleza para Cuiabá e Várzea Grande.","Para Você","EAN/GTIN: 4005900130785",11.90,4
"Desodorante Creme Action Herbíssimo 55 g","66048796","Marca: Herbíssimo. Categoria: Higiene Pessoal. Tipo: Desodorantes. Embalagem: 55g. Desodorante Creme Action Herbíssimo 55 g Herbíssimo DESODORANTE CREME DESODORANTE CREME 55g Para Você Higiene Pessoal Desodorantes","Para Você","EAN/GTIN: 7896049528598",5.49,4
"Desodorante Creme Antitranspirante Herbíssimo Neutro Refil 45g","P0115","Marca: Herbíssimo. Categoria: Higiene Pessoal. Tipo: Desodorantes. Embalagem: Unidade. O desodorante creme antitranspirante Herbíssimo é ideal para quem busca proteção e conforto no dia a dia. Com sua fórmula neutra, ele se adapta a diferentes tipos de pele, proporcionando uma sensação de frescor. Perfeito para ser utilizado em qualquer rotina, é uma ótima opção para quem vive em Cuiabá e Várzea Grande e deseja se sentir bem ao longo do dia.","Para Você","EAN/GTIN: 7896049528772",1.90,9
"Desodorante Creme Candy Above 50 g","55892446","Marca: Above. Categoria: Higiene Pessoal. Tipo: Desodorantes. Embalagem: 50g. O Above Desodorante Creme Candy é ideal para quem busca proteção e frescor ao longo do dia. Com uma textura cremosa, ele proporciona uma aplicação suave e eficaz, garantindo conforto e bem-estar. Disponível em Cuiabá e Várzea Grande, é a escolha perfeita para quem valoriza produtos de qualidade.","Para Você","EAN/GTIN: 7899674040718",5.79,9
"Desodorante Creme Flores Tabu 55 g","P0129","Marca: Tabu. Categoria: Higiene Pessoal. Tipo: Desodorantes. Embalagem: 55g. Desodorante Creme Flores Tabu 55 g Tabu DESODORANTE CREME DESODORANTE CREME 55g Para Você Higiene Pessoal Desodorantes","Para Você","EAN/GTIN: 7896049508521",5.99,1
"Desodorante Creme Ocean Above 50 g","P28965c","Marca: Above. Categoria: Higiene Pessoal. Tipo: Desodorantes. Embalagem: 50g. O Above Desodorante Creme Ocean oferece uma proteção eficaz contra odores, mantendo a sensação de frescor ao longo do dia. Com sua fórmula suave, é ideal para quem busca conforto e segurança. Disponível em Cuiabá e Várzea Grande, é uma excelente escolha para o seu dia a dia.","Para Você","EAN/GTIN: 7899674040756",5.79,10
"Desodorante Creme Refil Sensitive Herbíssimo 45 g","P0116","Marca: Herbíssimo. Categoria: Higiene Pessoal. Tipo: Desodorantes. Embalagem: Unidade. Desodorante Creme Refil Sensitive Herbíssimo 45 g Herbíssimo DESODORANTE CREME DESODORANTE CREME Unidade Para Você Higiene Pessoal Desodorantes","Para Você","EAN/GTIN: 7896049528789",1.99,10
"Desodorante Creme Refil Tradicional Herbíssimo","P0117","Marca: Herbíssimo. Categoria: Higiene Pessoal. Tipo: Desodorantes. Embalagem: Unidade. Desodorante Creme Refil Tradicional Herbíssimo Herbíssimo DESODORANTE CREME DESODORANTE CREME Unidade Para Você Higiene Pessoal Desodorantes","Para Você","EAN/GTIN: 7896049528741",1.99,11
"Desodorante Creme Tradicional Herbíssimo 55 g","P0128","Marca: Herbíssimo. Categoria: Higiene Pessoal. Tipo: Desodorantes. Embalagem: 55g. Desodorante Creme Tradicional Herbíssimo 55 g Herbíssimo DESODORANTE CREME DESODORANTE CREME 55g Para Você Higiene Pessoal Desodorantes","Para Você","EAN/GTIN: 7896049528512",5.49,5
"Desodorante hidratante corporal Frutas Vermelhas Monange 400 ml","576525G","Marca: Monange. Categoria: Beleza e Cuidados. Tipo: Cuidados Corporais. Embalagem: 400ml. Desodorante hidratante corporal Frutas Vermelhas Monange 400 ml Monange DESODORANTE AEROSOL DESODORANTE AEROSSOL 400ml Para Você Beleza e Cuidados Cuidados Corporais","Para Você","EAN/GTIN: 7898919412297",17.90,5
"Desodorante Hidratante Corporal Tentadora Paixão 400 ml","651183X","Marca: Paixão. Categoria: Beleza e Cuidados. Tipo: Cuidados Corporais. Embalagem: 400ml. Desodorante Hidratante Corporal Tentadora Paixão 400 ml Paixão DESODORANTE AEROSOL DESODORANTE AEROSSOL 400ml Para Você Beleza e Cuidados Cuidados Corporais","Para Você","EAN/GTIN: 7898919412273",22.90,7
"Desodorante Roll-On Blue Giovanna Baby 50 ml","61000598","Marca: Giovanna Baby. Categoria: Higiene Pessoal. Tipo: Desodorantes. Embalagem: 50ml. Desodorante Roll-On Blue Giovanna Baby 50 ml Giovanna Baby DESODORANTE ROLL-ON DESODORANTE ROLL-ON 50ml Para Você Higiene Pessoal Desodorantes","Para Você","EAN/GTIN: 7896044928539",9.69,5
"Desodorante Roll-On Classic Giovanna Baby 50 ml","88091616","Marca: Giovanna Baby. Categoria: Higiene Pessoal. Tipo: Desodorantes. Embalagem: 50ml. Desodorante Roll-On Classic Giovanna Baby 50 ml Giovanna Baby DESODORANTE ROLL-ON DESODORANTE ROLL-ON 50ml Para Você Higiene Pessoal Desodorantes","Para Você","EAN/GTIN: 7896044928515",9.69,7
"Desodorante Roll-On Deep NIVEA MEN 50 ml","6536330140","Marca: NIVEA. Categoria: Higiene Pessoal. Tipo: Desodorantes. Embalagem: 50ml. O NIVEA MEN Desodorante Roll-On Deep é ideal para o homem moderno que busca proteção e frescor ao longo do dia. Com sua fórmula eficaz, ele proporciona uma sensação de limpeza e conforto, sendo perfeito para o uso diário. Disponível em Cuiabá e Várzea Grande, é uma escolha prática para quem valoriza cuidados pessoais.","Para Você","EAN/GTIN: 4006000104157",10.90,4
"Desodorante Roll-On Derma Control Defende NIVEA 50 ml","42940421","Marca: NIVEA. Categoria: Higiene Pessoal. Tipo: Desodorantes. Embalagem: 50ml. Desodorante Roll-On Derma Control Defende NIVEA 50 ml NIVEA DESODORANTE ROLL-ON DESODORANTE ROLL-ON 50ml Para Você Higiene Pessoal Desodorantes","Para Você","EAN/GTIN: 4006000181936",10.90,4
"Desodorante Roll-On Derma Control Restaura NIVEA 50 ml","4402980254","Marca: NIVEA. Categoria: Higiene Pessoal. Tipo: Desodorantes. Embalagem: 50ml. O desodorante roll-on NIVEA Derma Control RESTAURA é ideal para quem busca proteção e cuidado para a pele. Com sua fórmula suave, ele é perfeito para o uso diário, proporcionando frescor e conforto ao longo do dia. Disponível na Dona Antônia, em Cuiabá e Várzea Grande, é uma excelente opção para quem valoriza a saúde da pele.","Para Você","EAN/GTIN: 4006000181950",10.90,10
"Desodorante Roll-on Derma Control Uniformiza Nivea 50 ml","0948350499","Marca: NIVEA. Categoria: Higiene Pessoal. Tipo: Desodorantes. Embalagem: 50ml. O desodorante roll-on NIVEA Derma Control é ideal para quem busca proteção e conforto ao longo do dia. Com sua fórmula suave, ele ajuda a uniformizar a pele, proporcionando uma sensação de frescor. Perfeito para o uso diário, é uma ótima opção para quem vive em Cuiabá ou Várzea Grande e deseja se sentir confiante em qualquer situação.","Para Você","EAN/GTIN: 4006000181943",10.90,3
"Desodorizante Sanitário Catarina 25 g","7898101350109","Categoria: Limpeza. Tipo: Limpeza de Banheiro. Embalagem: Peso Líquido 25g. O Desodorizante Sanitário Catarina, com peso líquido de 25g, é um produto de uso domiciliar que combate odores desagradáveis no vaso sanitário, deixando uma sensação de frescor e limpeza. Sua composição inclui 99% de paradiclorobenzeno, uma substância sublimável com ação desinfetante. A embalagem contém um gancho plástico e uma pedra sanitária, facilitando a aplicação na borda do vaso. Recomenda-se conservar fora do alcance de crianças e animais domésticos.","Para Casa","EAN/GTIN: 7898101350109",1.89,50
"Desumidificador Original Floral Secar 180 g","0501650491","Marca: Secar. Categoria: Limpeza. Tipo: Aromatizadores e Ambiente. Embalagem: 180g. Desumidificador Original Floral Secar 180 g Secar LIMPEZA PURIFICADOR DE AR AROMATIZADOR DE AMBIENTE 180g Para Casa Limpeza Aromatizadores e Ambiente","Para Casa","EAN/GTIN: 7896013403500",11.90,1
"Desumidificador Original Lavanda Secar 180 g","9407340350","Marca: Secar. Categoria: Limpeza. Tipo: Aromatizadores e Ambiente. Embalagem: 180g. Desumidificador Original Lavanda Secar 180 g Secar LIMPEZA PURIFICADOR DE AR AROMATIZADOR DE AMBIENTE 180g Para Casa Limpeza Aromatizadores e Ambiente","Para Casa","EAN/GTIN: 7896013403524",11.90,3
"Detergente de Louças Coco Limpol 500 ml","2201180344","Marca: Limpol. Categoria: Limpeza. Tipo: Detergentes. Embalagem: 500ml. Detergente de Louças Coco Limpol 500 ml Limpol LIMPEZA DETERGENTE DETERGENTE DE LOUÇAS 500ml Para Casa Limpeza Detergentes","Para Casa","EAN/GTIN: 7891022640007",2.99,3
"Detergente de Louças Limão Oeste 500 ml","0025050325","Marca: Oeste. Categoria: Limpeza. Tipo: Detergentes. Embalagem: 500ml. Detergente de Louças Limão Oeste 500 ml Oeste LIMPEZA DETERGENTE DETERGENTE DE LOUÇAS 500ml Para Casa Limpeza Detergentes","Para Casa","EAN/GTIN: 7898247332106",2.69,24
"Detergente Lava-Louça Clear Oeste 500 ml","oeste.detergente.clear.500","Marca: Oeste. Categoria: Limpeza. Tipo: Detergentes. Embalagem: 500ml. Detergente Lava-Louça Clear Oeste 500 ml Oeste LIMPEZA DETERGENTE DETERGENTE DE LOUÇAS 500ml Para Casa Limpeza Detergentes","Para Casa","EAN/GTIN: 7898247332113",2.69,3
"Detergente Lava-Louça Neutro Girando Sol 500 ml","3373270825","Marca: Girando Sol. Categoria: Limpeza. Tipo: Detergentes. Embalagem: 500ml. Detergente Lava-Louça Neutro Girando Sol 500 ml Girando Sol LIMPEZA DETERGENTE DETERGENTE DE LOUÇAS 500ml Para Casa Limpeza Detergentes","Para Casa","EAN/GTIN: 7896404600655",2.89,8
"Detergente Lava-Louças Clear Minuano 500 ml","1420540671","Marca: Minuano. Categoria: Limpeza. Tipo: Detergentes. Embalagem: 500ml. Detergente Lava-Louças Clear Minuano 500 ml Minuano LIMPEZA DETERGENTE DETERGENTE DE LOUÇAS 500ml Para Casa Limpeza Detergentes","Para Casa","EAN/GTIN: 7897664130043",2.90,1
"Detergente Lava-Louças Maçã Oeste 500 ml","0833530162","Marca: Oeste. Categoria: Limpeza. Tipo: Detergentes. Embalagem: 500ml. Detergente Lava-Louças Maçã Oeste 500 ml Oeste LIMPEZA DETERGENTE DETERGENTE DE LOUÇAS 500ml Para Casa Limpeza Detergentes","Para Casa","EAN/GTIN: 7898247332083",2.69,10
"Detergente Lava-Louças Marine Oeste 500 ml","1705440266","Marca: Oeste. Categoria: Limpeza. Tipo: Detergentes. Embalagem: 500ml. Detergente Lava-Louças Marine Oeste 500 ml Oeste LIMPEZA DETERGENTE DETERGENTE DE LOUÇAS 500ml Para Casa Limpeza Detergentes","Para Casa","EAN/GTIN: 7898247332076",2.69,10
"Detergente Lava-Louças Natural Girando Sol 500 ml","4154230012","Marca: Girando Sol. Categoria: Limpeza. Tipo: Detergentes. Embalagem: 500ml. Detergente Lava-Louças Natural Girando Sol 500 ml Girando Sol LIMPEZA DETERGENTE DETERGENTE DE LOUÇAS 500ml Para Casa Limpeza Detergentes","Para Casa","EAN/GTIN: 7896404600587",2.89,6
"Detergente Lava-Louças Neutro Minuano 500 ml","3218300402","Marca: Minuano. Categoria: Limpeza. Tipo: Detergentes. Embalagem: 500ml. Detergente Lava-Louças Neutro Minuano 500 ml Minuano LIMPEZA DETERGENTE DETERGENTE DE LOUÇAS 500ml Para Casa Limpeza Detergentes","Para Casa","EAN/GTIN: 7897664130036",2.90,101
"Detergente Líquido Capim-Limão Ypê 500 ml","7896098902042","Marca: Ypê. Categoria: Limpeza. Tipo: Detergentes. Embalagem: 500ml. O Detergente Líquido Ypê Capim-Limão 2L oferece alto poder desengordurante, removendo eficazmente sujeiras e gorduras. Sua fórmula com tensoativos biodegradáveis proporciona limpeza eficiente e é dermatologicamente testada, garantindo segurança para a pele. Além disso, possui tecnologia de Controle de Odor, neutralizando cheiros indesejados como peixe e alho, mantendo a frescura na cozinha.","Para Casa","EAN/GTIN: 7896098902042",2.99,6
"Detergente Líquido Neutro Ypê 500 ml","P498","Marca: Ypê. Categoria: Limpeza. Tipo: Detergentes. Embalagem: 500ml. Detergente Líquido Neutro Ypê 500 ml Ypê LIMPEZA DETERGENTE DETERGENTE DE LOUÇAS 500ml Para Casa Limpeza Detergentes","Para Casa","EAN/GTIN: 7896098900208",2.89,120
"Detergente para Louças Coco Oeste 500 ml","1463920331","Marca: Oeste. Categoria: Limpeza. Tipo: Detergentes. Embalagem: 500ml. Detergente para Louças Coco Oeste 500 ml Oeste LIMPEZA DETERGENTE DETERGENTE DE LOUÇAS 500ml Para Casa Limpeza Detergentes","Para Casa","EAN/GTIN: 7898247332120",2.69,10
"Detergente para Louças Cristal Limpol 500 ml","1451670755","Marca: Limpol. Categoria: Limpeza. Tipo: Detergentes. Embalagem: 500ml. Detergente para Louças Cristal Limpol 500 ml Limpol LIMPEZA DETERGENTE DETERGENTE DE LOUÇAS 500ml Para Casa Limpeza Detergentes","Para Casa","EAN/GTIN: 7891022100372",2.99,4
"Detergente para Louças Maçã Limpol 500 ml","0728470759","Marca: Limpol. Categoria: Limpeza. Tipo: Detergentes. Embalagem: 500ml. Detergente para Louças Maçã Limpol 500 ml Limpol LIMPEZA DETERGENTE DETERGENTE DE LOUÇAS 500ml Para Casa Limpeza Detergentes","Para Casa","EAN/GTIN: 7891022639001",2.99,4
"Di Pomodoro Passata Tomate Nor Foods 680ml","P-JXHD","Marca: Di Pomodoro. Categoria: Mercearia. Tipo: Molhos de Tomate. Embalagem: 680ml. Di Pomodoro Passata Tomate Nor Foods 680ml Di Pomodoro MACARRÃO E MOLHOS MACARRÃO MASSA SECA 680ml Para Casa Mercearia Molhos de Tomate","Para Casa","EAN/GTIN: 7898964064328",24.90,3
"Doce Colonial de Banana Engenho Velho 400g","3944830591","Marca: Forno Velho. Categoria: Mercearia. Tipo: Chocolates e Doces. Embalagem: 400g. O doce colonial de banana da Engenho Velho é uma opção deliciosa para quem aprecia sabores autênticos. Ideal para ser consumido puro, acompanhado de queijos ou pães, ou ainda utilizado em sobremesas. Disponível na Dona Antônia, em Cuiabá e Várzea Grande, é uma escolha prática e saborosa para qualquer ocasião.","Para Casa","EAN/GTIN: 7898307830566",15.90,3
"Doce de Coco Engenho Velho Classica 420g","P-BBYX","Marca: Forno Velho. Categoria: Mercearia. Tipo: Chocolates e Doces. Embalagem: 420g. O doce de coco da marca Engenho Velho é uma opção deliciosa para quem aprecia sobremesas tradicionais. Ideal para acompanhar pães e bolos, esse produto é uma ótima escolha para quem vive em Cuiabá e Várzea Grande. Experimente e traga um toque especial para suas refeições com a Dona Antônia.","Para Casa","EAN/GTIN: 7898307832485",26.90,2
"Doce de Figo Engenho Velho Clássica Figo 420g","P-4ZIJ","Marca: Forno Velho. Categoria: Mercearia. Tipo: Chocolates e Doces. Embalagem: 420g. O doce de figo da Engenho Velho é uma opção deliciosa para quem aprecia sabores tradicionais. Ideal para ser consumido como sobremesa ou acompanhado de queijos e pães, ele traz um toque especial às suas refeições. Disponível na Dona Antônia, em Cuiabá e Várzea Grande, é um produto artesanal que promete agradar a todos os paladares.","Para Casa","EAN/GTIN: 7898307833048",26.90,2
"Doce Pastoso com Leite Triangulo 400 g","P029d3","Marca: Triangulo. Categoria: Mercearia. Tipo: Chocolates e Doces. Embalagem: 400g. Doce Pastoso com Leite Triangulo 400 g Triangulo CHOCOLATES E DOCES CHOCOLATE CHOCOLATE EM BARRA E PACOTE 400g Para Casa Mercearia Chocolates e Doces","Para Casa","EAN/GTIN: 7896434920471",8.90,9
"Dove Sabonete Líquido Nutrio Profunda 250ml","15681163","Marca: Dove. Categoria: Higiene Pessoal. Tipo: Sabonetes. Embalagem: 250ml. Dove Sabonete Líquido Nutrio Profunda 250ml Dove SABONETE LÍQUIDO SABONETE LÍQUIDO 250ml Para Você Higiene Pessoal Sabonetes","Para Você","EAN/GTIN: 7891150063105",18.90,2
"Dove Shampoo Bond Repair 370ml","5582670036","Marca: Dove. Categoria: Cabelos. Tipo: Shampoo. Embalagem: 350ml. Dove Shampoo Bond Repair 370ml Dove SHAMPOO E CONDICIONADOR SHAMPOO SHAMPOO CAPILAR 350ml Para Você Cabelos Shampoo cabelo danificado cabelo fraco quebra dos fios fortalecer cabelo reparar danos","Para Você","EAN/GTIN: 7891150095588",23.90,7
"Drops Extra Forte Halls 27,5 g","P529","Marca: Halls. Categoria: Mercearia. Tipo: Balas e Chicletes. Embalagem: 27,5g. Os Halls Drops Extra Forte são balas que proporcionam um sabor intenso e refrescante. Ideal para momentos em que você deseja um alívio imediato e um toque de frescor na sua rotina. Disponíveis na Dona Antônia, em Cuiabá e Várzea Grande, são perfeitas para levar na bolsa ou no bolso e ter sempre à mão.","Para Casa","EAN/GTIN: 78938816",2.50,10
"Drops Halls Melancia 28g","P531","Marca: Halls. Categoria: Mercearia. Tipo: Balas e Chicletes. Embalagem: 28g. Os Halls Drops de Melancia são uma opção refrescante para quem busca um sabor frutado e agradável. Perfeitos para o dia a dia, esses drops podem ser consumidos a qualquer hora, proporcionando um alívio instantâneo e um toque de frescor. Disponíveis na Dona Antônia, em Cuiabá e Várzea Grande, são ideais para quem aprecia um doce saboroso e prático.","Para Casa","EAN/GTIN: 78938854",2.50,7
"Drops Halls Menta Lyptus 28g","P530","Marca: Halls. Categoria: Mercearia. Tipo: Balas e Chicletes. Embalagem: 28g. Os Halls Drops Menta Lyptus são balas refrescantes que proporcionam um alívio instantâneo para a garganta. Perfeitas para serem consumidas em qualquer momento do dia, elas são ideais para quem busca um sabor mentolado e refrescante. Disponíveis na Dona Antônia, em Cuiabá e Várzea Grande, essas balas são uma ótima opção para quem deseja um toque de frescor na rotina.","Para Casa","EAN/GTIN: 78938830",2.50,8
"Duralex Prato Nadir Astral Raso Unidade","363724F","Marca: Duralex. Categoria: Casa e Utilidades. Tipo: Cozinha. Embalagem: Unidade. Duralex Prato Nadir Astral Raso Unidade Duralex UTENSÍLIOS E UTILIDADES COZINHA COPOS, GARRAFAS E POTES Unidade Para Casa Casa e Utilidades Cozinha","Para Casa","EAN/GTIN: 17894993000235",5.90,24
"Elástico de Cabelo 100 un","P0130","Categoria: Cabelos. Tipo: Acessórios de Cabelo. Embalagem: 100 peças. Elástico de Cabelo 100 un BELEZA CABELO ACESSÓRIO DE CABELO 100 peças Para Você Cabelos Acessórios de Cabelo","Para Você","EAN/GTIN: 7908787427900",1.50,12
"Elástico de Cabelo de Elastano Borboleta 5 un","P354","Categoria: Cabelos. Tipo: Acessórios de Cabelo. Embalagem: 5 un. Elástico de Cabelo de Elastano Borboleta 5 un BELEZA CABELO ACESSÓRIO DE CABELO 5 un Para Você Cabelos Acessórios de Cabelo","Para Você","EAN/GTIN: 7908787427351",5.50,1
"Elgin Pilha Alcalina AAA 2un","P0265","Marca: Elgin. Categoria: Casa e Utilidades. Tipo: Utilidades Domésticas. Embalagem: Unidade. Elgin Pilha Alcalina AAA 2un Elgin UTENSÍLIOS E UTILIDADES CASA PILHAS E ACESSÓRIOS Unidade Para Casa Casa e Utilidades Utilidades Domésticas","Para Casa","EAN/GTIN: 7897013534201",5.99,6
"Elseve L’Oréal Paris Paris Liso dos Sonhos Condicionador 400ml","P-C2PA","Marca: Elseve. Categoria: Cabelos. Tipo: Condicionador. Embalagem: 400ml. Elseve L’Oréal Paris Paris Liso dos Sonhos Condicionador 400ml Elseve SHAMPOO E CONDICIONADOR CONDICIONADOR CONDICIONADOR CAPILAR 400ml Para Você Cabelos Condicionador cabelo liso cabelo alisado efeito liso reduzir volume","Para Você","EAN/GTIN: 7908785461609",29.90,3
"Enxaguante Bucal Above 500 ml","P30","Marca: Above. Categoria: Higiene Pessoal. Tipo: Higiene Bucal. Embalagem: 500ml. O Enxaguante Bucal Above é ideal para complementar a sua rotina de cuidados com a boca. Com uma fórmula eficaz, ele ajuda a eliminar bactérias e proporciona uma sensação de frescor duradouro. Disponível em Cuiabá e Várzea Grande, é uma escolha prática para quem busca saúde bucal.","Para Você","EAN/GTIN: 7899674038739",14.90,2
"Enxaguante Bucal Carmed Fini Minhocas 250ml","34293041","Marca: Cimed. Categoria: Higiene Pessoal. Tipo: Higiene Bucal. Embalagem: 250ml. Enxaguante Bucal Carmed Fini Minhocas 250ml Cimed HIGIENE HIGIENE BUCAL ENXAGUANTE BUCAL 250ml Para Você Higiene Pessoal Higiene Bucal","Para Você","EAN/GTIN: 7897947620735",18.90,1
"Enxaguante Bucal Fini Beijos Carmed 250 ml","34295471","Marca: Cimed. Categoria: Higiene Pessoal. Tipo: Higiene Bucal. Embalagem: 250ml. Enxaguante Bucal Fini Beijos Carmed 250 ml Cimed HIGIENE HIGIENE BUCAL ENXAGUANTE BUCAL 250ml Para Você Higiene Pessoal Higiene Bucal","Para Você","EAN/GTIN: 7897947620520",18.90,1
"Enxaguante Bucal Fresh Mint Colgate 500 ml","95871895","Marca: Colgate. Categoria: Higiene Pessoal. Tipo: Higiene Bucal. Embalagem: 500ml. Enxaguante Bucal Fresh Mint Colgate 500 ml Colgate HIGIENE HIGIENE BUCAL ENXAGUANTE BUCAL 500ml Para Você Higiene Pessoal Higiene Bucal","Para Você","EAN/GTIN: 7891024131183",18.90,3
"Enxaguante Bucal Ice Colgate 500 ml","95867987","Marca: Colgate. Categoria: Higiene Pessoal. Tipo: Higiene Bucal. Embalagem: 500ml. Enxaguante Bucal Ice Colgate 500 ml Colgate HIGIENE HIGIENE BUCAL ENXAGUANTE BUCAL 500ml Para Você Higiene Pessoal Higiene Bucal","Para Você","EAN/GTIN: 7891024136133",18.90,2
"Enxaguante Bucal Luminous White Carvão Colgate 500 ml","122657Q","Marca: Colgate. Categoria: Higiene Pessoal. Tipo: Higiene Bucal. Embalagem: 500ml. Enxaguante Bucal Luminous White Carvão Colgate 500 ml Colgate HIGIENE HIGIENE BUCAL ENXAGUANTE BUCAL 500ml Para Você Higiene Pessoal Higiene Bucal","Para Você","EAN/GTIN: 7509546666983",18.90,4
"Enxaguante Bucal Total 12 Antitártaro Colgate 500 ml","932517Y","Marca: Colgate. Categoria: Higiene Pessoal. Tipo: Higiene Bucal. Embalagem: 500ml. Enxaguante Bucal Total 12 Antitártaro Colgate 500 ml Colgate HIGIENE HIGIENE BUCAL ENXAGUANTE BUCAL 500ml Para Você Higiene Pessoal Higiene Bucal","Para Você","EAN/GTIN: 7891024027998",18.90,6
"Enxaguante Bucal Total 12 Gengiva Reforçada Colgate 500 ml","336749T","Marca: Colgate. Categoria: Higiene Pessoal. Tipo: Higiene Bucal. Embalagem: 500ml. Enxaguante Bucal Total 12 Gengiva Reforçada Colgate 500 ml Colgate HIGIENE HIGIENE BUCAL ENXAGUANTE BUCAL 500ml Para Você Higiene Pessoal Higiene Bucal","Para Você","EAN/GTIN: 7509546666990",18.90,2
"Enxaguante Bucal Total Carvão Ativado Colgate 500 ml","759551O","Marca: Colgate. Categoria: Higiene Pessoal. Tipo: Higiene Bucal. Embalagem: 500ml. Enxaguante Bucal Total Carvão Ativado Colgate 500 ml Colgate HIGIENE HIGIENE BUCAL ENXAGUANTE BUCAL 500ml Para Você Higiene Pessoal Higiene Bucal","Para Você","EAN/GTIN: 7509546686615",18.90,3
"Erva Terere Dumato Limão Rosa 500g","C0132","Marca: Dumato. Categoria: Mercearia. Tipo: Café. Embalagem: 500g. Erva Terere Dumato Limão Rosa 500g Dumato CAFÉ DA MANHÃ CAFÉ CAFÉ TORRADO E MOÍDO 500g Para Casa Mercearia Café","Para Casa","EAN/GTIN: 0040141566652",17.90,2
"Erva-doce Itapero 10 g","7895639000100","Marca: Itapero. Categoria: Mercearia. Tipo: Temperos. Embalagem: 10g. Erva Doce 10g, marca Lida Itapero, embalagem de 10g, EAN 7895639000100. Ingrediente: Erva doce em grãos. NÃO CONTÉM GLÚTEN.","Para Casa","EAN/GTIN: 7895639000100",1.89,10
"Escova de Banho Silicone Dispenser Color Unidade","P0136","Categoria: Higiene Pessoal. Tipo: Banho e Acessórios. Embalagem: Unidade. Escova de Banho Silicone Dispenser Color Unidade HIGIENE BANHO ACESSÓRIO DE BANHO Unidade Para Você Higiene Pessoal Banho e Acessórios","Para Você","EAN/GTIN: 8430422332298",8.90,1
"Escova de Cabelo Flex Candy Coral Ricca 1 un","7897517910853","Categoria: Cabelos. Tipo: Escovas e Pentes. Embalagem: CONTÉM 1 UNIDADE. A Escova Ricca Flex Candy Coral é ideal para desembaraçar todos os tipos de cabelo, secos ou molhados. Possui cerdas de dupla altura com pontas arredondadas que deslizam suavemente pelos fios, minimizando a quebra e evitando danos ao couro cabeludo. Seu design ergonômico proporciona conforto durante o uso diário.","Para Você","EAN/GTIN: 7897517910853",26.90,2
"Escova de Cabelo Marco Boni 1 un","P-I7WJ","Marca: Marco Boni. Categoria: Cabelos. Tipo: Escovas e Pentes. Embalagem: Unidade. A escova de cabelo Marco Boni é ideal para quem busca praticidade e eficiência na rotina de beleza. Com design pensado para facilitar o desembaraço e modelagem dos fios, ela é perfeita para uso diário. Disponível em Cuiabá e Várzea Grande, a escova é uma ótima opção para quem deseja cuidar dos cabelos com qualidade.","Para Você","EAN/GTIN: 7896025536425",23.90,2
"Escova de Cabelo Marco Boni Unidade","P-21QA","Marca: Marco Boni. Categoria: Cabelos. Tipo: Escovas e Pentes. Embalagem: Unidade. Escova de Cabelo Marco Boni Unidade Marco Boni BELEZA CABELO ESCOVA E PENTE DE CABELO Unidade Para Você Cabelos Escovas e Pentes","Para Você","EAN/GTIN: 7896025533356",22.90,2
"Escova de Cabelo Oval Almofadada Pink Ricca 1 un","7897517924270","Categoria: Cabelos. Tipo: Escovas e Pentes. Embalagem: 1 unidade. A escova de cabelo Ricca oval almofadada pink é ideal para desembaraçar todos os tipos de cabelo. Com base almofadada, proporciona uma escovação confortável e suas cerdas de nylon possuem pontas protetoras que massageiam o couro cabeludo. Em Cuiabá e Várzea Grande, a Dona Antônia oferece produtos que facilitam o cuidado com os cabelos.","Para Você","EAN/GTIN: 7897517924270",16.90,1
"Escova de Cabelo Oval Vermelha Belle Condor 1 un","P17","Marca: Condor. Categoria: Cabelos. Tipo: Escovas e Pentes. Embalagem: 1 un. Escova de Cabelo Oval Vermelha Belle Condor 1 un Condor BELEZA CABELO ESCOVA E PENTE DE CABELO 1 un Para Você Cabelos Escovas e Pentes","Para Você","EAN/GTIN: 7891055656723",14.90,2
"Escova de Cabelo Pata-Pata Oval Preta 1 un","P355","Categoria: Cabelos. Tipo: Escovas e Pentes. Embalagem: Unidade. Escova de Cabelo Pata-Pata Oval Preta 1 un BELEZA CABELO ESCOVA E PENTE DE CABELO Unidade Para Você Cabelos Escovas e Pentes","Para Você","EAN/GTIN: 7898923148359",3.50,6
"Escova de Cabelo Plana Verde Condor 1 un","P16","Marca: Condor. Categoria: Cabelos. Tipo: Escovas e Pentes. Embalagem: 1 un. Escova de Cabelo Plana Verde Condor 1 un Condor BELEZA CABELO ESCOVA E PENTE DE CABELO 1 un Para Você Cabelos Escovas e Pentes","Para Você","EAN/GTIN: 7891055656624",13.90,4
"Escova de Cabelo Raquete Diamond Marco Boni 1 un","7896025543089","Marca: Marco Boni. Categoria: Cabelos. Tipo: Escovas e Pentes. A Escova de Cabelo Uso Diário Raquete Diamond Marco Boni possui cerdas em plástico e design ergonômico, facilitando o desembaraço diário dos fios. Sua base vazada permite melhor circulação de ar, acelerando a secagem e evitando acúmulo de resíduos. Ideal para todos os tipos de cabelo, proporciona conforto e praticidade no uso diário.","Para Você","EAN/GTIN: 7896025543089",22.90,1
"Escova de Cabelo Redonda de Plástico Color 1 un","P0135","Categoria: Cabelos. Tipo: Escovas e Pentes. Embalagem: Unidade. Escova de Cabelo Redonda de Plástico Color 1 un BELEZA CABELO ESCOVA E PENTE DE CABELO Unidade Para Você Cabelos Escovas e Pentes","Para Você","EAN/GTIN: 7898923148601",13.90,3
"Escova de Cabelo Retangular Color 1 un","P0138","Categoria: Cabelos. Tipo: Escovas e Pentes. Embalagem: Unidade. Escova de Cabelo Retangular Color 1 un BELEZA CABELO ESCOVA E PENTE DE CABELO Unidade Para Você Cabelos Escovas e Pentes","Para Você","EAN/GTIN: 7898923148618",14.90,2
"Escova de Lavanderia de Madeira Condor 1 un","P0139","Marca: Condor. Categoria: Lavanderia. Tipo: Acessórios de Lavanderia. Embalagem: Unidade. Escova de Lavanderia de Madeira Condor 1 un Condor LAVANDERIA ACESSÓRIOS ESCOVA DE LAVANDERIA Unidade Para Casa Lavanderia Acessórios de Lavanderia","Para Casa","EAN/GTIN: 7891055111604",3.50,7
"Escova Dental Basic Macia Kess 1 un","P0137","Marca: Kess. Categoria: Higiene Pessoal. Tipo: Higiene Bucal. Embalagem: Unidade. Escova Dental Basic Macia Kess 1 un Kess HIGIENE HIGIENE BUCAL ESCOVA DENTAL Unidade Para Você Higiene Pessoal Higiene Bucal","Para Você","EAN/GTIN: 7897517925529",3.19,11
"Escova Dental Classic Clean Macia Colgate 4 un","594750I","Marca: Colgate. Categoria: Higiene Pessoal. Tipo: Higiene Bucal. Embalagem: Embalagem com 4un. A escova dental Colgate Classic Clean Macia é ideal para a higiene bucal diária. Com cerdas macias, ela proporciona uma limpeza eficaz, cuidando das gengivas sensíveis. Disponível na Dona Antônia, é uma escolha confiável para quem busca manter a saúde bucal em Cuiabá e Várzea Grande.","Para Você","EAN/GTIN: 7891024035634",14.90,14
"Escova Dental Kess Pro 6580 Extra Macia Multicor com 3 unidades","7897517925642","Categoria: Higiene Pessoal. Tipo: Higiene Bucal. Embalagem: Embalagem com 3 un. Escova dental Kess Combo com 3 unidades para higiene bucal diária.","Para Você","EAN/GTIN: 7897517925642",9.49,8
"Escova Dental Macia Dentrat Quality 1 unidade","7898395842632","Categoria: Higiene Pessoal. Tipo: Higiene Bucal. Embalagem: 1 Escova. A Escova de Dente Dentrat Quality apresenta cerdas macias que proporcionam uma limpeza eficaz sem agredir as gengivas. Seu design ergonômico facilita o manuseio, enquanto a embalagem plástica individual assegura higiene e praticidade. Ideal para uso diário, esta escova contribui para a manutenção de uma saúde bucal adequada.","Para Você","EAN/GTIN: 7898395842632",3.59,14
"Escova Dental Macia para Adulto Swiscare 1 un","791971C","Marca: Swiscare. Categoria: Higiene Pessoal. Tipo: Higiene Bucal. Embalagem: Unidade. Escova Dental Macia para Adulto Swiscare 1 un Swiscare HIGIENE HIGIENE BUCAL ESCOVA DENTAL Unidade Para Você Higiene Pessoal Higiene Bucal","Para Você","EAN/GTIN: 7898681498543",3.19,10
"Escova Free Flex Marco Boni","1786717054776_4ed0","Marca: Marco Boni. Categoria: Cabelos. Tipo: Escovas e Pentes. A escova de cabelo FREE FLEX da MARCO BONI é projetada para reduzir a quebra dos fios, sendo eficaz tanto em cabelos secos quanto molhados. Seu design inovador proporciona um desembaraço suave, minimizando danos e promovendo a saúde capilar. Ideal para uso diário, esta escova é uma ferramenta essencial para quem busca praticidade e cuidado com os cabelos.","Para Você","",25.50,1
"Escova Profissional Thermal Ceramic Yellow 12mm","7896025524989","Marca: Marco Boni. Categoria: Cabelos. Tipo: Acessórios de Cabelo. A Escova Profissional Thermal Ceramic Yellow 12mm da Marco Boni possui corpo revestido em cerâmica, que aquece 5 vezes mais que escovas metálicas, acelerando a secagem e modelagem dos fios. Suas cerdas mistas em dupla altura, combinando nylon e javali, proporcionam maior tração e brilho. O cabo antideslizante facilita a separação das mechas, enquanto o cabo separador de mechas oferece maior precisão durante o uso.","Para Você","EAN/GTIN: 7896025524989",21.90,3
"Escova Raquete Desembaraçante Glitter Verde Marco Boni 1 un","7896025534612","Marca: Marco Boni. Categoria: Cabelos. Tipo: Acessórios de Cabelo. Embalagem: 1un. A Escova Raquete Desembaraçante Glitter Verde Marco Boni possui cerdas de nylon com bolinhas nas pontas que massageiam o couro cabeludo, estimulando a circulação sanguínea e promovendo a saúde dos fios. Seu design em raquete proporciona maior área de contato, facilitando o desembaraço e alisamento dos cabelos. O acabamento em glitter verde confere um toque de estilo e sofisticação ao acessório.","Para Você","EAN/GTIN: 7896025534612",29.90,3
"Escova Raquete Free Flex Marco Boni","7896025539594","Marca: Marco Boni. Categoria: Cabelos. Tipo: Acessórios de Cabelo. Embalagem: un. A escova raquete Free Flex da Dona Antônia é ideal para desembaraçar cabelos secos ou molhados. Com cerdas flexíveis em dupla altura, ela ajuda a reduzir a quebra dos fios e proporciona um desembaraço suave. Seu design ergonômico torna o uso diário mais confortável, sendo uma ótima opção para quem busca praticidade em Cuiabá e Várzea Grande.","Para Você","EAN/GTIN: 7896025539594",24.90,1
"Esmalte As Mil Purpurinas Risqué 8 ml","20035942","Marca: Risqué. Categoria: Beleza e Cuidados. Tipo: Unhas. Embalagem: 8ml. Esmalte As Mil Purpurinas Risqué 8 ml Risqué BELEZA MANICURE ESMALTE 8ml Para Você Beleza e Cuidados Unhas","Para Você","EAN/GTIN: 7891182020329",6.49,3
"Esmalte Astral Risqué 8 ml","21197682","Marca: Risqué. Categoria: Beleza e Cuidados. Tipo: Unhas. Embalagem: 8ml. Esmalte Astral Risqué 8 ml Risqué BELEZA MANICURE ESMALTE 8ml Para Você Beleza e Cuidados Unhas","Para Você","EAN/GTIN: 7891182840095",6.49,2
"Esmalte Bali Risqué 8 ml","20614180","Marca: Risqué. Categoria: Beleza e Cuidados. Tipo: Unhas. Embalagem: 8ml. Esmalte Bali Risqué 8 ml Risqué BELEZA MANICURE ESMALTE 8ml Para Você Beleza e Cuidados Unhas","Para Você","EAN/GTIN: 7891182996662",6.49,4
"Esmalte Base Prepara e Protege Risqué 8 ml","22871555","Marca: Risqué. Categoria: Beleza e Cuidados. Tipo: Unhas. Embalagem: 8ml. Esmalte Base Prepara e Protege Risqué 8 ml Risqué BELEZA MANICURE ESMALTE 8ml Para Você Beleza e Cuidados Unhas","Para Você","EAN/GTIN: 7891182040143",6.49,4
"Esmalte Beijo Risqué 8 ml","20768427","Marca: Risqué. Categoria: Beleza e Cuidados. Tipo: Unhas. Embalagem: 8ml. Esmalte Beijo Risqué 8 ml Risqué BELEZA MANICURE ESMALTE 8ml Para Você Beleza e Cuidados Unhas","Para Você","EAN/GTIN: 7891182032452",6.49,3
"Esmalte Bianco Puríssimo Risqué 8 ml","21148618","Marca: Risqué. Categoria: Beleza e Cuidados. Tipo: Unhas. Embalagem: 8ml. Esmalte Bianco Puríssimo Risqué 8 ml Risqué BELEZA MANICURE ESMALTE 8ml Para Você Beleza e Cuidados Unhas","Para Você","EAN/GTIN: 7891182840019",6.49,3
"Esmalte Branco Cremoso Impala 7,5 ml","24223694","Marca: Impala. Categoria: Beleza e Cuidados. Tipo: Unhas. Embalagem: 7,5ml. Esmalte Branco Cremoso Impala 7,5 ml Impala BELEZA MANICURE ESMALTE 7,5ml Para Você Beleza e Cuidados Unhas","Para Você","EAN/GTIN: 7896111908488",5.99,2
"Esmalte Brilhante Perolado Impala 7,5 ml","23231061","Marca: Impala. Categoria: Beleza e Cuidados. Tipo: Unhas. Embalagem: 7,5ml. Esmalte Brilhante Perolado Impala 7,5 ml Impala BELEZA MANICURE ESMALTE 7,5ml Para Você Beleza e Cuidados Unhas","Para Você","EAN/GTIN: 7896111901786",5.99,3
"Esmalte Chocolight Risqué 8 ml","20800731","Marca: Risqué. Categoria: Beleza e Cuidados. Tipo: Unhas. Embalagem: 8ml. Esmalte Chocolight Risqué 8 ml Risqué BELEZA MANICURE ESMALTE 8ml Para Você Beleza e Cuidados Unhas","Para Você","EAN/GTIN: 7891350044706",6.49,3
"Esmalte Cremoso Nudeu Tempo Risqué 8 ml","20516740","Marca: Risqué. Categoria: Beleza e Cuidados. Tipo: Unhas. Embalagem: 8ml. Esmalte Cremoso Nudeu Tempo Risqué 8 ml Risqué BELEZA MANICURE ESMALTE 8ml Para Você Beleza e Cuidados Unhas","Para Você","EAN/GTIN: 7891350044744",6.49,1
"Esmalte De Moletom e Salto Risqué 8 ml","22632837","Marca: Risqué. Categoria: Beleza e Cuidados. Tipo: Unhas. Embalagem: 8ml. Esmalte De Moletom e Salto Risqué 8 ml Risqué BELEZA MANICURE ESMALTE 8ml Para Você Beleza e Cuidados Unhas","Para Você","EAN/GTIN: 7891350038385",6.49,3
"Esmalte Desejo Risqué 8 ml","20907443","Marca: Risqué. Categoria: Beleza e Cuidados. Tipo: Unhas. Embalagem: 8ml. Esmalte Desejo Risqué 8 ml Risqué BELEZA MANICURE ESMALTE 8ml Para Você Beleza e Cuidados Unhas","Para Você","EAN/GTIN: 7891182031059",6.49,3
"Esmalte Elegante Impala 7,5 ml","24023654","Marca: Impala. Categoria: Beleza e Cuidados. Tipo: Unhas. Embalagem: 7,5ml. Esmalte Elegante Impala 7,5 ml Impala BELEZA MANICURE ESMALTE 7,5ml Para Você Beleza e Cuidados Unhas","Para Você","EAN/GTIN: 7896111902202",5.99,3
"Esmalte Gabriela Risqué 8 ml","20229262","Marca: Risqué. Categoria: Beleza e Cuidados. Tipo: Unhas. Embalagem: 8ml. Esmalte Gabriela Risqué 8 ml Risqué BELEZA MANICURE ESMALTE 8ml Para Você Beleza e Cuidados Unhas","Para Você","EAN/GTIN: 7891182840200",6.49,2
"Esmalte Gatinha Impala 7,5 ml","24399229","Marca: Impala. Categoria: Beleza e Cuidados. Tipo: Unhas. Embalagem: 7,5ml. Esmalte Gatinha Impala 7,5 ml Impala BELEZA MANICURE ESMALTE 7,5ml Para Você Beleza e Cuidados Unhas","Para Você","EAN/GTIN: 7896111913079",5.99,3
"Esmalte Gota dos Anjos Risqué 8 ml","20564316","Marca: Risqué. Categoria: Beleza e Cuidados. Tipo: Unhas. Embalagem: 8ml. Esmalte Gota dos Anjos Risqué 8 ml Risqué BELEZA MANICURE ESMALTE 8ml Para Você Beleza e Cuidados Unhas","Para Você","EAN/GTIN: 7891182014748",6.49,3
"Esmalte Granulado Rosê Risqué 8 ml","20458741","Marca: Risqué. Categoria: Beleza e Cuidados. Tipo: Unhas. Embalagem: 8ml. Esmalte Granulado Rosê Risqué 8 ml Risqué BELEZA MANICURE ESMALTE 8ml Para Você Beleza e Cuidados Unhas","Para Você","EAN/GTIN: 7891182020343",6.49,2
"Esmalte Infiltrada no Baile Risqué 8 ml","21359793","Marca: Risqué. Categoria: Beleza e Cuidados. Tipo: Unhas. Embalagem: 8ml. Esmalte Infiltrada no Baile Risqué 8 ml Risqué BELEZA MANICURE ESMALTE 8ml Para Você Beleza e Cuidados Unhas","Para Você","EAN/GTIN: 7891350048681",6.49,2
"Esmalte Lá Vem Outra Pérola Risqué 8 ml","21406569","Marca: Risqué. Categoria: Beleza e Cuidados. Tipo: Unhas. Embalagem: 8ml. Esmalte Lá Vem Outra Pérola Risqué 8 ml Risqué BELEZA MANICURE ESMALTE 8ml Para Você Beleza e Cuidados Unhas","Para Você","EAN/GTIN: 7891350042955",6.49,1
"Esmalte Lágrimas de Vênus Risqué 8 ml","20295797","Marca: Risqué. Categoria: Beleza e Cuidados. Tipo: Unhas. Embalagem: 8ml. Esmalte Lágrimas de Vênus Risqué 8 ml Risqué BELEZA MANICURE ESMALTE 8ml Para Você Beleza e Cuidados Unhas","Para Você","EAN/GTIN: 7891182014809",6.49,2
"Esmalte Lavanda Alma Risqué 8 ml","22706156","Marca: Risqué. Categoria: Beleza e Cuidados. Tipo: Unhas. Embalagem: 8ml. Esmalte Lavanda Alma Risqué 8 ml Risqué BELEZA MANICURE ESMALTE 8ml Para Você Beleza e Cuidados Unhas","Para Você","EAN/GTIN: 7891350034134",6.49,4
"Esmalte Léo Mandou Flores Risqué 8 ml","21112106","Marca: Risqué. Categoria: Beleza e Cuidados. Tipo: Unhas. Embalagem: 8ml. Esmalte Léo Mandou Flores Risqué 8 ml Risqué BELEZA MANICURE ESMALTE 8ml Para Você Beleza e Cuidados Unhas","Para Você","EAN/GTIN: 7891182016117",6.49,3
"Esmalte Nova Cor! Antes Sol que Mal Iluminada Cremoso Risqué 8 ml","7891350040517","Marca: Risqué. Categoria: Beleza e Cuidados. Tipo: Unhas. Embalagem: 8ml. O esmalte Risqué Nova Cor! Antes Sol que Mal Iluminada 8ml é um esmalte cremoso de tom laranja vibrante, com acabamento cremoso e secagem rápida. Sua fórmula hipoalergênica proporciona alta cobertura e longa duração, mantendo as unhas bonitas por mais tempo. Ideal para quem busca uma cor intensa e moderna.","Para Você","EAN/GTIN: 7891350040517",6.49,4
"Esmalte Paraíso Perolado Impala 7,5 ml","24079198","Marca: Impala. Categoria: Beleza e Cuidados. Tipo: Unhas. Embalagem: 7,5ml. Esmalte Paraíso Perolado Impala 7,5 ml Impala BELEZA MANICURE ESMALTE 7,5ml Para Você Beleza e Cuidados Unhas","Para Você","EAN/GTIN: 7896111930731",5.99,2
"Esmalte Paris Risqué 8 ml","22832491","Marca: Risqué. Categoria: Beleza e Cuidados. Tipo: Unhas. Embalagem: 8ml. Esmalte Paris Risqué 8 ml Risqué BELEZA MANICURE ESMALTE 8ml Para Você Beleza e Cuidados Unhas","Para Você","EAN/GTIN: 7891182001762",6.49,2
"Esmalte Pó de Arroz Cremoso Risqué 8 ml","22774787","Marca: Risqué. Categoria: Beleza e Cuidados. Tipo: Unhas. Embalagem: 8ml. O esmalte Risqué Pó de Arroz Cremoso é ideal para quem busca uma aplicação suave e uniforme. Com sua embalagem de 8ml, ele é perfeito para levar na bolsa e usar a qualquer momento. A Dona Antônia oferece este produto em Cuiabá e Várzea Grande, garantindo praticidade e estilo para suas unhas. Além disso, é hipoalergênico, sendo uma opção segura para todas as usuárias.","Para Você","EAN/GTIN: 7891182018739",6.49,1
"Esmalte Preto Sépia Risqué 8 ml","20864451","Marca: Risqué. Categoria: Beleza e Cuidados. Tipo: Unhas. Embalagem: 8ml. Esmalte Preto Sépia Risqué 8 ml Risqué BELEZA MANICURE ESMALTE 8ml Para Você Beleza e Cuidados Unhas","Para Você","EAN/GTIN: 7891182033640",6.49,3
"Esmalte Profundezas do Meu Eu Risqué 8 ml","22911723","Marca: Risqué. Categoria: Beleza e Cuidados. Tipo: Unhas. Embalagem: 8ml. Esmalte Profundezas do Meu Eu Risqué 8 ml Risqué BELEZA MANICURE ESMALTE 8ml Para Você Beleza e Cuidados Unhas","Para Você","EAN/GTIN: 7891350046120",6.49,3
"Esmalte Rebu Risqué 8 ml","23058306","Marca: Risqué. Categoria: Beleza e Cuidados. Tipo: Unhas. Embalagem: 8ml. Esmalte Rebu Risqué 8 ml Risqué BELEZA MANICURE ESMALTE 8ml Para Você Beleza e Cuidados Unhas","Para Você","EAN/GTIN: 7891182840149",6.49,3
"Esmalte Rubi Risqué 8 ml","22591795","Marca: Risqué. Categoria: Beleza e Cuidados. Tipo: Unhas. Embalagem: 8ml. Esmalte Rubi Risqué 8 ml Risqué BELEZA MANICURE ESMALTE 8ml Para Você Beleza e Cuidados Unhas","Para Você","EAN/GTIN: 7891182860123",6.49,3
"Esmalte Sossego Cremoso Impala 7,5 ml","24272966","Marca: Impala. Categoria: Beleza e Cuidados. Tipo: Unhas. Embalagem: 7,5ml. Esmalte Sossego Cremoso Impala 7,5 ml Impala BELEZA MANICURE ESMALTE 7,5ml Para Você Beleza e Cuidados Unhas","Para Você","EAN/GTIN: 7896111999981",5.99,2
"Esmalte Tâmara Risqué 8 ml","20355461","Marca: Risqué. Categoria: Beleza e Cuidados. Tipo: Unhas. Embalagem: 8ml. Esmalte Tâmara Risqué 8 ml Risqué BELEZA MANICURE ESMALTE 8ml Para Você Beleza e Cuidados Unhas","Para Você","EAN/GTIN: 7891182996648",6.49,1
"Esmalte Todas por Uma Risqué 8 ml","20696484","Marca: Risqué. Categoria: Beleza e Cuidados. Tipo: Unhas. Embalagem: 8ml. Esmalte Todas por Uma Risqué 8 ml Risqué BELEZA MANICURE ESMALTE 8ml Para Você Beleza e Cuidados Unhas","Para Você","EAN/GTIN: 7891350038163",6.49,4
"Esmalte Tomate Impala 7,5 ml","23438281","Marca: Impala. Categoria: Beleza e Cuidados. Tipo: Unhas. Embalagem: 7,5ml. Esmalte Tomate Impala 7,5 ml Impala BELEZA MANICURE ESMALTE 7,5ml Para Você Beleza e Cuidados Unhas","Para Você","EAN/GTIN: 7896111927038",5.99,3
"Esmalte Xodó Impala 7,5 ml","24169126","Marca: Impala. Categoria: Beleza e Cuidados. Tipo: Unhas. Embalagem: 7,5ml. Esmalte Xodó Impala 7,5 ml Impala BELEZA MANICURE ESMALTE 7,5ml Para Você Beleza e Cuidados Unhas","Para Você","EAN/GTIN: 7896111992265",5.99,3
"Espátula para Inox Plástico 10cm cada","P0143","Categoria: Casa e Utilidades. Tipo: Cozinha. Embalagem: 10cm cada. Espátula para Inox Plástico 10cm cada MOLHOS E CONDIMENTOS PATÊS PATÊ PARA PETISCOS 10cm cada Para Casa Casa e Utilidades Cozinha","Para Casa","EAN/GTIN: 7898513876273",7.90,2
"Esponja de Aço Assolan 45 g","P0144","Marca: Assolan. Categoria: Limpeza. Tipo: Esponjas e Buchas. Embalagem: 45g. Esponja de Aço Assolan 45 g Assolan LIMPEZA PANOS E PAPÉIS ESPONJA E BUCHA 45g Para Casa Limpeza Esponjas e Buchas","Para Casa","EAN/GTIN: 7896090100118",1.99,101
"Esponja de Banho Saboneteira Unidade","P0145","Categoria: Higiene Pessoal. Tipo: Banho e Acessórios. Embalagem: Unidade. Esponja de Banho Saboneteira Unidade LIMPEZA PANOS E PAPÉIS ESPONJA E BUCHA Unidade Para Você Higiene Pessoal Banho e Acessórios","Para Você","EAN/GTIN: 7898909772356",1.99,15
"Esponja Mágica de Melamina 1 un","P0146","Categoria: Limpeza. Tipo: Esponjas e Buchas. Embalagem: Unidade. Esponja Mágica de Melamina 1 un LIMPEZA PANOS E PAPÉIS ESPONJA E BUCHA Unidade Para Casa Limpeza Esponjas e Buchas","Para Casa","EAN/GTIN: 7898972635039",1.50,4
"Esponja para Maquiagem para Pó Compacto 2 un","P356","Categoria: Beleza e Cuidados. Tipo: Acessórios de Beleza. Embalagem: 2 Peças. Esponja para Maquiagem para Pó Compacto 2 un LIMPEZA PANOS E PAPÉIS ESPONJA E BUCHA 2 Peças Para Você Beleza e Cuidados Acessórios de Beleza","Para Você","EAN/GTIN: 7908787429393",3.90,2
"Espuma de Barbear Men Elements Carvão Ativado Above 250 ml","7899674044198","Marca: Above. Categoria: Higiene Pessoal. Tipo: Barba e Depilação. Embalagem: 250ml. A Espuma de Barbear Above Men Elements Carvão Ativado 250ml proporciona um barbear suave e eficaz, graças à presença de carvão ativado que purifica a pele e facilita o deslizar da lâmina. Sua fórmula cremosa é indicada para todos os tipos de pele, oferecendo sensação de frescor e limpeza. A embalagem de 250ml oferece maior durabilidade, sendo ideal para uso diário.","Para Você","EAN/GTIN: 7899674044198",16.50,2
"Essência Solúvel Citronela Baby Remmus 140 ml","7898964012169","Marca: Remmus. Categoria: Limpeza. Tipo: Limpadores. Embalagem: 140ml. A Essência Solúvel Baby 140ml da Remmus é um limpador concentrado perfumado, ideal para diversas aplicações domésticas. Sua fórmula concentrada permite diluição em água, proporcionando rendimento e economia. A embalagem de 140ml é prática para armazenamento e uso. Recomenda-se utilizar o produto com cuidado, seguindo as instruções de diluição para obter melhores resultados.","Para Casa","EAN/GTIN: 7898964012169",6.90,9
"Essência Solúvel Citronela Remmus 140 ml","7898964012206","Marca: Remmus. Categoria: Limpeza. Tipo: Aromatizadores e Ambiente. Embalagem: 140ml. A Essência Solúvel Citronela Remmus, em embalagem de 140ml, é uma solução concentrada que permite diluição em água, ideal para uso em umidificadores e difusores. Sua fragrância de citronela proporciona um aroma agradável e ajuda a repelir insetos. A embalagem de 140ml oferece praticidade e economia, rendendo diversas aplicações.","Para Casa","EAN/GTIN: 7898964012206",6.99,12
"Essência Solúvel Desfolhora Lavanda Remmus 140 ml","7898964012213","Marca: Remmus. Categoria: Limpeza. Tipo: Limpadores. Embalagem: 140ml. A Essência Solúvel Desfolhori Lavanda 140ml da Remmus é uma fragrância concentrada que proporciona um aroma suave e duradouro ao ambiente. Sua fórmula solúvel permite diluição em água, facilitando a aplicação em superfícies laváveis como pisos e azulejos. A embalagem de 140ml oferece praticidade e economia, sendo ideal para uso doméstico.","Para Casa","EAN/GTIN: 7898964012213",6.99,10
"Esteira para Braço de Sofá 38x28, - 01un","59898016","Marca: Cia Laser. Categoria: Casa e Utilidades. Tipo: Utilidades Domésticas. Embalagem: 01 un. Esteira para Braço de Sofá 38x28, - 01un Cia Laser UTENSÍLIOS E UTILIDADES CASA UTILIDADE DOMÉSTICA 01 un Para Casa Casa e Utilidades Utilidades Domésticas","Para Casa","EAN/GTIN: 7899949736049",24.90,3
"Estilete Trincheta 18 mm Vonder 1 un","7893946059927","Categoria: Casa e Utilidades. Tipo: Cozinha. Embalagem: 1 Unidade. O Estilete Trincheta 18 mm da Vonder possui corpo em plástico reforçado revestido com borracha termoplástica, garantindo maior aderência e conforto. Acompanha 2 lâminas trapezoidais com tripla afiação, ideais para cortes precisos em diversos materiais. O botão de ajuste permite o controle da lâmina, e o sistema de reposição automática facilita a troca das lâminas. Embalagem contém 1 unidade.","Para Casa","EAN/GTIN: 7893946059927",9.80,3
"Estrela Sabão em Barra Coco 80g","P0290","Marca: Estrela. Categoria: Lavanderia. Tipo: Sabão em Barra. Embalagem: 80g. Estrela Sabão em Barra Coco 80g Estrela LAVANDERIA LAVA-ROUPAS SABÃO LÍQUIDO 80g Para Casa Lavanderia Sabão em Barra","Para Casa","EAN/GTIN: 7897323601051",0.99,50
"Extensão Elétrica 5 m","72971944","Categoria: Casa e Utilidades. Tipo: Utilidades Domésticas. Embalagem: Unidade. A extensão elétrica de 5 metros é ideal para quem precisa de mais alcance em suas tomadas. Com uma única unidade, você pode conectar diversos aparelhos em casa, facilitando o seu dia a dia. Disponível na Dona Antônia, em Cuiabá e Várzea Grande, é uma solução prática e confiável para suas necessidades elétricas.","Para Casa","EAN/GTIN: 7898958277529",13.90,19
"Extrato de Tomate Bowl Salsaretti 300 g","7891300909963","Categoria: Mercearia. Tipo: Molhos de Tomate. Embalagem: 300 g. O Extrato de Tomate Salsaretti Bowl 300 g é um concentrado de tomate super concentrado, enriquecido com açúcar e sal, que realça o sabor e a cor de diversas receitas. Sua embalagem reutilizável e livre de BPA proporciona maior segurança e sustentabilidade. Sem conservantes, é ideal para quem busca praticidade e qualidade na cozinha.","Para Casa","EAN/GTIN: 7891300909963",6.89,3
"Extrato de Tomate Concentrado DEZ 300 g","dez.extratotomate.300","Marca: DEZ. Categoria: Mercearia. Tipo: Molhos de Tomate. Embalagem: 300g. O extrato de tomate concentrado DEZ é ideal para preparar molhos, sopas e ensopados. Com sua embalagem prática de 300g, é uma opção versátil para quem busca sabor e praticidade na cozinha. Disponível na Dona Antônia, em Cuiabá e Várzea Grande, esse produto é uma excelente adição às suas receitas.","Para Casa","EAN/GTIN: 7898929590633",2.90,36
"Extrato de Tomate em Copo Olé 190 g","P0148","Marca: Olé. Categoria: Mercearia. Tipo: Molhos de Tomate. Embalagem: 190g. Extrato de Tomate em Copo Olé 190 g Olé MACARRÃO E MOLHOS MACARRÃO MASSA SECA 190g Para Casa Mercearia Molhos de Tomate","Para Casa","EAN/GTIN: 7891032015505",3.59,9
"Faca para Pão Inox Plástico 6 Branco Unidade","P0150","Categoria: Casa e Utilidades. Tipo: Cozinha. Embalagem: Unidade. Faca para Pão Inox Plástico 6 Branco Unidade UTENSÍLIOS E UTILIDADES COZINHA UTENSÍLIO DE COZINHA Unidade Para Casa Casa e Utilidades Cozinha","Para Casa","EAN/GTIN: 7899441533948",8.90,3
"Farelo de Aveia Naturalle 170 g","7898055421535","Categoria: Mercearia. Tipo: Farinhas. Embalagem: 170 g. O Farelo de Aveia Naturalle 170 g é um produto vegano, sem adição de açúcar, embalado em caixa de 170 g. Ideal para enriquecer sua alimentação com fibras, pode ser consumido em iogurtes, vitaminas, bolos e outras receitas, contribuindo para uma dieta equilibrada.","Para Casa","EAN/GTIN: 7898055421535",3.49,3
"Farinha de Arroz Integral Zero Glúten Urbano 1 kg","P-3THG","Marca: Urbano. Categoria: Mercearia. Tipo: Farinhas. Embalagem: 1 kg. Farinha de Arroz Integral Zero Glúten Urbano 1 kg Urbano MERCEARIA BÁSICA ARROZ ARROZ BRANCO E ESPECIAL 1 kg Para Casa Mercearia Farinhas","Para Casa","EAN/GTIN: 7896038351053",9.90,3
"Farinha de Mandioca Pantanal 1 kg","36374012","Marca: Pantanal. Categoria: Mercearia. Tipo: Farinhas. Embalagem: 1kg. Farinha de Mandioca Pantanal 1 kg Pantanal MERCEARIA BÁSICA FARINHAS FARINHAS E DERIVADOS 1kg Para Casa Mercearia Farinhas","Para Casa","EAN/GTIN: 070341004685",6.49,11
"Farinha de Milho Amarela Fina Pré-cozida Mika 1 kg","7896635197412","Marca: MIKA. Categoria: Mercearia. Tipo: Farinhas. Embalagem: 1 kg. A Farinha de Milho Amarela Fina Pré-Co zida Mika 1 kg é ideal para o preparo de arepas, empanadas e hallacas. Enriquecida com ferro e ácido fólico, não contém glúten, sendo adequada para dietas restritivas. Sua moagem fina e pré-co zimento garantem praticidade e sabor nos pratos.","Para Casa","EAN/GTIN: 7896635197412",4.99,2
"Farinha de Milho Flocada para Cuscuz Bonomilho 500 g","7896333200018","Categoria: Mercearia. Tipo: Farinhas. Embalagem: 500g. A FARINHA DE MILHO FLOCADA CUSCUZ Bonomilho 500g é ideal para o preparo do tradicional cuscuz, oferecendo praticidade e sabor autêntico. Composta por farinha de milho flocada geneticamente modificada a partir de Bacillus thuringiensis e Streptomyces viridochromogenes, é uma fonte de fibra e não contém glúten. A embalagem de 500g é prática para uso doméstico e comercial.","Para Casa","EAN/GTIN: 7896333200018",2.89,3
"Farinha de Milho Milharina Quaker 500 g","P0237","Marca: Quaker. Categoria: Mercearia. Tipo: Farinhas. Embalagem: 500g. Farinha de Milho Milharina Quaker 500 g Quaker MERCEARIA BÁSICA FARINHAS FARINHAS E DERIVADOS 500g Para Casa Mercearia Farinhas","Para Casa","EAN/GTIN: 7894321632032",6.90,9
"Farinha de Milho para Cuscuz Sinhá 500 g","P0153","Marca: Sinhá. Categoria: Mercearia. Tipo: Farinhas. Embalagem: 500g. Farinha de Milho para Cuscuz Sinhá 500 g Sinhá MERCEARIA BÁSICA FARINHAS FARINHAS E DERIVADOS 500g Para Casa Mercearia Farinhas","Para Casa","EAN/GTIN: 07892300000698",3.79,14
"Farinha de Trigo Tipo 1 Alvalade 1 kg","7896419435013","Categoria: Mercearia. Tipo: Farinhas. Embalagem: 1kg. A Farinha de Trigo Tipo 1 Alvalade, com 1kg, é enriquecida com ferro e ácido fólico, ideal para o preparo de pães, bolos e massas. Sua embalagem de papel e plástico preserva a qualidade do produto, mantendo-o fresco e livre de impurezas. Recomendada para receitas do dia a dia, oferece versatilidade e praticidade na cozinha.","Para Casa","EAN/GTIN: 7896419435013",4.49,4
"Farinha de Trigo Vitoriosa 1 kg","P0151","Marca: Vitoriosa. Categoria: Mercearia. Tipo: Farinhas. Embalagem: 1kg. Farinha de Trigo Vitoriosa 1 kg Vitoriosa MERCEARIA BÁSICA FARINHAS FARINHAS E DERIVADOS 1kg Para Casa Mercearia Farinhas","Para Casa","EAN/GTIN: 7896348904222",3.69,101
"Farmax Água Oxigenada Crem 40v 90ml","P0013","Marca: Farmax. Categoria: Cabelos. Tipo: Coloração Capilar. Embalagem: 90ml. Farmax Água Oxigenada Crem 40v 90ml Farmax BELEZA CABELO COLORAÇÃO CAPILAR 90ml Para Você Cabelos Coloração Capilar","Para Você","EAN/GTIN: 7896902210646",2.90,5
"Farofa Pronta Tradicional Campilar 250 g","7896547908281","Categoria: Mercearia. Tipo: Farinhas. Embalagem: Peso Líq. 250g. A Farofa Pronta Tradicional Campilar, com 250g, é uma mistura de farinha de mandioca temperada, pronta para consumo, ideal para acompanhar carnes e pratos típicos. Sua embalagem prática facilita o preparo imediato, mantendo o sabor tradicional da farofa brasileira.","Para Casa","EAN/GTIN: 7896547908281",2.90,2
"Feijão Carioca Tipo 1 Da Casa 1 kg","P490","Marca: Da Casa. Categoria: Mercearia. Tipo: Feijão. Embalagem: 1kg. O feijão carioca da marca Da Casa é um ingrediente essencial na culinária brasileira, ideal para preparar pratos como feijão tropeiro e caldos. Em Cuiabá e Várzea Grande, ele é muito utilizado em refeições do dia a dia, trazendo sabor e nutrição. Experimente adicionar esse feijão à sua rotina alimentar e aproveite suas diversas possibilidades na cozinha.","Para Casa","EAN/GTIN: 7897923022195",8.49,101
"Fermento Biológico Instantâneo para Pão Apti 10 g","P0156","Marca: Apti. Categoria: Mercearia. Tipo: Confeitaria. Embalagem: 10g. Fermento Biológico Instantâneo para Pão Apti 10 g Apti CONFEITARIA FERMENTO FERMENTO CULINÁRIO 10g Para Casa Mercearia Confeitaria","Para Casa","EAN/GTIN: 7896327512233",1.49,10
"Fermento Biológico Seco Dona Benta 10 g","donabenta.fermento.10","Marca: Dona Benta. Categoria: Mercearia. Tipo: Confeitaria. Embalagem: 10g. O fermento biológico seco instantâneo Dona Benta é ideal para o preparo de pães, pizzas e outras massas que exigem fermentação. Com sua embalagem de 10g, é uma opção prática e confiável para quem busca qualidade na cozinha. Disponível em Cuiabá e Várzea Grande, é um ingrediente que não pode faltar na sua despensa.","Para Casa","EAN/GTIN: 7896005271964",1.65,10
"Fermento em Pó Caipira 100 g","caipira.fermento.100","Marca: Caipira. Categoria: Mercearia. Tipo: Confeitaria. Embalagem: 100g. O fermento Caipira é ideal para levedar massas em receitas de bolos, pães e outras delícias de confeitaria. Disponível em embalagem de 100g, é uma opção prática para quem busca qualidade em suas preparações. A Dona Antônia oferece este produto em Cuiabá e Várzea Grande, facilitando o seu dia a dia na cozinha.","Para Casa","EAN/GTIN: 7896900000232",6.90,4
"Fermento Instantâneo Fleischmann 30 g","P18","Marca: Fleischmann. Categoria: Mercearia. Tipo: Confeitaria. Embalagem: 30g. Fermento Instantâneo Fleischmann 30 g Fleischmann CONFEITARIA FERMENTO FERMENTO CULINÁRIO 30g Para Casa Mercearia Confeitaria","Para Casa","EAN/GTIN: 7898409950827",4.69,10
"Filtro de Café 102 Brigitta 30 folhas","C0158","Marca: Brigitta. Categoria: Mercearia. Tipo: Café. Embalagem: 30 Folhas. Filtro de Café 102 Brigitta 30 folhas Brigitta CAFÉ DA MANHÃ CAFÉ FILTRO E COADOR DE CAFÉ 30 Folhas Para Casa Mercearia Café","Para Casa","EAN/GTIN: 7891021002103",4.50,6
"Filtro de Café 103 Brigitta 30 folhas","C0159","Marca: Brigitta. Categoria: Mercearia. Tipo: Café. Embalagem: 30 Folhas. Filtro de Café 103 Brigitta 30 folhas Brigitta CAFÉ DA MANHÃ CAFÉ FILTRO E COADOR DE CAFÉ 30 Folhas Para Casa Mercearia Café","Para Casa","EAN/GTIN: 7891021002127",4.90,6
"Filtro de Papel 103 Café Brasileiro 1 un","P560","Marca: Café Brasileiro. Categoria: Mercearia. Tipo: Café. Embalagem: Unidade. Filtro de Papel 103 Café Brasileiro 1 un Café Brasileiro CAFÉ DA MANHÃ CAFÉ FILTRO E COADOR DE CAFÉ Unidade Para Casa Mercearia Café","Para Casa","EAN/GTIN: 7891018003519",4.90,12
"Filtro de Papel nº 102 Café Brasileiro 1 un","P561","Marca: Café Brasileiro. Categoria: Mercearia. Tipo: Café. Embalagem: Unidade. Filtro de Papel nº 102 Café Brasileiro 1 un Café Brasileiro CAFÉ DA MANHÃ CAFÉ FILTRO E COADOR DE CAFÉ Unidade Para Casa Mercearia Café","Para Casa","EAN/GTIN: 7891018003502",4.50,8
"Fio Dental Encerado Menta Colgate 50 m","767225K","Marca: Colgate. Categoria: Higiene Pessoal. Tipo: Higiene Bucal. Embalagem: Unidade. Fio Dental Encerado Menta Colgate 50 m Colgate HIGIENE HIGIENE BUCAL FIO DENTAL Unidade Para Você Higiene Pessoal Higiene Bucal","Para Você","EAN/GTIN: 7891024183021",15.90,4
"Fio Dental Hillo 75 m + 100 m","P521","Marca: Hillo. Categoria: Higiene Pessoal. Tipo: Higiene Bucal. Embalagem: 75m + 100m. Fio Dental Hillo 75 m + 100 m Hillo HIGIENE HIGIENE BUCAL FIO DENTAL 75m + 100m Para Você Higiene Pessoal Higiene Bucal","Para Você","EAN/GTIN: 7896444220202",12.90,4
"Fio Dental Hillo L125 P100 Unidade","P0160","Marca: Hillo. Categoria: Higiene Pessoal. Tipo: Higiene Bucal. Embalagem: 125m. Fio Dental Hillo L125 P100 Unidade Hillo HIGIENE HIGIENE BUCAL FIO DENTAL 125m Para Você Higiene Pessoal Higiene Bucal","Para Você","EAN/GTIN: 7896444210623",7.90,5
"Fio Dental Reach Essencial Menta Johnson’s 100 m","P-IRMN","Marca: Johnson’s. Categoria: Higiene Pessoal. Tipo: Higiene Bucal. Embalagem: 100m. Fio Dental Reach Essencial Menta Johnson’s 100 m Johnson’s HIGIENE HIGIENE BUCAL FIO DENTAL 100m Para Você Higiene Pessoal Higiene Bucal","Para Você","EAN/GTIN: 7891010501105",15.90,2
"Fita Adesiva 45 mm x 50 m","P357","Categoria: Casa e Utilidades. Tipo: Papelaria. Embalagem: Unidade. A fita adesiva de 45mm x 50m é ideal para fechamento de caixas e embalagens, além de ser útil para reparos domésticos e uso escolar. Disponível na Dona Antônia, atende às necessidades de quem busca praticidade em Cuiabá e Várzea Grande. Um item versátil que não pode faltar em sua casa ou escritório.","Para Casa","EAN/GTIN: 7899320397296",4.90,8
"Flocão de Milho CAMPMILHO 400g","7896547905914","Categoria: Mercearia. Tipo: Farinhas. Embalagem: 400g. O Flocão de Milho CAMPMILHO é uma farinha de milho flocada, produzida a partir de milho geneticamente modificado, com embalagem de 400g. Ideal para preparar cuscuz nordestino, farofas e bolos, oferecendo praticidade e sabor aos pratos típicos. A embalagem tipo pacote facilita o armazenamento e o manuseio do produto.","Para Casa","EAN/GTIN: 7896547905914",2.69,7
"Flocão de Milho Sinhá 500 g","P0161","Marca: Sinhá. Categoria: Mercearia. Tipo: Farinhas. Embalagem: 500g. Flocão de Milho Sinhá 500 g Sinhá MERCEARIA BÁSICA FARINHAS FARINHAS E DERIVADOS 500g Para Casa Mercearia Farinhas","Para Casa","EAN/GTIN: 7892300000933",3.49,10
"Flocão de Milho Urbano 500 g","7896038300136","Marca: Urbano. Categoria: Mercearia. Tipo: Farinhas. Embalagem: 500 g. O Flocão de Milho Urbano 500 g é produzido a partir de milho flocado, sem glúten e sem conservantes, ideal para preparar cuscuz, bolos, mingaus e farofas. Embalado em pacote plástico transparente de 500 g, mantém a integridade do produto até o momento do consumo.","Para Casa","EAN/GTIN: 7896038300136",3.69,10
"Folhas de Louro Itapero 4 g","7895639000049","Marca: Itapero. Categoria: Mercearia. Tipo: Temperos. Embalagem: 4g. Folhas de louro desidratadas, embalagem de 4g, marca Lida Itapero, EAN 7895639000049. Ingrediente: Folhas de Louro. NÃO CONTÉM GLÚTEN. Conservar em local limpo, seco e arejado.","Para Casa","EAN/GTIN: 7895639000049",1.89,6
"Forma para Gelo de Silicone Color 1 un","P0162","Categoria: Casa e Utilidades. Tipo: Cozinha. Embalagem: Unidade. Forma para Gelo de Silicone Color 1 un UTENSÍLIOS E UTILIDADES COZINHA PREPARO E ARMAZENAMENTO Unidade Para Casa Casa e Utilidades Cozinha","Para Casa","EAN/GTIN: 7908174959113",9.90,6
"Forma para Gelo de Silicone Color 25 x 12 cm","P358","Categoria: Casa e Utilidades. Tipo: Cozinha. Embalagem: 25X12Cm. Forma para Gelo de Silicone Color 25 x 12 cm UTENSÍLIOS E UTILIDADES COZINHA PREPARO E ARMAZENAMENTO 25X12Cm Para Casa Casa e Utilidades Cozinha","Para Casa","EAN/GTIN: 8430422332083",7.90,5
"Fósforo Paraná 10 caixas","P0163","Marca: Paraná. Categoria: Casa e Utilidades. Tipo: Cozinha. Embalagem: 10cx. Fósforo Paraná 10 caixas Paraná UTENSÍLIOS E UTILIDADES COZINHA UTENSÍLIO DE COZINHA 10cx Para Casa Casa e Utilidades Cozinha","Para Casa","EAN/GTIN: 7896080900148",4.50,17
"Fralda Baby Protect & Sec Tamanho P Personal 44 un","7896110011615","Marca: Personal. Categoria: Bebê. Tipo: Fraldas. Embalagem: Pacote com 44 unidades. A Fralda Personal Baby Protect & Sec Tamanho P é indicada para bebês com peso de até 6 kg. Possui tecnologia de 5 camadas que proporciona maior absorção e mantém a pele do bebê sequinha por até 12 horas. A camada externa é respirável, e o sistema 'Abre e Fecha' facilita a troca. Embalada em pacote com 44 unidades.","Para Você","EAN/GTIN: 7896110011615",26.90,3
"Fralda Baby Protect&Sec M Personal 40 un","7896110011622","Marca: Personal. Categoria: Bebê. Tipo: Fraldas. Embalagem: 40 Fraldas Descartáveis. A Fralda Personal Baby Protect&Sec tamanho M, com 40 unidades, é indicada para bebês de 5 a 9,5 kg. Possui sistema de mega absorção com gel super absorvente, oferecendo até 12 horas de proteção. Sua camada externa respirável mantém a pele do bebê seca e saudável, enquanto as abas ajustáveis garantem um ajuste confortável. Dermatologicamente testada, é ideal para uso diário, proporcionando conforto e segurança ao seu bebê.","Para Você","EAN/GTIN: 7896110011622",39.90,3
"Fralda Descartável Hiper G Cremer 60 un","P-0UTK","Marca: Cremer. Categoria: Bebê. Tipo: Fraldas. Embalagem: 60 Unidades. As fraldas Cremer são ideais para a higiene e proteção de bebês. Com um pacote contendo 60 unidades, elas oferecem conforto e praticidade para o dia a dia. Disponíveis em Cuiabá e Várzea Grande, são uma escolha confiável para os pais que buscam qualidade e segurança para seus pequenos.","Para Você","EAN/GTIN: 7898064036447",61.90,2
"Fralda Descartável M Cremer 68 un","P-J6SU","Marca: Cremer. Categoria: Bebê. Tipo: Fraldas. Embalagem: 68 Unidades. Fralda Descartável M Cremer 68 un Cremer BEBÊ FRALDAS FRALDA DESCARTÁVEL 68 Unidades Para Você Bebê Fraldas","Para Você","EAN/GTIN: 7898133019579",56.90,2
"Fralda Descartável Supersequinha G Pampers 80 un","pampers.fraldaG.80","Marca: Pampers. Categoria: Bebê. Tipo: Fraldas. Embalagem: 80 Unidades. As fraldas descartáveis Pampers Supersequinha G são ideais para o conforto do seu bebê. Com 80 unidades, elas oferecem proteção e suavidade, sendo uma escolha prática para os pais. Disponíveis na Dona Antônia, em Cuiabá e Várzea Grande, são perfeitas para o dia a dia.","Para Você","EAN/GTIN: 7500435132831",89.90,1
"Fralda Descartável Tamanho RN/P Personal 44 un","812309U","Marca: Personal. Categoria: Bebê. Tipo: Fraldas. Embalagem: 44 unidades. A fralda descartável Personal é ideal para o conforto do seu bebê. Com 44 unidades, ela oferece praticidade para o dia a dia. Disponível em Cuiabá e Várzea Grande, é uma escolha confiável para os pais que buscam qualidade e segurança. Experimente a facilidade que a Dona Antônia traz para você.","Para Você","EAN/GTIN: 07896110011615",40.90,3
"Fralda Descartável XG Cremer 52 un","P324","Marca: Cremer. Categoria: Bebê. Tipo: Fraldas. Embalagem: 52 Unidades. Fralda Descartável XG Cremer 52 un Cremer BEBÊ FRALDAS FRALDA DESCARTÁVEL 52 Unidades Para Você Bebê Fraldas","Para Você","EAN/GTIN: 7898064036454",57.90,3
"Fralda Descartável XXG Cremer 16 un","0937390747","Marca: Cremer. Categoria: Bebê. Tipo: Fraldas. Embalagem: 16 Unidades. Fralda Descartável XXG Cremer 16 un Cremer BEBÊ FRALDAS FRALDA DESCARTÁVEL 16 Unidades Para Você Bebê Fraldas","Para Você","EAN/GTIN: 7898064036393",23.90,2
"Fralda Descartável XXG Cremer 40 un","P-7MP3","Marca: Cremer. Categoria: Bebê. Tipo: Fraldas. Embalagem: 40 Unidades. Fralda Descartável XXG Cremer 40 un Cremer BEBÊ FRALDAS FRALDA DESCARTÁVEL 40 Unidades Para Você Bebê Fraldas","Para Você","EAN/GTIN: 7898133019807",56.90,2
"Fralda G Cremer 20 un","P-SVVW","Marca: Cremer. Categoria: Bebê. Tipo: Fraldas. Embalagem: 20 Unidades. Fralda G Cremer 20 un Cremer BEBÊ FRALDAS FRALDA DESCARTÁVEL 20 Unidades Para Você Bebê Fraldas","Para Você","EAN/GTIN: 7896012881811",21.90,2
"Fralda G Cremer 24 un","P325","Marca: Cremer. Categoria: Bebê. Tipo: Fraldas. Embalagem: 24 Unidades. Fralda G Cremer 24 un Cremer BEBÊ FRALDAS FRALDA DESCARTÁVEL 24 Unidades Para Você Bebê Fraldas","Para Você","EAN/GTIN: 7898064035587",26.90,4
"Fralda M Cremer 26 un","P-XET6","Marca: Cremer. Categoria: Bebê. Tipo: Fraldas. Embalagem: 26 Unidades. Fralda M Cremer 26 un Cremer BEBÊ FRALDAS FRALDA DESCARTÁVEL 26 Unidades Para Você Bebê Fraldas","Para Você","EAN/GTIN: 7898133019562",25.90,4
"Fralda M Personal 40 un","114931V","Marca: Personal. Categoria: Bebê. Tipo: Fraldas. Embalagem: 40 Unidades. Fralda M Personal 40 un Personal BEBÊ FRALDAS FRALDA DESCARTÁVEL 40 Unidades Para Você Bebê Fraldas","Para Você","EAN/GTIN: 07896110011622",37.90,3
"Fralda Shortinho G Cremer 16 un","P-1R78","Marca: Cremer. Categoria: Bebê. Tipo: Fraldas. Embalagem: 16 Unidades. Fralda Shortinho G Cremer 16 un Cremer BEBÊ FRALDAS FRALDA DESCARTÁVEL 16 Unidades Para Você Bebê Fraldas","Para Você","EAN/GTIN: 07898133019913",23.90,2
"Fralda Shortinho M Cremer 26 un","P-KTM2","Marca: Cremer. Categoria: Bebê. Tipo: Fraldas. Embalagem: 26 Unidades. Fralda Shortinho M Cremer 26 un Cremer BEBÊ FRALDAS FRALDA DESCARTÁVEL 26 Unidades Para Você Bebê Fraldas","Para Você","EAN/GTIN: 7896012881965",30.90,2
"Fralda Shortinho M Cremer 52 un","P-24US","Marca: Cremer. Categoria: Bebê. Tipo: Fraldas. Embalagem: 52 Unidades. Fralda Shortinho M Cremer 52 un Cremer BEBÊ FRALDAS FRALDA DESCARTÁVEL 52 Unidades Para Você Bebê Fraldas","Para Você","EAN/GTIN: 7896012882009",54.90,2
"Fralda Shortinho XG Cremer 14 un","P-4VVG","Marca: Cremer. Categoria: Bebê. Tipo: Fraldas. Embalagem: 14 Unidades. Fralda Shortinho XG Cremer 14 un Cremer BEBÊ FRALDAS FRALDA DESCARTÁVEL 14 Unidades Para Você Bebê Fraldas","Para Você","EAN/GTIN: 07898133019920",24.90,2
"Fruta Seca Uva Passa Escura Vale Fértil 150 g","vale.uvapassa.150","Marca: Vale Fértil. Categoria: Mercearia. Tipo: Confeitaria. Embalagem: 150g. A uva passa escura da Vale Fértil é uma opção deliciosa e prática para o seu dia a dia. Ideal para consumo direto ou como complemento em cereais, iogurtes e receitas, ela traz um toque especial às suas preparações. Disponível em Cuiabá e Várzea Grande, é uma escolha que combina sabor e versatilidade.","Para Casa","EAN/GTIN: 7896272009918",12.90,3
"Fubá de Milho Sinhá 500 g","P0164","Marca: Sinhá. Categoria: Mercearia. Tipo: Farinhas. Embalagem: 500g. Fubá de Milho Sinhá 500 g Sinhá MERCEARIA BÁSICA FARINHAS FARINHAS E DERIVADOS 500g Para Casa Mercearia Farinhas","Para Casa","EAN/GTIN: 7892300026629",2.69,8
"Fugini Molho de Tomate 300g","P0244","Marca: Fugini. Categoria: Mercearia. Tipo: Molhos de Tomate. Embalagem: 300g. Fugini Molho de Tomate 300g Fugini MOLHOS E CONDIMENTOS MACARRÃO MASSA SECA 300g Para Casa Mercearia Molhos de Tomate","Para Casa","EAN/GTIN: 7897517206086",1.89,101
"Garrafa Plasútil 1,8 L","191707U","Marca: Plasútil. Categoria: Casa e Utilidades. Tipo: Cozinha. Embalagem: 1,8L. Garrafa Plasútil 1,8 L Plasútil UTENSÍLIOS E UTILIDADES COZINHA COPOS, GARRAFAS E POTES 1,8L Para Casa Casa e Utilidades Cozinha","Para Casa","EAN/GTIN: 7896042080383",25.90,2
"Gatorade Isotônico Sabor Uva 500 ml","7892840808051","Marca: Gatorade. Categoria: Mercearia. Tipo: Bebidas. Embalagem: 500 ml. Gatorade Isotônico Sabor Uva 500 ml é uma bebida esportiva formulada para repor líquidos e eletrólitos perdidos durante atividades físicas intensas. Cada porção de 200 ml contém 48 kcal, 12 g de carboidratos, 90 mg de sódio e 24 mg de potássio, auxiliando na manutenção do equilíbrio hidroeletrolítico. Sua embalagem de 500 ml é prática para consumo durante ou após o exercício.","Para Casa","EAN/GTIN: 7892840808051",5.99,12
"Gel de Limpeza Facial Anti-ressecamento com Ácido Hialurônico e Niacinamida Monange 120 g","710585O","Marca: Monange. Categoria: Beleza e Cuidados. Tipo: Cuidados com o Rosto. Embalagem: 120g. O gel de limpeza facial Monange Antirressecamento é ideal para quem busca uma limpeza suave e eficaz. Com ingredientes como ácido hialurônico e niacinamida, ele remove impurezas sem agredir a pele, mantendo a hidratação balanceada. Disponível na Dona Antônia, em Cuiabá e Várzea Grande, é uma ótima opção para o cuidado diário da sua pele.","Para Você","EAN/GTIN: 7896235354383",17.72,4
"Gel de Limpeza Facial Express Aclara Hidratante Garnier 150 g","993523B","Marca: Garnier. Categoria: Beleza e Cuidados. Tipo: Cuidados com o Rosto. Embalagem: 150g. O gel de limpeza facial express aclara e hidrata a pele, sendo ideal para o uso diário. Com sua fórmula leve, ele remove impurezas e maquiagem, deixando a pele fresca e suave. Perfeito para quem busca praticidade na rotina de cuidados com a pele, disponível na Dona Antônia em Cuiabá e Várzea Grande.","Para Você","EAN/GTIN: 7899706192019",24.90,7
"Gel de Limpeza Facial Monange Anti-Oleosidade Ácido Hialurônico e Salgueiro Branco 120g","7896235354369","Categoria: Beleza e Cuidados. Tipo: Cuidados com o Rosto. Embalagem: 120g. O gel de limpeza facial da Monange é ideal para quem busca controle de oleosidade e brilho excessivo. Com ácido hialurônico e salgueiro branco, proporciona uma limpeza profunda, deixando a pele fresca e equilibrada. Perfeito para o uso diário, é uma ótima opção para quem vive em Cuiabá e Várzea Grande e deseja cuidar da saúde da pele de forma prática e eficaz.","Para Você","EAN/GTIN: 7896235354369",17.72,4
"Gel Dental Baby Galinha Pintadinha Condor 50 g","7891055538517","Marca: Condor. Categoria: Higiene Pessoal. Tipo: Higiene Bucal. Embalagem: 50g. O Gel Dental Condor Baby Galinha Pintadinha 50g é formulado sem flúor, sendo seguro para bebês de 0 a 2 anos. Sua embalagem de 50g possui tampa flip top, facilitando o uso. Indicado para a higiene bucal dos primeiros dentinhos, ajuda na prevenção da fluorose.","Para Você","EAN/GTIN: 7891055538517",7.89,3
"Gel Dental Condor Barbie Kids+ com Flúor Morango 50 g","7891055394229","Marca: Condor. Categoria: Higiene Pessoal. Tipo: Higiene Bucal. Embalagem: 50 g. O Gel Dental Condor Lilica Ripilica Kids+ com Flúor Morango 50 g oferece proteção contra cáries e tártaro com 1.100 ppm de flúor. Sua fórmula contém sorbitol, sílica hidratada, água, laurilsulfato de sódio, macrogol, carmelose sódica, aroma, fluoreto de sódio, sacarina sódica, benzoato de sódio, corantes vermelhos escarlate 125 e vermelho amaranto, além de sabor artificial de morango. A embalagem de 50 g possui tampa flip top para fácil uso.","Para Você","EAN/GTIN: 7891055394229",7.90,4
"GEL DENTAL Hot Wheels COM FLÚOR KIDS+ SABOR MORANGO 50 g","7891055538111","Categoria: Higiene Pessoal. Tipo: Higiene Bucal. Embalagem: PESO LÍQUIDO 50 g. O Gel Dental Infantil Hot Wheels oferece proteção contra cáries com 1.100 ppm de flúor, possui sabor morango e vem em bisnaga de 50 g com tampa flip top.","Para Você","EAN/GTIN: 7891055538111",7.89,2
"Gel Dental Infantil Fini Minhocas Azedinhas com Flúor Maçã Verde Carmed 70 g","34858132","Marca: Cimed. Categoria: Higiene Pessoal. Tipo: Higiene Bucal. Embalagem: 70g. Gel Dental Infantil Fini Minhocas Azedinhas com Flúor Maçã Verde Carmed 70 g Cimed HIGIENE HIGIENE BUCAL CREME DENTAL 70g Para Você Higiene Pessoal Higiene Bucal","Para Você","EAN/GTIN: 7897947620766",16.90,1
"Gel Dental Kids+ com Flúor Morango Lilica Ripilica Condor 50 g","7891055538012","Marca: Condor. Categoria: Higiene Pessoal. Tipo: Higiene Bucal. Embalagem: 50g. O Gel Dental Condor Lilica Ripilica Kids+ com Flúor Morango 50g é um creme dental infantil desenvolvido para proteger os dentes das crianças contra cáries e tártaro. Sua fórmula contém 1.100 ppm de flúor, proporcionando proteção eficaz. Disponível em bisnagas de 50g com tampa flip top, facilitando o uso diário. A composição inclui sorbitol, sílica hidratada, água, laurilsulfato de sódio, macrogol, carmelose sódica, aroma, fluoreto de sódio, sacarina sódica, benzoato de sódio, corante vermelho escarlate 125, corante vermelho amaranto e sabor artificial de morango.","Para Você","EAN/GTIN: 7891055538012",10.49,6
"Gel Limpeza Profunda Pinho Pato 500 ml","6655010592","Marca: Pato. Categoria: Limpeza. Tipo: Limpeza de Banheiro. Embalagem: 500ml. Gel Limpeza Profunda Pinho Pato 500 ml Pato LIMPEZA BANHEIRO LIMPEZA DE BANHEIRO 500ml Para Casa Limpeza Limpeza de Banheiro","Para Casa","EAN/GTIN: 7894650014059",15.90,2
"Gel para Limpeza Profunda Lavanda Pato 500 ml","6299170161","Marca: Pato. Categoria: Limpeza. Tipo: Limpeza de Banheiro. Embalagem: 500ml. Gel para Limpeza Profunda Lavanda Pato 500 ml Pato LIMPEZA BANHEIRO LIMPEZA DE BANHEIRO 500ml Para Casa Limpeza Limpeza de Banheiro","Para Casa","EAN/GTIN: 7894650013731",15.90,2
"Gel para Limpeza Profunda Marine Pato 500 ml","4726140601","Marca: Pato. Categoria: Limpeza. Tipo: Limpeza de Banheiro. Embalagem: 500ml. Gel para Limpeza Profunda Marine Pato 500 ml Pato LIMPEZA BANHEIRO LIMPEZA DE BANHEIRO 500ml Para Casa Limpeza Limpeza de Banheiro","Para Casa","EAN/GTIN: 7894650013595",15.90,6
"Geladinho Mikito's Sortidos 10 unidades","1787064126981_db90","Marca: Mikito's. Categoria: Mercearia. Tipo: Doces e Sobremesas. Embalagem: kit 10 un. Geladinho Mikito's Sortidos é uma embalagem contendo 40 unidades de geladinhos em formato de saquinho, sem adição de açúcar, oferecendo uma variedade de sabores para agradar diferentes paladares.","Para Casa","",4.50,10
"Gelatina Cereja Apti 20 g","7896327516156","Marca: Apti. Categoria: Mercearia. Tipo: Confeitaria. Embalagem: 20g. Gelatina Cereja Apti 20 g Apti CONFEITARIA GELATINA SOBREMESA EM PÓ 20g Para Casa Mercearia Confeitaria","Para Casa","EAN/GTIN: 7896327516156",1.69,1
"Gelatina de Framboesa Apti 20 g","85195351","Marca: Apti. Categoria: Mercearia. Tipo: Confeitaria. Embalagem: 20g. Gelatina de Framboesa Apti 20 g Apti CONFEITARIA GELATINA SOBREMESA EM PÓ 20g Para Casa Mercearia Confeitaria","Para Casa","EAN/GTIN: 7896327516163",1.69,3
"Gelatina Framboesa Sol 20 g","P20043","Marca: Sol. Categoria: Mercearia. Tipo: Confeitaria. Embalagem: 20g. Gelatina Framboesa Sol 20 g Sol CONFEITARIA GELATINA SOBREMESA EM PÓ 20g Para Casa Mercearia Confeitaria","Para Casa","EAN/GTIN: 7896005210659",1.80,4
"Gelatina Limão Sol 20 g","P11","Marca: Sol. Categoria: Mercearia. Tipo: Confeitaria. Embalagem: 20g. Gelatina Limão Sol 20 g Sol CONFEITARIA GELATINA SOBREMESA EM PÓ 20g Para Casa Mercearia Confeitaria","Para Casa","EAN/GTIN: 7896005210697",1.80,5
"Gelatina Maracujá Sol 20 g","P3004L","Marca: Sol. Categoria: Mercearia. Tipo: Confeitaria. Embalagem: 20g. Gelatina Maracujá Sol 20 g Sol CONFEITARIA GELATINA SOBREMESA EM PÓ 20g Para Casa Mercearia Confeitaria","Para Casa","EAN/GTIN: 7896005210727",1.80,6
"Gelatina Morango Sol 20 g","P22MDE","Marca: Sol. Categoria: Mercearia. Tipo: Confeitaria. Embalagem: 20g. Gelatina Morango Sol 20 g Sol CONFEITARIA GELATINA SOBREMESA EM PÓ 20g Para Casa Mercearia Confeitaria","Para Casa","EAN/GTIN: 7896005210741",1.80,7
"Gelatina Uva Sol 20 g","P203R","Marca: Sol. Categoria: Mercearia. Tipo: Confeitaria. Embalagem: 20g. Gelatina Uva Sol 20 g Sol CONFEITARIA GELATINA SOBREMESA EM PÓ 20g Para Casa Mercearia Confeitaria","Para Casa","EAN/GTIN: 7896005210789",1.80,12
"Geleia de Amora Clássica Forno Velho 400 g","P-BC9Y","Marca: Forno Velho. Categoria: Mercearia. Tipo: Geleias e Acompanhamentos. Embalagem: 400g. A geleia de amora da marca Forno Velho é uma deliciosa opção para acompanhar seu café da manhã. Ideal para ser utilizada em torradas, pães e bolos, ela traz um sabor autêntico e é perfeita para quem aprecia um toque especial nas refeições. Disponível em Cuiabá e Várzea Grande, é uma escolha prática e saborosa para o seu dia a dia.","Para Casa","EAN/GTIN: 7898307832935",26.90,2
"Geleia de Amora Linea 230 g","P-W727","Marca: Linea. Categoria: Mercearia. Tipo: Geleias e Acompanhamentos. Embalagem: 230g. Geleia de Amora Linea 230 g Linea CAFÉ DA MANHÃ ACOMPANHAMENTOS 230g Para Casa Mercearia Geleias e Acompanhamentos","Para Casa","EAN/GTIN: 7896001215009",21.90,5
"Geleia de Cebola Caramelizada Linea 230 g","P-KAFA","Marca: Linea. Categoria: Mercearia. Tipo: Geleias e Acompanhamentos. Embalagem: 230g. Geleia de Cebola Caramelizada Linea 230 g Linea CAFÉ DA MANHÃ ACOMPANHAMENTOS GELEIA E MEL 230g Para Casa Mercearia Geleias e Acompanhamentos","Para Casa","EAN/GTIN: 7896001282476",28.90,2
"Geleia de Damasco Zero Açúcar Linea 230 g","P-4Y2Q","Marca: Linea. Categoria: Mercearia. Tipo: Geleias e Acompanhamentos. Embalagem: 230g. Geleia de Damasco Zero Açúcar Linea 230 g Linea CAFÉ DA MANHÃ ACOMPANHAMENTOS 230g Para Casa Mercearia Geleias e Acompanhamentos","Para Casa","EAN/GTIN: 7896001210141",24.90,3
"Geleia de Frutas Vermelhas Clássica Forno Velho 420 g","P-I1RQ","Marca: Forno Velho. Categoria: Mercearia. Tipo: Geleias e Acompanhamentos. Embalagem: 420g. Geleia de Frutas Vermelhas Clássica Forno Velho 420 g Forno Velho CAFÉ DA MANHÃ ACOMPANHAMENTOS 420g Para Casa Mercearia Geleias e Acompanhamentos","Para Casa","EAN/GTIN: 7898307832669",26.90,2
"Geleia de Laranja Clássica Forno Velho 420 g","P-QJTF","Marca: Forno Velho. Categoria: Mercearia. Tipo: Geleias e Acompanhamentos. Embalagem: 420g. Geleia de Laranja Clássica Forno Velho 420 g Forno Velho CAFÉ DA MANHÃ ACOMPANHAMENTOS 420g Para Casa Mercearia Geleias e Acompanhamentos","Para Casa","EAN/GTIN: 7898307832447",26.90,1
"Geleia de Menta Companhia das Ervas 260 g","P-JHOR","Marca: Companhia das Ervas. Categoria: Mercearia. Tipo: Geleias e Acompanhamentos. Embalagem: 260g. A geleia de menta da Companhia das Ervas é uma opção refrescante e versátil para acompanhar suas refeições. Ideal para pães, biscoitos e até mesmo carnes exóticas, como cordeiro e javali. Em Cuiabá e Várzea Grande, a Dona Antônia traz essa delícia para você, perfeita para dar um toque especial ao seu café da manhã ou lanche da tarde.","Para Casa","EAN/GTIN: 7897269903707",15.90,3
"Geleia de Morango Clássica Forno Velho 420 g","P-VLSR","Marca: Forno Velho. Categoria: Mercearia. Tipo: Geleias e Acompanhamentos. Embalagem: 420g. A geleia de morango Forno Velho é uma deliciosa opção para acompanhar pães e torradas no café da manhã. Com sua textura cremosa e sabor autêntico, é perfeita para quem busca um toque especial nas refeições. Disponível em Cuiabá e Várzea Grande, é uma escolha prática e saborosa para o seu dia a dia.","Para Casa","EAN/GTIN: 7898307832461",26.90,2
"Geleia de Morango sem Adição de Açúcar Linea 230 g","P-OCFV","Marca: Linea. Categoria: Mercearia. Tipo: Geleias e Acompanhamentos. Embalagem: 230g. Geleia de Morango sem Adição de Açúcar Linea 230 g Linea CAFÉ DA MANHÃ ACOMPANHAMENTOS 230g Para Casa Mercearia Geleias e Acompanhamentos","Para Casa","EAN/GTIN: 7896001210042",24.90,8
"Geleia de Pimenta Defumada Forno Velho 260 g","1813870953","Marca: Forno Velho. Categoria: Mercearia. Tipo: Geleias e Acompanhamentos. Embalagem: 260g. A geleia de pimenta defumada da Forno Velho é uma opção deliciosa para acompanhar queijos, carnes grelhadas e petiscos. Ideal para quem busca um toque especial em molhos e aperitivos, ela traz um sabor marcante que combina bem com diversas receitas. Disponível na Dona Antônia, em Cuiabá e Várzea Grande, é uma escolha prática e saborosa para o seu café da manhã.","Para Casa","EAN/GTIN: 7898952824422",15.90,4
"Geleia de Pimenta Jalapeños Companhia das Ervas 260 g","2245310531","Marca: Companhia das Ervas. Categoria: Mercearia. Tipo: Geleias e Acompanhamentos. Embalagem: 260g. Geleia de Pimenta Jalapeños Companhia das Ervas 260 g Companhia das Ervas CAFÉ DA MANHÃ ACOMPANHAMENTOS GELEIA E MEL 260g Para Casa Mercearia Geleias e Acompanhamentos","Para Casa","EAN/GTIN: 7897269903691",15.90,6
"Geleia de Pimenta Vermelha VAL 260 g","3288580334","Marca: VAL. Categoria: Mercearia. Tipo: Geleias e Acompanhamentos. Embalagem: 260g. Geleia de Pimenta Vermelha VAL 260 g VAL CAFÉ DA MANHÃ ACOMPANHAMENTOS GELEIA E MEL 260g Para Casa Mercearia Geleias e Acompanhamentos","Para Casa","EAN/GTIN: 7898045702002",19.90,3
"Geleia de Uva Engenho Velho Clássica 420g","P-PHWN","Marca: Forno Velho. Categoria: Mercearia. Tipo: Geleias e Acompanhamentos. Embalagem: Vidro de 420g. A geleia de uva Engenho Velho é uma opção deliciosa para acompanhar pães, torradas e queijos. Produzida com frutas selecionadas, é perfeita para o café da manhã ou um lanche especial. Disponível na Dona Antônia, em Cuiabá e Várzea Grande, traz um sabor caseiro que encanta a todos.","Para Casa","EAN/GTIN: 7898307832478",26.90,2
"Geleia Iluminadora Bem Dita Praia Lola Cosmetics 200 ml","508734L","Marca: Lola Cosmetics. Categoria: Beleza e Cuidados. Tipo: Cuidados Corporais. Embalagem: 200ml. Geleia Iluminadora Bem Dita Praia Lola Cosmetics 200 ml Lola Cosmetics BELEZA CORPO HIDRATANTE CORPORAL 200ml Para Você Beleza e Cuidados Cuidados Corporais cabelo seco cabelo ressecado ressecamento hidratar cabelo maciez","Para Você","EAN/GTIN: 7899572808724",34.90,2
"Geleia sem adição de açúcar de frutas vermelhas Linea 230 g","P-55T7","Marca: Linea. Categoria: Mercearia. Tipo: Geleias e Acompanhamentos. Embalagem: 230g. Geleia sem adição de açúcar de frutas vermelhas Linea 230 g Linea CAFÉ DA MANHÃ ACOMPANHAMENTOS 230g Para Casa Mercearia Geleias e Acompanhamentos","Para Casa","EAN/GTIN: 7896001200111",26.90,3
"Gengibre em pó Itapero 15 g","7895639000230","Marca: Itapero. Categoria: Mercearia. Tipo: Temperos. Embalagem: 15g. Gengibre em pó da marca Itapero, embalagem de 15g, EAN 7895639000230. Ingrediente: gengibre raiz. NÃO CONTÉM GLÚTEN. Conservar em local limpo, seco e arejado.","Para Casa","EAN/GTIN: 7895639000230",1.89,9
"Ghee Hidratação Banana Lola Cosmetics 100 g","P-KKB1","Marca: Lola Cosmetics. Categoria: Cabelos. Tipo: Tratamentos Capilares. Embalagem: 100g. Ghee Hidratação Banana Lola Cosmetics 100 g Lola Cosmetics BELEZA CABELO TRATAMENTO CAPILAR 100g Para Você Cabelos Tratamentos Capilares cabelo seco cabelo ressecado ressecamento hidratar cabelo maciez","Para Você","EAN/GTIN: 7899572805808",23.90,2
"Girando Sol Desinfetante Jasim 2 LITROS","9670260080","Marca: Girando Sol. Categoria: Limpeza. Tipo: Desinfetantes. Embalagem: 2 LITROS. Girando Sol Desinfetante Jasim 2 LITROS Girando Sol LIMPEZA DESINFETANTE DESINFETANTE DOMÉSTICO 2 LITROS Para Casa Limpeza Desinfetantes","Para Casa","EAN/GTIN: 7896404600259",8.90,1
"Glade Gotas Perfumadas Citronela 120 ml","7894650015681","Marca: Glade. Categoria: Limpeza. Tipo: Desinfetantes. Embalagem: 120 ml. Glade Gotas Perfumadas Citronela 120 ml é um ambientador concentrado que utiliza óleos essenciais para proporcionar uma fragrância intensa e agradável. Pode ser utilizado diluído em água para aromatizar pisos e grandes superfícies ou puro para pequenos espaços, aplicando diretamente sobre a superfície desejada. Recomenda-se testar em uma pequena área antes da aplicação para evitar possíveis manchas e secar imediatamente para evitar superfícies escorregadias.","Para Casa","EAN/GTIN: 7894650015681",13.90,4
"Glade Purificador Aero Lmbrança Infância 360ml - Rosa","P0272","Marca: Glade. Categoria: Limpeza. Tipo: Aromatizadores e Ambiente. Embalagem: 360ml. Glade Purificador Aero Lmbrança Infância 360ml - Rosa Glade LIMPEZA PURIFICADOR DE AR AROMATIZADOR DE AMBIENTE 360ml Para Casa Limpeza Aromatizadores e Ambiente","Para Casa","EAN/GTIN: 7894650014448",16.90,9
"Goiabada em Tablete VAL 300 g","P0166","Marca: VAL. Categoria: Mercearia. Tipo: Chocolates e Doces. Embalagem: 300g. A goiabada VAL em tablete é uma opção deliciosa para quem aprecia doces. Ideal para ser consumida pura, em sanduíches ou como acompanhamento de queijos, ela traz um sabor autêntico que pode ser apreciado em Cuiabá e Várzea Grande. Experimente essa iguaria e descubra novas combinações para suas refeições.","Para Casa","EAN/GTIN: 7898045700336",3.99,10
"Guardanapos de Papel Trevo Papel 50 un","58566844","Marca: Trevo Papel. Categoria: Casa e Utilidades. Tipo: Cozinha. Embalagem: 50 un. Guardanapos de Papel Trevo Papel 50 un Trevo Papel LIMPEZA PANOS E PAPÉIS PANO DE LIMPEZA 50 un Para Casa Casa e Utilidades Cozinha","Para Casa","EAN/GTIN: 7898901374053",2.60,12
"Hastes Flexíveis com Pontas de Algodão Cotonela 75 un","7898916237015","Categoria: Higiene Pessoal. Tipo: Algodão e Hastes. Embalagem: 75 unidades. As Hastes Flexíveis Cotonela são compostas por hastes de polipropileno e pontas de algodão 100% puro, oferecendo suavidade e conforto. Recebem tratamento antigerme, mantendo-as livres de contaminação. Indicadas para higiene diária de orelhas, umbigo, nariz, além de aplicações de medicamentos, retoques de maquiagem e cuidados com o bebê. Embalagem com 75 unidades.","Para Você","EAN/GTIN: 7898916237015",3.90,1
"Heinz Molho de Tomate Basilico em Vidro 320g","39084209","Marca: Heinz. Categoria: Mercearia. Tipo: Molhos de Tomate. Embalagem: 320g. Heinz Molho de Tomate Basilico em Vidro 320g Heinz MACARRÃO E MOLHOS MACARRÃO MASSA SECA 320g Para Casa Mercearia Molhos de Tomate","Para Casa","EAN/GTIN: 7896102503234",14.90,7
"Heinz Molho de Tomate Rustico Tradicional em Vidro 320g","733776V","Marca: Heinz. Categoria: Mercearia. Tipo: Molhos de Tomate. Embalagem: 320g. Heinz Molho de Tomate Rustico Tradicional em Vidro 320g Heinz MACARRÃO E MOLHOS MACARRÃO MASSA SECA 320g Para Casa Mercearia Molhos de Tomate","Para Casa","EAN/GTIN: 7896102503227",14.90,8
"Hellmann’s Maionese Supreme - 335g","51906840","Marca: Hellmann’s. Categoria: Mercearia. Tipo: Molhos e Condimentos. Embalagem: 335ml. Hellmann’s Maionese Supreme - 335g Hellmann’s MOLHOS E CONDIMENTOS MAIONESE MOLHO CREMOSO 335ml Para Casa Mercearia Molhos e Condimentos","Para Casa","EAN/GTIN: 7891150080546",12.99,1
"Hidratante Corporal Ameixa Negra Hidramais 500 ml","hidramais.ameixanegra.500","Marca: Hidramais. Categoria: Beleza e Cuidados. Tipo: Cuidados Corporais. Embalagem: 500ml. O hidratante Hidramais Ameixa Negra é ideal para quem busca hidratação intensa e um toque aveludado na pele. Com uma fragrância sofisticada, ele é perfeito para todos os tipos de pele e proporciona uma rápida absorção. Disponível em Cuiabá e Várzea Grande, é uma excelente opção para o cuidado diário da sua pele.","Para Você","EAN/GTIN: 7896369162380",19.90,2
"Hidratante Corporal Amêndoas Hidramais 500 ml","hidramais.amendoas.500","Marca: Hidramais. Categoria: Beleza e Cuidados. Tipo: Cuidados Corporais. Embalagem: 500ml. O hidratante Hidramais Amêndoas é ideal para quem busca hidratar e perfumar a pele do corpo. Com sua embalagem de 500ml, ele é perfeito para o dia a dia, proporcionando uma sensação de suavidade e frescor. Disponível na Dona Antônia, em Cuiabá e Várzea Grande, é uma ótima opção para os cuidados diários com a pele.","Para Você","EAN/GTIN: 7896369126214",19.90,2
"Hidratante Corporal Beleza Radiante Cuidado Intenso NIVEA 400 ml","284037D","Marca: NIVEA. Categoria: Beleza e Cuidados. Tipo: Cuidados Corporais. Embalagem: 400ml. O NIVEA Hidratante Beleza Radiante Cuidado Intenso é ideal para quem busca uma pele hidratada e radiante. Com sua fórmula especial, ele proporciona um cuidado intenso, sendo perfeito para o uso diário. A Dona Antônia oferece este produto em Cuiabá e Várzea Grande, garantindo que você tenha acesso a um item essencial para a sua rotina de beleza.","Para Você","EAN/GTIN: 4005900919625",28.90,5
"Hidratante Corporal Body Care Neutrogena 400 ml","P-VMS5","Marca: Neutrogena. Categoria: Beleza e Cuidados. Tipo: Cuidados Corporais. Embalagem: 400ml. O Hidratante Corporal Neutrogena Body Care é ideal para quem busca hidratação e suavidade na pele. Com sua fórmula leve, ele se integra facilmente à rotina de cuidados diários, proporcionando uma sensação de frescor. Disponível em Cuiabá e Várzea Grande, é uma excelente opção para manter a pele bem cuidada.","Para Você","EAN/GTIN: 7891010257569",32.90,4
"Hidratante Corporal Colágeno Ultra e Vitamina E Hidramais 500 ml","hidramais.colagenoevita.500","Marca: Hidramais. Categoria: Beleza e Cuidados. Tipo: Cuidados Corporais. Embalagem: 500ml. O hidratante Hidramais Colágeno Ultra e Vitamina E é ideal para quem busca hidratação e cuidado com a pele. Com uma fórmula que promove a elasticidade e firmeza, ele é perfeito para o uso diário. A Dona Antônia oferece este produto em Cuiabá e Várzea Grande, proporcionando uma experiência de hidratação com rápida absorção e fragrância suave.","Para Você","EAN/GTIN: 7896369126115",19.90,2
"Hidratante Corporal Firmador Q10 com Vitamina Monange 400 ml","494079I","Marca: Monange. Categoria: Beleza e Cuidados. Tipo: Cuidados Corporais. Embalagem: 400ml. Hidratante Corporal Firmador Q10 com Vitamina Monange 400 ml Monange BELEZA CORPO HIDRATANTE CORPORAL 400ml Para Você Beleza e Cuidados Cuidados Corporais cabelo seco cabelo ressecado ressecamento hidratar cabelo maciez","Para Você","EAN/GTIN: 7896235354505",24.90,4
"Hidratante Corporal Firmador Q10 Para Todos os Tipos de Pele NIVEA 400 ml","42288919","Marca: NIVEA. Categoria: Beleza e Cuidados. Tipo: Cuidados Corporais. Embalagem: 400ml. O NIVEA Hidratante Firmador Q10 é ideal para todos os tipos de pele e pode ser utilizado na rotina diária de cuidados com o corpo. Com sua fórmula enriquecida, ele ajuda a manter a pele hidratada e com aparência firme. A Dona Antônia oferece este produto para quem busca um cuidado especial em Cuiabá e Várzea Grande.","Para Você","EAN/GTIN: 4005900116192",26.90,1
"Hidratante Corporal Firmador Q10 Pele Seca NIVEA 400 ml","41524551","Marca: NIVEA. Categoria: Beleza e Cuidados. Tipo: Cuidados Corporais. Embalagem: 400ml. O NIVEA Hidratante Firmador Q10 é ideal para quem busca hidratação e firmeza na pele seca. Com sua fórmula enriquecida, ele ajuda a melhorar a elasticidade da pele, tornando-a mais suave e macia. Perfeito para o uso diário, é uma ótima opção para quem vive em Cuiabá e Várzea Grande e deseja cuidar da pele com praticidade.","Para Você","EAN/GTIN: 4005900549266",36.90,3
"Hidratante Corporal Firmador Q10 Vitamina C Monange 400 ml","493275T","Marca: Monange. Categoria: Beleza e Cuidados. Tipo: Cuidados Corporais. Embalagem: 400ml. Hidratante Corporal Firmador Q10 Vitamina C Monange 400 ml Monange BELEZA CORPO HIDRATANTE CORPORAL 400ml Para Você Beleza e Cuidados Cuidados Corporais cabelo seco cabelo ressecado ressecamento hidratar cabelo maciez","Para Você","EAN/GTIN: 7896235354512",22.90,9
"Hidratante Corporal Flor de Laranjeira Hidramais 500 ml","451013T","Marca: Hidramais. Categoria: Beleza e Cuidados. Tipo: Cuidados Corporais. Embalagem: Pote de 500ml. A loção hidratante desodorante corporal Hidramais é ideal para quem busca hidratação e frescor para a pele. Com a delicada fragrância de flor de laranjeira, proporciona uma sensação de bem-estar e suavidade. Disponível na Dona Antônia, em Cuiabá e Várzea Grande, é uma ótima opção para o cuidado diário da sua pele.","Para Você","EAN/GTIN: 7896369163608",19.90,2
"Hidratante Corporal Frutas Vermelhas Hidramais 500 ml","683081R","Marca: Hidramais. Categoria: Beleza e Cuidados. Tipo: Cuidados Corporais. Embalagem: 500ml. A loção hidratante Hidramais com fragrância de frutas vermelhas é ideal para hidratar e perfumar a pele do corpo. Disponível em Cuiabá e Várzea Grande, é uma opção prática para o dia a dia. Experimente e sinta a suavidade que ela proporciona.","Para Você","EAN/GTIN: 7896369126719",19.90,2
"Hidratante Corporal Goji Berry Hidramais 500 ml","hidramais.gojiberry.500","Marca: Hidramais. Categoria: Beleza e Cuidados. Tipo: Cuidados Corporais. Embalagem: Pote de 500ml. O hidratante Hidramais Goji Berry é ideal para quem busca uma hidratação eficaz para a pele. Com uma fórmula leve e de rápida absorção, ele proporciona conforto e suavidade ao corpo. Disponível em Cuiabá e Várzea Grande, é uma ótima opção para o cuidado diário da sua pele. Experimente e sinta a diferença na sua rotina de beleza.","Para Você","EAN/GTIN: 7896369161390",19.90,2
"Hidratante Corporal Hidratação Essencial Flor de Lavanda Monange 200 ml","7898919412327","Marca: Monange. Categoria: Beleza e Cuidados. Tipo: Cuidados Corporais. Embalagem: Frasco. O Hidratante Corporal Monange Hidratação Essencial Flor de Lavanda 200ml oferece hidratação por 48 horas, nutre até a segunda camada da pele e proporciona uma sensação de relaxamento com sua fragrância floral. Sua fórmula de rápida absorção contém ingredientes naturais, deixando a pele macia e perfumada. Dermatologicamente testado e com ação desodorante.","Para Você","EAN/GTIN: 7898919412327",12.90,5
"Hidratante Corporal Irresistível Paixão 200 ml","284926P","Marca: Paixão. Categoria: Beleza e Cuidados. Tipo: Cuidados Corporais. Embalagem: 200ml. Hidratante Corporal Irresistível Paixão 200 ml Paixão BELEZA CORPO HIDRATANTE CORPORAL 200ml Para Você Beleza e Cuidados Cuidados Corporais cabelo seco cabelo ressecado ressecamento hidratar cabelo maciez","Para Você","EAN/GTIN: 78914957",13.90,3
"Hidratante Corporal Leite de Amêndoas Monange 400 ml","P15V45","Marca: Monange. Categoria: Beleza e Cuidados. Tipo: Cuidados Corporais. Embalagem: 400ml. Hidratante Corporal Leite de Amêndoas Monange 400 ml Monange BELEZA CORPO HIDRATANTE CORPORAL 400ml Para Você Beleza e Cuidados Cuidados Corporais cabelo seco cabelo ressecado ressecamento hidratar cabelo maciez","Para Você","EAN/GTIN: 7896235353935",16.90,8
"Hidratante Corporal Perfume de Bebê Hidramais 500 ml","42232584","Marca: Hidramais. Categoria: Beleza e Cuidados. Tipo: Cuidados Corporais. Embalagem: Pote de 500ml. A loção hidratante Hidramais com perfume de bebê é ideal para a hidratação diária da sua pele. Com uma fórmula suave, ela proporciona um toque macio e delicado, perfeito para o cuidado do corpo. Disponível na Dona Antônia, em Cuiabá e Várzea Grande, é uma excelente opção para quem busca conforto e frescor na rotina de beleza.","Para Você","EAN/GTIN: 7896369126610",19.90,2
"Hidratante Corporal Soft Milk NIVEA 400 ml","42768880","Marca: NIVEA. Categoria: Beleza e Cuidados. Tipo: Cuidados Corporais. Embalagem: 400ml. O NIVEA Hidratante Soft Milk é ideal para quem busca uma hidratação leve e rápida absorção. Perfeito para o uso diário, ele pode ser aplicado após o banho para deixar a pele macia e suave. Disponível na Dona Antônia, em Cuiabá e Várzea Grande, é uma excelente opção para quem deseja cuidar da pele sem pesar. Experimente e sinta a diferença na sua rotina de cuidados.","Para Você","EAN/GTIN: 4005900004956",28.90,3
"Hidratante Facial 3 em 1 Matte Neutrogena 100 g","364817D","Marca: Neutrogena. Categoria: Beleza e Cuidados. Tipo: Cuidados com o Rosto. Embalagem: 100g. O Hidratante Facial Neutrogena Matte 3 em 1 100g é ideal para quem busca um cuidado diário prático e eficiente para a pele do rosto. Este creme facial oferece hidratação e acabamento matte, perfeito para a rotina de beleza. Disponível na loja online Dona Antônia, que atende as regiões de Cuiabá e Várzea Grande.","Para Você","EAN/GTIN: 7891010253813",44.90,2
"Hidratante Facial Antiacne Toque Seco com Ácido Salicílico Garnier 85 g","736295V","Marca: Garnier. Categoria: Beleza e Cuidados. Tipo: Cuidados com o Rosto. Embalagem: 85g. O hidratante facial antiacne da Garnier é ideal para quem busca um cuidado diário com a pele. Com ácido salicílico, ele ajuda a controlar a oleosidade e a prevenir acne, sendo uma ótima opção para o uso em Cuiabá e Várzea Grande. A textura de toque seco proporciona conforto e frescor ao longo do dia, tornando-o um aliado na rotina de beleza.","Para Você","EAN/GTIN: 7908785422136",29.90,2
"Hidratante Facial Antissinais Face Care Intensive Neutrogena 100 g","573913K","Marca: Neutrogena. Categoria: Beleza e Cuidados. Tipo: Cuidados com o Rosto. Embalagem: 100g. O Hidratante Facial Neutrogena Antissinais Face Care Intensive 100g é ideal para quem busca um cuidado diário eficaz para a pele do rosto. Desenvolvido pela marca NEUTROGENA, este creme facial da categoria beleza ajuda a manter a hidratação e o conforto da pele, contribuindo para uma rotina de cuidados simples e prática. Disponível na loja online Dona Antônia, atende clientes em Cuiabá e Várzea Grande, facilitando o acesso a produtos de qualidade para o cuidado facial.","Para Você","EAN/GTIN: 7891010253790",44.90,2
"Hidratante Facial Antissinais Reparador Neutrogena 100 g","neutrogena.antissinais.100","Marca: Neutrogena. Categoria: Beleza e Cuidados. Tipo: Cuidados com o Rosto. Embalagem: 100g. O hidratante facial Neutrogena Antissinais Reparador é ideal para o cuidado diário da pele. Com sua fórmula leve, ele proporciona hidratação e ajuda a minimizar os sinais de envelhecimento. Disponível em Cuiabá e Várzea Grande, é uma opção prática para quem busca um produto confiável para a rotina de beleza.","Para Você","EAN/GTIN: 7891010253806",44.90,2
"Hidratante Facial Antissinais Toque Seco com Colágeno Garnier 85 g","954962Y","Marca: Garnier. Categoria: Beleza e Cuidados. Tipo: Cuidados com o Rosto. Embalagem: 85g. Hidratante Facial Antissinais Toque Seco com Colágeno Garnier 85 g Garnier BELEZA ROSTO CREME FACIAL 85g Para Você Beleza e Cuidados Cuidados com o Rosto cabelo seco cabelo ressecado ressecamento hidratar cabelo maciez","Para Você","EAN/GTIN: 7908785422150",29.90,7
"Hidratante Facial Creme Gel Antimanchas Toque Seco Garnier 85 g","510855D","Marca: Garnier. Categoria: Beleza e Cuidados. Tipo: Cuidados com o Rosto. Embalagem: 85g. O Garnier Hidratante Facial Creme Gel Antimanchas Toque Seco é ideal para quem busca uma pele hidratada e livre de manchas. Com sua fórmula leve, ele é perfeito para o uso diário, proporcionando um toque seco e agradável. Em Cuiabá e Várzea Grande, muitas pessoas confiam na Dona Antônia para encontrar produtos de beleza que atendem suas necessidades.","Para Você","EAN/GTIN: 7908785422099",29.90,8
"Hidratante Facial em Gel Ultraleve 7 em 1 NIVEA 100 g","859237U","Marca: NIVEA. Categoria: Beleza e Cuidados. Tipo: Cuidados com o Rosto. Embalagem: 100g. O NIVEA Hidratante Facial em Gel Ultraleve 7 em 1 é ideal para quem busca uma rotina de cuidados com a pele. Com sua fórmula leve, ele proporciona hidratação e frescor, sendo perfeito para o clima de Cuiabá e Várzea Grande. Use diariamente para manter sua pele saudável e radiante.","Para Você","EAN/GTIN: 42398004",34.90,3
"Hidratante Facial Hidra Antissinais com Ácido Hialurônico Monange 80 g","636012W","Marca: Monange. Categoria: Beleza e Cuidados. Tipo: Cuidados com o Rosto. Embalagem: 80g. O Hidratante Facial Monange Hidra Antissinais com Ácido Hialurônico e Niacinamida 80g é ideal para quem busca um cuidado diário eficaz para a pele do rosto. Desenvolvido para integrar sua rotina de beleza, esse creme facial da categoria beleza oferece hidratação e ajuda a manter a pele saudável. Disponível na loja online Dona Antônia, atende clientes em Cuiabá e Várzea Grande, facilitando o acesso a produtos de qualidade para o cuidado facial local.","Para Você","EAN/GTIN: 7896235354376",22.90,6
"Hidratante Labial Amora NIVEA 4,8 g","38905302","Marca: NIVEA. Categoria: Beleza e Cuidados. Tipo: Lábios. Embalagem: 4,8g. O NIVEA Hidratante Labial Amora é ideal para manter seus lábios hidratados e macios. Com sua fórmula suave, ele é perfeito para o uso diário, proporcionando conforto e proteção. Em Cuiabá e Várzea Grande, é uma escolha popular entre aqueles que buscam cuidados com a beleza. Experimente e sinta a diferença na hidratação dos seus lábios.","Para Você","EAN/GTIN: 4005900453259",24.90,2
"Hidratante Labial BFF FPS 30 Beijinho Carmed 10 g","33414375","Marca: Cimed. Categoria: Beleza e Cuidados. Tipo: Lábios. Embalagem: 10g. Hidratante Labial BFF FPS 30 Beijinho Carmed 10 g Cimed BELEZA BOCA HIDRATANTE LABIAL 10g Para Você Beleza e Cuidados Lábios cabelo seco cabelo ressecado ressecamento hidratar cabelo maciez","Para Você","EAN/GTIN: 7897947617476",18.90,1
"Hidratante Labial Carmed Água de Coco 10 g","62313986","Marca: Cimed. Categoria: Beleza e Cuidados. Tipo: Lábios. Embalagem: 10g. Hidratante Labial Carmed Água de Coco 10 g Cimed BELEZA BOCA HIDRATANTE LABIAL 10g Para Você Beleza e Cuidados Lábios cabelo seco cabelo ressecado ressecamento hidratar cabelo maciez","Para Você","EAN/GTIN: 7897947601680",18.90,1
"Hidratante Labial Carmed Ana Castela Cimed 10 g","64858366","Marca: Cimed. Categoria: Beleza e Cuidados. Tipo: Lábios. Embalagem: 10g. Hidratante Labial Carmed Ana Castela Cimed 10 g Cimed BELEZA BOCA HIDRATANTE LABIAL 10g Para Você Beleza e Cuidados Lábios cabelo seco cabelo ressecado ressecamento hidratar cabelo maciez","Para Você","EAN/GTIN: 7897947617940",18.90,2
"Hidratante Labial Carmed Coca-Cola Incolor Cimed 10 g","33443545","Marca: Cimed. Categoria: Beleza e Cuidados. Tipo: Lábios. Embalagem: 10g. Hidratante Labial Carmed Coca-Cola Incolor Cimed 10 g Cimed BELEZA BOCA HIDRATANTE LABIAL 10g Para Você Beleza e Cuidados Lábios cabelo seco cabelo ressecado ressecamento hidratar cabelo maciez","Para Você","EAN/GTIN: 7897947621312",18.90,1
"Hidratante Labial Carmed Coca-Cola Marrom Cimed 10 g","33441431","Marca: Cimed. Categoria: Beleza e Cuidados. Tipo: Lábios. Embalagem: 10g. Hidratante Labial Carmed Coca-Cola Marrom Cimed 10 g Cimed BELEZA BOCA HIDRATANTE LABIAL 10g Para Você Beleza e Cuidados Lábios cabelo seco cabelo ressecado ressecamento hidratar cabelo maciez","Para Você","EAN/GTIN: 7897947621336",18.90,4
"Hidratante Labial Carmed Coca-Cola Vermelho Cimed 10 g","33248188","Marca: Cimed. Categoria: Beleza e Cuidados. Tipo: Lábios. Embalagem: 10g. Hidratante Labial Carmed Coca-Cola Vermelho Cimed 10 g Cimed BELEZA BOCA HIDRATANTE LABIAL 10g Para Você Beleza e Cuidados Lábios cabelo seco cabelo ressecado ressecamento hidratar cabelo maciez","Para Você","EAN/GTIN: 7897947621329",18.90,5
"Hidratante Labial Carmed Doce de Leite 10g","65094708","Marca: Cimed. Categoria: Beleza e Cuidados. Tipo: Lábios. Embalagem: 10g. Hidratante Labial Carmed Doce de Leite 10g Cimed BELEZA BOCA HIDRATANTE LABIAL 10g Para Você Beleza e Cuidados Lábios cabelo seco cabelo ressecado ressecamento hidratar cabelo maciez","Para Você","EAN/GTIN: 7897947617797",18.90,2
"Hidratante Labial Carmed Fini Amoras 10 g","67427809","Marca: Cimed. Categoria: Beleza e Cuidados. Tipo: Lábios. Embalagem: 10g. Hidratante Labial Carmed Fini Amoras 10 g Cimed BELEZA BOCA HIDRATANTE LABIAL 10g Para Você Beleza e Cuidados Lábios cabelo seco cabelo ressecado ressecamento hidratar cabelo maciez","Para Você","EAN/GTIN: 7897947619579",18.90,2
"Hidratante Labial Carmed Fini Dentaduras Incolor Cimed 10 g","7897947601864","Marca: Cimed. Categoria: Beleza e Cuidados. Tipo: Lábios. Embalagem: Caixa. Hidratante labial incolor com efeito gloss e aroma de Fini Dentaduras, desenvolvido para hidratar e proteger os lábios contra o ressecamento, mantendo-os macios e saudáveis. Sua fórmula contém manteiga de cacau e não possui parabenos, conservantes ou testes em animais.","Para Você","EAN/GTIN: 7897947601864",17.90,1
"Hidratante Labial Carmed Leite Condensado 10g","65530355","Marca: Cimed. Categoria: Beleza e Cuidados. Tipo: Lábios. Embalagem: 10g. Hidratante Labial Carmed Leite Condensado 10g Cimed BELEZA BOCA HIDRATANTE LABIAL 10g Para Você Beleza e Cuidados Lábios cabelo seco cabelo ressecado ressecamento hidratar cabelo maciez","Para Você","EAN/GTIN: 7897947617803",18.90,4
"Hidratante Labial Carmed Maça do Amor 10g","67983261","Marca: Cimed. Categoria: Beleza e Cuidados. Tipo: Lábios. Embalagem: 10g. Hidratante Labial Carmed Maça do Amor 10g Cimed BELEZA BOCA HIDRATANTE LABIAL 10g Para Você Beleza e Cuidados Lábios cabelo seco cabelo ressecado ressecamento hidratar cabelo maciez","Para Você","EAN/GTIN: 7897947616882",18.90,2
"Hidratante Labial Carmed Wafle 10f 10g","67618307","Marca: Cimed. Categoria: Beleza e Cuidados. Tipo: Lábios. Embalagem: 10g. Hidratante Labial Carmed Wafle 10f 10g Cimed BELEZA BOCA HIDRATANTE LABIAL 10g Para Você Beleza e Cuidados Lábios cabelo seco cabelo ressecado ressecamento hidratar cabelo maciez","Para Você","EAN/GTIN: 7897947621435",18.90,2
"Hidratante Labial Cereja NIVEA 4,8 g","38902228","Marca: NIVEA. Categoria: Beleza e Cuidados. Tipo: Lábios. Embalagem: 4,8g. O NIVEA Hidratante Labial Cereja é ideal para manter seus lábios hidratados e macios. Com sua fórmula suave, ele é perfeito para o uso diário, proporcionando um toque de sabor e frescor. Em Cuiabá e Várzea Grande, é uma escolha popular para quem busca conforto e cuidado para os lábios.","Para Você","EAN/GTIN: 4005900663993",24.90,4
"Hidratante Labial com Cor Beta 9,5 g","P-WLR7","Marca: Beta. Categoria: Beleza e Cuidados. Tipo: Lábios. Embalagem: 9,5g. Hidratante Labial com Cor Beta 9,5 g Beta BELEZA BOCA HIDRATANTE LABIAL 9,5g Para Você Beleza e Cuidados Lábios cabelo seco cabelo ressecado ressecamento hidratar cabelo maciez","Para Você","EAN/GTIN: 7898717911367",19.90,2
"Hidratante Labial com Cor Vermelho Rubi Beta 9,5 g","P-38IY","Marca: Beta. Categoria: Beleza e Cuidados. Tipo: Lábios. Embalagem: 9,5g cada. Hidratante Labial com Cor Vermelho Rubi Beta 9,5 g Beta BELEZA BOCA HIDRATANTE LABIAL 9,5g cada Para Você Beleza e Cuidados Lábios cabelo seco cabelo ressecado ressecamento hidratar cabelo maciez","Para Você","EAN/GTIN: 7898717910834",36.90,1
"Hidratante Labial Cupcake de Baunilha NIVEA 4,8 g","38912098","Marca: NIVEA. Categoria: Beleza e Cuidados. Tipo: Lábios. Embalagem: 4,8g. O NIVEA Hidratante Labial Cupcake de Baunilha é ideal para manter seus lábios hidratados e macios. Com um toque suave e um leve aroma de baunilha, ele é perfeito para o dia a dia, seja em Cuiabá ou Várzea Grande. Use-o sempre que sentir necessidade de hidratação, garantindo lábios saudáveis e bem cuidados.","Para Você","EAN/GTIN: 4006000159195",24.90,2
"Hidratante Labial Fini Bananas Carmed 10 g","66106834","Marca: Cimed. Categoria: Beleza e Cuidados. Tipo: Lábios. Embalagem: 10g. Hidratante Labial Fini Bananas Carmed 10 g Cimed BELEZA BOCA HIDRATANTE LABIAL 10g Para Você Beleza e Cuidados Lábios cabelo seco cabelo ressecado ressecamento hidratar cabelo maciez","Para Você","EAN/GTIN: 7897947601840",18.90,2
"Hidratante Labial Fini Beijos Com Cor Carmed 10 g","33436424","Marca: Cimed. Categoria: Beleza e Cuidados. Tipo: Lábios. Embalagem: 10g. Hidratante Labial Fini Beijos Com Cor Carmed 10 g Cimed BELEZA BOCA HIDRATANTE LABIAL 10g Para Você Beleza e Cuidados Lábios cabelo seco cabelo ressecado ressecamento hidratar cabelo maciez","Para Você","EAN/GTIN: 7897947601857",18.90,8
"Hidratante Labial Fini Minhocas Incolor Carmed 10 g","7897947619593","Marca: Cimed. Categoria: Beleza e Cuidados. Tipo: Lábios. Embalagem: Caixa. Hidratante labial incolor da marca Carmed Fini, apresentado em embalagem de caixa com 10 gramas. Formulado para manter os lábios macios e hidratados, é indicado para lábios com rachaduras, escamações ou ferimentos. Aplique sempre que necessário para manter os lábios macios. A partir de 3 anos, deve ser aplicado exclusivamente por um adulto. Em caso de irritação, suspenda o uso e procure um médico. Conservar em temperatura ambiente, até 30°C.","Para Você","EAN/GTIN: 7897947619593",17.90,3
"Hidratante Labial Incolor Carmed 10 g","7897947600348","Marca: Cimed. Categoria: Beleza e Cuidados. Tipo: Lábios. Embalagem: Caixa. Carmed Hidratante Labial Incolor 10g é um produto desenvolvido para manter os lábios macios e protegidos. Sua fórmula contém Petrolatum, Isopropyl Myristate, Theobroma Cacao Seed Butter, Menthol, Alcohol e Aqua, proporcionando hidratação e proteção contra o ressecamento. Deve ser aplicado exclusivamente por adultos.","Para Você","EAN/GTIN: 7897947600348",17.90,2
"Hidratante Labial Melancia NIVEA 4,8 g","40415738","Marca: NIVEA. Categoria: Beleza e Cuidados. Tipo: Lábios. Embalagem: 4,8g. O NIVEA Hidratante Labial Melancia é ideal para manter seus lábios hidratados e macios. Com um toque de melancia, ele proporciona uma sensação refrescante e agradável. Perfeito para o dia a dia, esse hidratante labial é uma ótima opção para quem vive em Cuiabá ou Várzea Grande e deseja cuidar da beleza de forma prática.","Para Você","EAN/GTIN: 4006000159188",24.90,2
"Hidratante Labial Morango Beta 9,5 g","P-U2O3","Marca: Beta. Categoria: Beleza e Cuidados. Tipo: Lábios. Embalagem: 9,5g. Hidratante Labial Morango Beta 9,5 g Beta BELEZA BOCA HIDRATANTE LABIAL 9,5g Para Você Beleza e Cuidados Lábios cabelo seco cabelo ressecado ressecamento hidratar cabelo maciez","Para Você","EAN/GTIN: 7898961258447",20.90,3
"Hidratante Labial Morango NIVEA 4,8 g","38910181","Marca: NIVEA. Categoria: Beleza e Cuidados. Tipo: Lábios. Embalagem: 4,8g. O NIVEA Hidratante Labial Morango é ideal para manter seus lábios hidratados e macios. Com um toque suave e um leve aroma de morango, ele é perfeito para o dia a dia, seja em Cuiabá ou Várzea Grande. Aplique sempre que necessário para uma sensação de conforto e frescor.","Para Você","EAN/GTIN: 4005808850839",24.90,5
"Hidratante Labial Original Care NIVEA 4,8 g","473042L","Marca: NIVEA. Categoria: Beleza e Cuidados. Tipo: Lábios. Embalagem: 4,8g. O NIVEA Hidratante Labial Original Care é ideal para manter os lábios hidratados e protegidos. Com sua fórmula suave, ele é perfeito para o uso diário, especialmente em climas secos. Disponível na Dona Antônia, em Cuiabá e Várzea Grande, é uma escolha prática para quem busca conforto e cuidado para os lábios.","Para Você","EAN/GTIN: 4005808850617",21.90,11
"Hidratante Labial Reparador Ácido Hialurônico Carmed 10 g","33444996","Marca: Cimed. Categoria: Beleza e Cuidados. Tipo: Lábios. Embalagem: 10g. Hidratante Labial Reparador Ácido Hialurônico Carmed 10 g Cimed BELEZA BOCA HIDRATANTE LABIAL 10g Para Você Beleza e Cuidados Lábios cabelo seco cabelo ressecado ressecamento hidratar cabelo maciez","Para Você","EAN/GTIN: 7897947600713",18.90,8
"Hidratante Labial Roxo Ametista Beta 9,5 g","P-U2O3-COPIA-24674","Marca: Beta. Categoria: Beleza e Cuidados. Tipo: Lábios. Embalagem: 9,5g. O hidratante labial Beta Roxo Ametista é ideal para quem busca lábios hidratados e protegidos. Com uma fórmula que combina óleos naturais e proteção solar, ele proporciona um toque de cor e brilho natural. Disponível na Dona Antônia, em Cuiabá e Várzea Grande, é uma escolha prática para o dia a dia.","Para Você","EAN/GTIN: 7898717910520",20.90,2
"Hidratante Labial Sun Protect FPS 30 NIVEA 4,8 g","978274J","Marca: NIVEA. Categoria: Beleza e Cuidados. Tipo: Lábios. Embalagem: 4.8g. O hidratante labial NIVEA Sun Protect FPS 30 é ideal para quem busca cuidado e hidratação dos lábios, protegendo contra os efeitos do sol. Perfeito para uso diário, este produto ajuda a manter os lábios macios e protegidos. Disponível na loja online Dona Antônia, que atende as regiões de Cuiabá e Várzea Grande, garantindo praticidade para seu cuidado pessoal.","Para Você","EAN/GTIN: 7890704851335",24.90,1
"Inseticida Mult Aer SBP","P0175","Marca: SBP. Categoria: Limpeza. Tipo: Inseticidas. Embalagem: Unidade. Inseticida Mult Aer SBP SBP LIMPEZA INSETICIDA CONTROLE DE INSETOS Unidade Para Casa Limpeza Inseticidas","Para Casa","EAN/GTIN: 7891035002663",14.90,10
"Inseticida Multi-Inseticida Ação Total Proinset 250 ml","proinset.acaototal.250","Marca: PROINSET. Categoria: Limpeza. Tipo: Inseticidas. Embalagem: 250ml. O Multi-Inseticida Proinset é ideal para o controle doméstico de insetos como formigas, baratas, moscas e mosquitos, incluindo o Aedes aegypti, que pode transmitir doenças como dengue e zika. Com uma fácil aplicação, este produto à base d'água é uma opção prática para quem busca manter a casa livre de pragas. Disponível em Cuiabá e Várzea Grande, é uma escolha confiável para o seu lar.","Para Casa","EAN/GTIN: 7898307298069",9.90,12
"Isqueiro Mini BIC 1 un","P0176","Marca: BIC. Categoria: Casa e Utilidades. Tipo: Cozinha. Embalagem: 1 unidade. Isqueiro Mini BIC 1 un BIC UTENSÍLIOS E UTILIDADES COZINHA UTENSÍLIO DE COZINHA 1 unidade Para Casa Casa e Utilidades Cozinha","Para Casa","EAN/GTIN: 0070330638341",4.50,19
"Jarra de Plástico com Tampa Color 1,2L","P0178","Categoria: Casa e Utilidades. Tipo: Cozinha. Embalagem: 1,2L. Jarra de Plástico com Tampa Color 1,2L UTENSÍLIOS E UTILIDADES COZINHA COPOS, GARRAFAS E POTES 1,2L Para Casa Casa e Utilidades Cozinha","Para Casa","EAN/GTIN: 7896952514886",8.90,3
"Jarra Plástica UZ 1,8 L","uz.jarraverde.1.8","Marca: UZ. Categoria: Casa e Utilidades. Tipo: Cozinha. Embalagem: 1,8 Litros. Jarra Plástica UZ 1,8 L UZ UTENSÍLIOS E UTILIDADES COZINHA COPOS, GARRAFAS E POTES 1,8 Litros Para Casa Casa e Utilidades Cozinha","Para Casa","EAN/GTIN: 7895155240400",19.50,2
"Jarra Plástica UZ 1,8 L","uz.jarracreme.1.8","Marca: UZ. Categoria: Casa e Utilidades. Tipo: Cozinha. Embalagem: 1,8 Litros. Jarra Plástica UZ 1,8 L UZ UTENSÍLIOS E UTILIDADES COZINHA COPOS, GARRAFAS E POTES 1,8 Litros Para Casa Casa e Utilidades Cozinha","Para Casa","EAN/GTIN: 7909875060597",19.50,2
"Jogo de 6 copos de vidro Sidney","1666230684","Categoria: Casa e Utilidades. Tipo: Cozinha. Embalagem: 6 un. Jogo de 6 copos de vidro Sidney UTENSÍLIOS E UTILIDADES COZINHA COPOS, GARRAFAS E POTES 6 un Para Casa Casa e Utilidades Cozinha","Para Casa","",34.92,2
"Jogo de 6 Copos Oca Nadir 300 ml","214439Q","Marca: Nadir. Categoria: Casa e Utilidades. Tipo: Cozinha. Embalagem: 300ml. Jogo de 6 Copos Oca Nadir 300 ml Nadir UTENSÍLIOS E UTILIDADES COZINHA COPOS, GARRAFAS E POTES 300ml Para Casa Casa e Utilidades Cozinha","Para Casa","EAN/GTIN: 7891155054139",28.90,4
"Jogo de Copos Long Drink Aruba Vidro Fume 475ml 6 Peças","130465T","Marca: Aruba. Categoria: Casa e Utilidades. Tipo: Cozinha. Embalagem: 475ml. O Jogo de Copos Long Drink Aruba é ideal para servir suas bebidas favoritas com estilo. Com capacidade de 475ml, esses copos de vidro fume são perfeitos para qualquer ocasião, seja em casa ou em festas. Disponíveis na Dona Antônia, em Cuiabá e Várzea Grande, eles trazem elegância e funcionalidade para sua mesa.","Para Casa","EAN/GTIN: 7908971803251",38.90,1
"Kellogg’s Sucrilhos Original 240g","6375730280","Marca: Kellogg’s. Categoria: Mercearia. Tipo: Café. Embalagem: 240g. Kellogg’s Sucrilhos Original 240g Kellogg’s CAFÉ DA MANHÃ CAFÉ CAFÉ TORRADO E MOÍDO 240g Para Casa Mercearia Café","Para Casa","EAN/GTIN: 7896004007618",14.90,4
"Kellogg’s Sucrilhos Original 690g","60414742","Marca: Kellogg’s. Categoria: Mercearia. Tipo: Café. Embalagem: 690g. Kellogg’s Sucrilhos Original 690g Kellogg’s CAFÉ DA MANHÃ CAFÉ CAFÉ TORRADO E MOÍDO 690g Para Casa Mercearia Café","Para Casa","EAN/GTIN: 7896004007342",19.90,1
"Ketchup Bacon e Cebola Caramelizada Heinz 397 g","381797W","Marca: Heinz. Categoria: Mercearia. Tipo: Molhos e Condimentos. Embalagem: 397g. Ketchup Bacon e Cebola Caramelizada Heinz 397 g Heinz MOLHOS E CONDIMENTOS KETCHUP MOLHO PARA LANCHES 397g Para Casa Mercearia Molhos e Condimentos","Para Casa","EAN/GTIN: 7896102000368",14.90,3
"Ketchup Heinz 260 g","P025e2","Marca: Heinz. Categoria: Mercearia. Tipo: Molhos e Condimentos. Embalagem: 260g. Ketchup Heinz 260 g Heinz MOLHOS E CONDIMENTOS KETCHUP MOLHO PARA LANCHES 260g Para Casa Mercearia Molhos e Condimentos","Para Casa","EAN/GTIN: 7896102000382",12.90,4
"Ketchup Hellmann’s 380 g","P8006","Marca: Hellmann’s. Categoria: Mercearia. Tipo: Molhos e Condimentos. Embalagem: 380g. Ketchup Hellmann’s 380 g Hellmann’s MOLHOS E CONDIMENTOS KETCHUP MOLHO PARA LANCHES 380g Para Casa Mercearia Molhos e Condimentos","Para Casa","EAN/GTIN: 7891150027848",13.90,13
"Ketchup Picante Heinz 397 g","995328T","Marca: Heinz. Categoria: Mercearia. Tipo: Molhos e Condimentos. Embalagem: 397g. Ketchup Picante Heinz 397 g Heinz MOLHOS E CONDIMENTOS KETCHUP MOLHO PARA LANCHES 397g Para Casa Mercearia Molhos e Condimentos","Para Casa","EAN/GTIN: 7896102593068",14.90,1
"Ketchup Sachê com Bico Fugini 180 g","P515","Marca: Fugini. Categoria: Mercearia. Tipo: Molhos e Condimentos. Embalagem: 180g. Ketchup Sachê com Bico Fugini 180 g Fugini MOLHOS E CONDIMENTOS KETCHUP MOLHO PARA LANCHES 180g Para Casa Mercearia Molhos e Condimentos","Para Casa","EAN/GTIN: 7897517207540",3.20,10
"Ketchup Tradicional Heinz 397 g","993699N","Marca: Heinz. Categoria: Mercearia. Tipo: Molhos e Condimentos. Embalagem: 397g. Ketchup Tradicional Heinz 397 g Heinz MOLHOS E CONDIMENTOS KETCHUP MOLHO PARA LANCHES 397g Para Casa Mercearia Molhos e Condimentos","Para Casa","EAN/GTIN: 7896102503708",14.90,9
"Ketchup Tradicional Heinz 567 g","126940D","Marca: Heinz. Categoria: Mercearia. Tipo: Molhos e Condimentos. Embalagem: 567g. Ketchup Tradicional Heinz 567 g Heinz MOLHOS E CONDIMENTOS KETCHUP MOLHO PARA LANCHES 567g Para Casa Mercearia Molhos e Condimentos","Para Casa","EAN/GTIN: 7896102503722",16.90,2
"Ketchup Tradicional Hemmer 1 kg","84825876","Marca: Hemmer. Categoria: Mercearia. Tipo: Molhos e Condimentos. Embalagem: 1kg. Ketchup Tradicional Hemmer 1 kg Hemmer MOLHOS E CONDIMENTOS KETCHUP MOLHO PARA LANCHES 1kg Para Casa Mercearia Molhos e Condimentos","Para Casa","EAN/GTIN: 7891031409091",16.90,2
"Ketchup Zero Açúcar Heinz 373 g","heinz.ketchupzero.373","Marca: Heinz. Categoria: Mercearia. Tipo: Molhos e Condimentos. Embalagem: 373g. O ketchup Heinz Zero Açúcar é uma opção saborosa para acompanhar seus pratos favoritos. Ideal para quem busca um condimento sem açúcar, ele combina perfeitamente com batatas fritas, hambúrgueres e sanduíches. Disponível na Dona Antônia, em Cuiabá e Várzea Grande, é uma escolha prática e deliciosa para o seu dia a dia.","Para Casa","EAN/GTIN: 7896102504293",15.90,2
"Kinino Patê de Biquinho Defumado 190g","688979V","Marca: Kinino. Categoria: Mercearia. Tipo: Patês. Embalagem: 190g. Kinino Patê de Biquinho Defumado 190g Kinino MOLHOS E CONDIMENTOS SALGADINHOS SALGADINHO DE MILHO E TRIGO 190g Para Casa Mercearia Patês","Para Casa","EAN/GTIN: 7897005104986",7.99,6
"Kit 2 Jarras de Vidro com Tampa, 1 L cada","310567W","Categoria: Casa e Utilidades. Tipo: Cozinha. Embalagem: 1L cada. Kit 2 Jarras de Vidro com Tampa, 1 L cada UTENSÍLIOS E UTILIDADES COZINHA COPOS, GARRAFAS E POTES 1L cada Para Casa Casa e Utilidades Cozinha","Para Casa","EAN/GTIN: 7897329113671",36.90,2
"Kit 4 Copos Plásticos Jaguar 350 ml","P1w5","Marca: Jaguar. Categoria: Casa e Utilidades. Tipo: Cozinha. Embalagem: 350ml. Kit 4 Copos Plásticos Jaguar 350 ml Jaguar UTENSÍLIOS E UTILIDADES COZINHA COPOS, GARRAFAS E POTES 350ml Para Casa Casa e Utilidades Cozinha","Para Casa","EAN/GTIN: 07896952500087",7.99,24
"Kit Coloração para Cabelo Castanho Escuro BEAUTYCOLOR","225PLOP","Marca: BEAUTYCOLOR. Categoria: Cabelos. Tipo: Coloração Capilar. Embalagem: kit. A tintura BEAUTYCOLOR em kit é ideal para quem busca uma coloração permanente para os cabelos. Com a tonalidade castanho escuro 3.0, proporciona uma cobertura eficaz dos cabelos brancos, garantindo um brilho intenso. A Dona Antônia oferece este produto em Cuiabá e Várzea Grande, sempre pensando na sua satisfação e bem-estar.","Para Você","EAN/GTIN: 7896509976624",15.90,1
"Kit com 3 Copos de Vidro 350 ml","73706378","Categoria: Casa e Utilidades. Tipo: Cozinha. Embalagem: 350ml. Kit com 3 Copos de Vidro 350 ml UTENSÍLIOS E UTILIDADES COZINHA COPOS, GARRAFAS E POTES 350ml Para Casa Casa e Utilidades Cozinha","Para Casa","EAN/GTIN: 2713737063788",19.50,8
"Kit Cronograma Capilar Be(m) Dita Ghee Lola Cosmetics 3 x 100 ml","P-9UWQ","Marca: Lola Cosmetics. Categoria: Cabelos. Tipo: Tratamentos Capilares. Embalagem: 100ml cada. Kit Cronograma Capilar Be(m) Dita Ghee Lola Cosmetics 3 x 100 ml Lola Cosmetics BELEZA CABELO TRATAMENTO CAPILAR 100ml cada Para Você Cabelos Tratamentos Capilares","Para Você","EAN/GTIN: 7899572814534",39.90,2
"Kit Shampoo Brilho Extremo Pantene 400 ml + Condicionador 175 ml","76368598","Marca: Pantene. Categoria: Cabelos. Tipo: Kits de Shampoo e Condicionador. Embalagem: 400ml + 175ml. O Kit Pantene Brilho Extremo é ideal para quem busca hidratação e brilho para os cabelos. Composto por um shampoo de 400ml e um condicionador de 175ml, este kit é perfeito para o cuidado diário dos fios. Disponível na Dona Antônia, em Cuiabá e Várzea Grande, ele proporciona uma experiência de limpeza e nutrição que você vai adorar.","Para Você","EAN/GTIN: 7500435199780",34.90,2
"Kit Shampoo Brilho Lamelar TRESemmé 350 ml + Condicionador 175 ml","1493890706","Marca: TRESemmé. Categoria: Cabelos. Tipo: Kits de Shampoo e Condicionador. Embalagem: 350 + 175ml. O Kit TRESemmé Brilho Lamelar é ideal para quem busca limpeza e nutrição dos cabelos. Com tecnologia Lamelar, proporciona brilho intenso e efeito gloss, sendo adequado para todos os tipos de cabelo. Disponível na Dona Antônia, em Cuiabá e Várzea Grande, é uma opção prática para o cuidado diário dos fios.","Para Você","EAN/GTIN: 7891150094529",29.90,2
"Kit Shampoo e Condicionador 12 em 1 Skala 325 ml + 200 ml","7897042020140","Marca: Skala. Categoria: Cabelos. Tipo: Kits de Shampoo e Condicionador. Embalagem: 325ml + 200ml. Kit Shampoo e Condicionador 12 em 1 Skala 325 ml + 200 ml Skala SHAMPOO E CONDICIONADOR KIT SHAMPOO E CONDICIONADOR KIT CAPILAR 325ml + 200ml Para Você Cabelos Kits de Shampoo e Condicionador","Para Você","EAN/GTIN: 7897042020140",19.90,6
"Kit Shampoo e Condicionador Abacate Skala 325 ml + 200 ml","526199O","Marca: Skala. Categoria: Cabelos. Tipo: Kits de Shampoo e Condicionador. Embalagem: 325ml + 200ml. Kit Shampoo e Condicionador Abacate Skala 325 ml + 200 ml Skala SHAMPOO E CONDICIONADOR KIT SHAMPOO E CONDICIONADOR KIT CAPILAR 325ml + 200ml Para Você Cabelos Kits de Shampoo e Condicionador","Para Você","EAN/GTIN: 7897042020294",19.90,3
"Kit Shampoo e Condicionador Água de Coco Niely Gold 275 ml + 175 ml","7896000727527","Marca: Niely Gold. Categoria: Cabelos. Tipo: Kits de Shampoo e Condicionador. Embalagem: 275ml + 175ml. Kit Shampoo e Condicionador Água de Coco Niely Gold 275 ml + 175 ml Niely Gold SHAMPOO E CONDICIONADOR KIT SHAMPOO E CONDICIONADOR KIT CAPILAR 275ml + 175ml Para Você Cabelos Kits de Shampoo e Condicionador","Para Você","EAN/GTIN: 7896000727527",20.90,3
"Kit Shampoo e Condicionador Azeite de Oliva Novex 300 ml cada","320352N","Marca: Novex. Categoria: Cabelos. Tipo: Kits de Shampoo e Condicionador. Embalagem: 300ml cada. Kit Shampoo e Condicionador Azeite de Oliva Novex 300 ml cada Novex SHAMPOO E CONDICIONADOR KIT SHAMPOO E CONDICIONADOR KIT CAPILAR 300ml cada Para Você Cabelos Kits de Shampoo e Condicionador","Para Você","EAN/GTIN: 7896013561880",21.90,3
"Kit Shampoo e Condicionador Babosa Skala 350 ml + 200 ml","681742K","Marca: Skala. Categoria: Cabelos. Tipo: Kits de Shampoo e Condicionador. Embalagem: 350ml + 200ml. Kit Shampoo e Condicionador Babosa Skala 350 ml + 200 ml Skala SHAMPOO E CONDICIONADOR KIT SHAMPOO E CONDICIONADOR KIT CAPILAR 350ml + 200ml Para Você Cabelos Kits de Shampoo e Condicionador","Para Você","EAN/GTIN: 7897042020201",18.90,3
"Kit Shampoo e Condicionador Biotina Niely Gold 275 ml + 175 ml","7908615077079","Marca: Niely Gold. Categoria: Cabelos. Tipo: Kits de Shampoo e Condicionador. Embalagem: 275ml + 175ml. O Kit Niely Gold Shampoo e Condicionador com Biotina é ideal para fortalecer e proteger os cabelos. Com uma combinação perfeita, ele ajuda a reduzir a queda e promove o crescimento capilar. Disponível na Dona Antônia, em Cuiabá e Várzea Grande, é uma escolha confiável para quem busca cuidar dos fios com carinho.","Para Você","EAN/GTIN: 7908615077079",20.90,3
"Kit Shampoo e Condicionador Blindagem Antiumidade TRESemmé 350 ml + 175 ml","5576760391","Marca: TRESemmé. Categoria: Cabelos. Tipo: Kits de Shampoo e Condicionador. Embalagem: 350ml + 175ml. O Kit Shampoo e Condicionador TRESemmé Blindagem Antiumidade é ideal para quem busca controle de frizz e proteção contra umidade. Com uma combinação eficaz, ele ajuda a manter os cabelos saudáveis e com brilho. Disponível em Cuiabá e Várzea Grande, é uma escolha prática para o dia a dia.","Para Você","EAN/GTIN: 7891150094505",29.90,3
"Kit Shampoo e Condicionador Bombar Super Vitaminas Inoar 1 L + 800 ml","P-LTVP","Marca: Inoar. Categoria: Cabelos. Tipo: Kits de Shampoo e Condicionador. Embalagem: 1L + 800ml. O Kit Inoar Bombar Super Vitaminas é ideal para quem busca fortalecer os cabelos e promover o crescimento acelerado. Com uma combinação de ingredientes que ajudam na redução da queda e proporcionam brilho intenso, este kit é uma excelente escolha para quem vive em Cuiabá e Várzea Grande. A Dona Antônia oferece produtos que cuidam da sua beleza de forma natural e confiável.","Para Você","EAN/GTIN: 7898581086185",48.90,2
"Kit Shampoo e Condicionador Broto de Bambu Novex 300 ml cada","676647Z","Marca: Novex. Categoria: Cabelos. Tipo: Kits de Shampoo e Condicionador. Embalagem: 300ml cada. Kit Shampoo e Condicionador Broto de Bambu Novex 300 ml cada Novex SHAMPOO E CONDICIONADOR KIT SHAMPOO E CONDICIONADOR KIT CAPILAR 300ml cada Para Você Cabelos Kits de Shampoo e Condicionador","Para Você","EAN/GTIN: 7896013552185",21.90,1
"Kit Shampoo e Condicionador Cachos Definidos Seda 300 ml + 190 ml","0623680668","Marca: Seda. Categoria: Cabelos. Tipo: Kits de Shampoo e Condicionador. Embalagem: 300ml + 190ml. Kit Shampoo e Condicionador Cachos Definidos Seda 300 ml + 190 ml Seda SHAMPOO E CONDICIONADOR KIT SHAMPOO E CONDICIONADOR KIT CAPILAR 300ml + 190ml Para Você Cabelos Kits de Shampoo e Condicionador cabelo cacheado cabelo crespo cabelo ondulado definicao de cachos definir cachos","Para Você","EAN/GTIN: 7891150097353",24.90,2
"Kit Shampoo e Condicionador Cachos dos Sonhos Probelle 250 ml","NOVO22950g02","Marca: PROBELLE. Categoria: Cabelos. Tipo: Kits de Shampoo e Condicionador. Embalagem: 250ml. O Kit Shampoo e Condicionador Probelle Cachos dos Sonhos é ideal para quem busca uma limpeza suave e hidratação intensa. Com uma fórmula que ajuda a controlar o frizz, ele é perfeito para cabelos ondulados e cacheados. Disponível na Dona Antônia, em Cuiabá e Várzea Grande, esse kit proporciona nutrição e brilho aos fios, tornando-os mais saudáveis e bonitos.","Para Você","EAN/GTIN: 7898617528238",15.90,2
"Kit Shampoo e Condicionador Cachos Longos dos Sonhos Elseve 375 ml + 170 ml","04800220","Marca: Elseve. Categoria: Cabelos. Tipo: Kits de Shampoo e Condicionador. Embalagem: 375ml + 170ml. Kit Shampoo e Condicionador Cachos Longos dos Sonhos Elseve 375 ml + 170 ml Elseve SHAMPOO E CONDICIONADOR KIT SHAMPOO E CONDICIONADOR KIT CAPILAR 375ml + 170ml Para Você Cabelos Kits de Shampoo e Condicionador cabelo cacheado cabelo crespo cabelo ondulado definicao de cachos definir cachos","Para Você","EAN/GTIN: 7899706197687",34.90,1
"Kit Shampoo e Condicionador Cachos Skala 350 ml + 200 ml","856643X","Marca: Skala. Categoria: Cabelos. Tipo: Kits de Shampoo e Condicionador. Embalagem: 350ml + 200ml. Kit Shampoo e Condicionador Cachos Skala 350 ml + 200 ml Skala SHAMPOO E CONDICIONADOR KIT SHAMPOO E CONDICIONADOR KIT CAPILAR 350ml + 200ml Para Você Cabelos Kits de Shampoo e Condicionador cabelo cacheado cabelo crespo cabelo ondulado definicao de cachos definir cachos","Para Você","EAN/GTIN: 7897042020171",18.90,2
"Kit Shampoo e Condicionador Ceramidas Seda 300 ml + 190 ml","612324W","Marca: Seda. Categoria: Cabelos. Tipo: Kits de Shampoo e Condicionador. Embalagem: 300ml + 190ml. Kit Shampoo e Condicionador Ceramidas Seda 300 ml + 190 ml Seda SHAMPOO E CONDICIONADOR KIT SHAMPOO E CONDICIONADOR KIT CAPILAR 300ml + 190ml Para Você Cabelos Kits de Shampoo e Condicionador","Para Você","EAN/GTIN: 7891150097377",24.90,5
"Kit Shampoo e Condicionador Cereja Skala 325 ml + 200 ml","7897042020720","Marca: Skala. Categoria: Cabelos. Tipo: Kits de Shampoo e Condicionador. Embalagem: 325ml + 200ml. Kit Shampoo e Condicionador Cereja Skala 325 ml + 200 ml Skala SHAMPOO E CONDICIONADOR KIT SHAMPOO E CONDICIONADOR KIT CAPILAR 325ml + 200ml Para Você Cabelos Kits de Shampoo e Condicionador","Para Você","EAN/GTIN: 7897042020720",19.90,3
"Kit Shampoo e Condicionador Cicatrifios Redução de Frizz Inoar 2 x 1 L","7898581089285","Marca: Inoar. Categoria: Cabelos. Tipo: Kits de Shampoo e Condicionador. Embalagem: 2x1L. O Kit Cicatrifios da Inoar é ideal para quem busca tratamento capilar para cabelos danificados. Com sua fórmula que promove renovação e redução de frizz, proporciona brilho intenso e hidratação. Disponível na Dona Antônia, em Cuiabá e Várzea Grande, é uma escolha confiável para o cuidado dos seus cabelos.","Para Você","EAN/GTIN: 7898581089285",48.90,4
"Kit Shampoo e Condicionador Collagen Lifter Elseve 375 ml + 170 ml","05460738","Marca: Elseve. Categoria: Cabelos. Tipo: Kits de Shampoo e Condicionador. Embalagem: 375ml + 170ml. Kit Shampoo e Condicionador Collagen Lifter Elseve 375 ml + 170 ml Elseve SHAMPOO E CONDICIONADOR KIT SHAMPOO E CONDICIONADOR KIT CAPILAR 375ml + 170ml Para Você Cabelos Kits de Shampoo e Condicionador","Para Você","EAN/GTIN: 7908966557855",34.90,3
"Kit Shampoo e Condicionador Crespo Babosa Probelle 250 ml","NOVO229516","Marca: PROBELLE. Categoria: Cabelos. Tipo: Kits de Shampoo e Condicionador. Embalagem: 250ml. O kit shampoo e condicionador Probelle é ideal para a hidratação e nutrição de cabelos crespos. Com a fórmula enriquecida com babosa, proporciona um cuidado especial para os fios, deixando-os macios e saudáveis. Disponível na Dona Antônia, em Cuiabá e Várzea Grande, é uma ótima opção para quem busca qualidade e praticidade no dia a dia.","Para Você","",15.90,2
"Kit Shampoo e Condicionador Dorama Novex 300 ml cada","884517P","Marca: Novex. Categoria: Cabelos. Tipo: Kits de Shampoo e Condicionador. Embalagem: 300ml cada. Kit Shampoo e Condicionador Dorama Novex 300 ml cada Novex SHAMPOO E CONDICIONADOR KIT SHAMPOO E CONDICIONADOR KIT CAPILAR 300ml cada Para Você Cabelos Kits de Shampoo e Condicionador","Para Você","EAN/GTIN: 7896013508540",21.90,1
"Kit Shampoo e Condicionador Doutor Ricino Novex 300 ml cada","679049B","Marca: Novex. Categoria: Cabelos. Tipo: Kits de Shampoo e Condicionador. Embalagem: 300ml cada. Kit Shampoo e Condicionador Doutor Ricino Novex 300 ml cada Novex SHAMPOO E CONDICIONADOR KIT SHAMPOO E CONDICIONADOR KIT CAPILAR 300ml cada Para Você Cabelos Kits de Shampoo e Condicionador","Para Você","EAN/GTIN: 7896013569817",21.90,4
"Kit Shampoo e Condicionador Dove 350 ml + 150 ml","7891150103818","Marca: Dove. Categoria: Cabelos. Tipo: Kits de Shampoo e Condicionador. Embalagem: 350ml + 150ml. Kit Shampoo e Condicionador Dove 350 ml + 150 ml Dove SHAMPOO E CONDICIONADOR KIT SHAMPOO E CONDICIONADOR KIT CAPILAR 350ml + 150ml Para Você Cabelos Kits de Shampoo e Condicionador","Para Você","EAN/GTIN: 7891150103818",33.90,2
"Kit Shampoo e Condicionador Dove 350 ml + 175 ml","4193050354","Marca: Dove. Categoria: Cabelos. Tipo: Kits de Shampoo e Condicionador. Embalagem: 350ml + 175ml. Kit Shampoo e Condicionador Dove 350 ml + 175 ml Dove SHAMPOO E CONDICIONADOR KIT SHAMPOO E CONDICIONADOR KIT CAPILAR 350ml + 175ml Para Você Cabelos Kits de Shampoo e Condicionador","Para Você","EAN/GTIN: 7891150097643",33.90,4
"Kit Shampoo e Condicionador Dove 350 ml + 175 ml","7891150103795","Marca: Dove. Categoria: Cabelos. Tipo: Kits de Shampoo e Condicionador. Embalagem: 350ml + 175ml. Kit Shampoo e Condicionador Dove 350 ml + 175 ml Dove SHAMPOO E CONDICIONADOR KIT SHAMPOO E CONDICIONADOR KIT CAPILAR 350ml + 175ml Para Você Cabelos Kits de Shampoo e Condicionador","Para Você","EAN/GTIN: 7891150103795",33.90,1
"Kit Shampoo e Condicionador Força & Brilho Inoar para Cabelos Fortes 1 L e 800 ml","7908124407688","Marca: Inoar. Categoria: Cabelos. Tipo: Kits de Shampoo e Condicionador. Embalagem: 1l e 800ml. O Kit Inoar Forca & Brilho é ideal para quem busca cabelos mais fortes e macios. Composto por um shampoo de 1L e um condicionador de 800ml, ele ajuda a revitalizar os fios, proporcionando brilho intenso e redução do frizz. Disponível na Dona Antônia, em Cuiabá e Várzea Grande, é uma escolha confiável para o cuidado dos seus cabelos.","Para Você","EAN/GTIN: 7908124407688",54.37,4
"Kit Shampoo e Condicionador Glicol + Vitamina C Seda 300 ml + 190 ml","3732790940","Marca: Seda. Categoria: Cabelos. Tipo: Kits de Shampoo e Condicionador. Embalagem: 300ml + 190ml. Kit Shampoo e Condicionador Glicol + Vitamina C Seda 300 ml + 190 ml Seda SHAMPOO E CONDICIONADOR KIT SHAMPOO E CONDICIONADOR KIT CAPILAR 300ml + 190ml Para Você Cabelos Kits de Shampoo e Condicionador","Para Você","EAN/GTIN: 7891150099982",24.90,1
"Kit Shampoo e Condicionador Glicólico Skala 325 ml + 200 ml","321464M","Marca: Skala. Categoria: Cabelos. Tipo: Kits de Shampoo e Condicionador. Embalagem: 325ml + 200ml. Kit Shampoo e Condicionador Glicólico Skala 325 ml + 200 ml Skala SHAMPOO E CONDICIONADOR KIT SHAMPOO E CONDICIONADOR KIT CAPILAR 325ml + 200ml Para Você Cabelos Kits de Shampoo e Condicionador","Para Você","EAN/GTIN: 7897042020133",19.90,3
"Kit Shampoo e Condicionador Glycolic Gloss Elseve 375 ml + 170 ml","05164882","Marca: Elseve. Categoria: Cabelos. Tipo: Kits de Shampoo e Condicionador. Embalagem: 375ml + 170ml. Kit Shampoo e Condicionador Glycolic Gloss Elseve 375 ml + 170 ml Elseve SHAMPOO E CONDICIONADOR KIT SHAMPOO E CONDICIONADOR KIT CAPILAR 375ml + 170ml Para Você Cabelos Kits de Shampoo e Condicionador","Para Você","EAN/GTIN: 7908615085418",34.90,1
"Kit Shampoo e Condicionador Hidra Óleo de Coco Salon Line 300 ml cada","412307W","Marca: Salon Line. Categoria: Cabelos. Tipo: Kits de Shampoo e Condicionador. Embalagem: 300ml cada. Kit Shampoo e Condicionador Hidra Óleo de Coco Salon Line 300 ml cada Salon Line SHAMPOO E CONDICIONADOR KIT SHAMPOO E CONDICIONADOR KIT CAPILAR 300ml cada Para Você Cabelos Kits de Shampoo e Condicionador","Para Você","EAN/GTIN: 7898623954076",24.90,2
"Kit Shampoo e Condicionador Hidra Restauração Salon Line 300 ml cada","652838A","Marca: Salon Line. Categoria: Cabelos. Tipo: Kits de Shampoo e Condicionador. Embalagem: 300ml cada. Kit Shampoo e Condicionador Hidra Restauração Salon Line 300 ml cada Salon Line SHAMPOO E CONDICIONADOR KIT SHAMPOO E CONDICIONADOR KIT CAPILAR 300ml cada Para Você Cabelos Kits de Shampoo e Condicionador","Para Você","EAN/GTIN: 7898623954304",26.90,3
"Kit Shampoo e Condicionador Hidratação Profunda Pantenol Niacinamida TRESemmé 350 ml + 175 ml","7257950837","Marca: TRESemmé. Categoria: Cabelos. Tipo: Kits de Shampoo e Condicionador. Embalagem: 350ml + 175ml. O kit de shampoo e condicionador TRESemmé com Pantenol e Niacinamida é ideal para quem busca hidratação profunda. Com 350ml de shampoo e 175ml de condicionador, ele proporciona cabelos macios e saudáveis. Disponível na Dona Antônia, em Cuiabá e Várzea Grande, é uma escolha prática para o cuidado diário dos seus fios.","Para Você","EAN/GTIN: 7891150094499",31.90,2
"Kit Shampoo e Condicionador Latifah Inoar 1 L + 800 ml","P-XK21","Marca: Inoar. Categoria: Cabelos. Tipo: Kits de Shampoo e Condicionador. Embalagem: 1L + 800ml. O kit de shampoo e condicionador Inoar Latifah é ideal para cuidados capilares diários. Com uma combinação perfeita de ingredientes, ele proporciona limpeza e hidratação para os cabelos. Disponível na Dona Antônia, em Cuiabá e Várzea Grande, é uma escolha prática e eficiente para quem busca manter os fios saudáveis.","Para Você","EAN/GTIN: 7908124408876",48.90,2
"Kit Shampoo e Condicionador Liso dos Sonhos Elseve 375 ml + 170 ml","05297538","Marca: Elseve. Categoria: Cabelos. Tipo: Kits de Shampoo e Condicionador. Embalagem: 375ml + 170ml. Kit Shampoo e Condicionador Liso dos Sonhos Elseve 375 ml + 170 ml Elseve SHAMPOO E CONDICIONADOR KIT SHAMPOO E CONDICIONADOR KIT CAPILAR 375ml + 170ml Para Você Cabelos Kits de Shampoo e Condicionador cabelo liso cabelo alisado efeito liso reduzir volume","Para Você","EAN/GTIN: 7908785476825",34.90,3
"Kit Shampoo e Condicionador Liso Perfeito Seda 300 ml + 190 ml","2444240814","Marca: Seda. Categoria: Cabelos. Tipo: Kits de Shampoo e Condicionador. Embalagem: 300ml + 190ml. Kit Shampoo e Condicionador Liso Perfeito Seda 300 ml + 190 ml Seda SHAMPOO E CONDICIONADOR KIT SHAMPOO E CONDICIONADOR KIT CAPILAR 300ml + 190ml Para Você Cabelos Kits de Shampoo e Condicionador cabelo liso cabelo alisado efeito liso reduzir volume","Para Você","EAN/GTIN: 7891150097384",24.90,3
"Kit Shampoo e Condicionador Lisos Radiantes Palmolive 350 ml cada","90601226","Marca: Palmolive. Categoria: Cabelos. Tipo: Kits de Shampoo e Condicionador. Embalagem: 350ml cada. Kit Shampoo e Condicionador Lisos Radiantes Palmolive 350 ml cada Palmolive SHAMPOO E CONDICIONADOR KIT SHAMPOO E CONDICIONADOR KIT CAPILAR 350ml cada Para Você Cabelos Kits de Shampoo e Condicionador cabelo liso cabelo alisado efeito liso reduzir volume","Para Você","EAN/GTIN: 7509546689340",20.90,3
"Kit Shampoo e Condicionador Longo dos Sonhos Elseve 375 ml + 170 ml","05422689","Marca: Elseve. Categoria: Cabelos. Tipo: Kits de Shampoo e Condicionador. Embalagem: 375ml + 170ml. Kit Shampoo e Condicionador Longo dos Sonhos Elseve 375 ml + 170 ml Elseve SHAMPOO E CONDICIONADOR KIT SHAMPOO E CONDICIONADOR KIT CAPILAR 375ml + 170ml Para Você Cabelos Kits de Shampoo e Condicionador","Para Você","EAN/GTIN: 7899706175951",34.90,3
"Kit Shampoo e Condicionador Mais Lisos Skala 350 ml + 200 ml","426344G","Marca: Skala. Categoria: Cabelos. Tipo: Kits de Shampoo e Condicionador. Embalagem: 350ml + 200ml. Kit Shampoo e Condicionador Mais Lisos Skala 350 ml + 200 ml Skala SHAMPOO E CONDICIONADOR KIT SHAMPOO E CONDICIONADOR KIT CAPILAR 350ml + 200ml Para Você Cabelos Kits de Shampoo e Condicionador cabelo liso cabelo alisado efeito liso reduzir volume","Para Você","EAN/GTIN: 7897042020188",18.90,2
"Kit Shampoo e Condicionador Melancia Skala 325 ml + 200 ml","7897042020331","Marca: Skala. Categoria: Cabelos. Tipo: Kits de Shampoo e Condicionador. Embalagem: 325ml + 200ml. Kit Shampoo e Condicionador Melancia Skala 325 ml + 200 ml Skala SHAMPOO E CONDICIONADOR KIT SHAMPOO E CONDICIONADOR KIT CAPILAR 325ml + 200ml Para Você Cabelos Kits de Shampoo e Condicionador","Para Você","EAN/GTIN: 7897042020331",19.90,1
"Kit Shampoo e Condicionador Meus Cachinhos Novex 300 ml cada","161010D","Marca: Novex. Categoria: Cabelos. Tipo: Kits de Shampoo e Condicionador. Embalagem: 300ml cada. Kit Shampoo e Condicionador Meus Cachinhos Novex 300 ml cada Novex SHAMPOO E CONDICIONADOR KIT SHAMPOO E CONDICIONADOR KIT CAPILAR 300ml cada Para Você Cabelos Kits de Shampoo e Condicionador","Para Você","EAN/GTIN: 7896013562306",21.90,4
"Kit Shampoo e Condicionador Meus Cachos Preto Novex 300 ml cada","333058A","Marca: Novex. Categoria: Cabelos. Tipo: Kits de Shampoo e Condicionador. Embalagem: 300ml cada. Kit Shampoo e Condicionador Meus Cachos Preto Novex 300 ml cada Novex SHAMPOO E CONDICIONADOR KIT SHAMPOO E CONDICIONADOR KIT CAPILAR 300ml cada Para Você Cabelos Kits de Shampoo e Condicionador cabelo cacheado cabelo crespo cabelo ondulado definicao de cachos definir cachos","Para Você","EAN/GTIN: 7896013562252",21.90,2
"Kit Shampoo e Condicionador Óleo de Argan Novex 300 ml cada","864288X","Marca: Novex. Categoria: Cabelos. Tipo: Kits de Shampoo e Condicionador. Embalagem: 300ml cada. Kit Shampoo e Condicionador Óleo de Argan Novex 300 ml cada Novex SHAMPOO E CONDICIONADOR KIT SHAMPOO E CONDICIONADOR KIT CAPILAR 300ml cada Para Você Cabelos Kits de Shampoo e Condicionador","Para Você","EAN/GTIN: 7896013553908",21.90,7
"Kit Shampoo e Condicionador Óleo de Coco Novex 300 ml cada","149352O","Marca: Novex. Categoria: Cabelos. Tipo: Kits de Shampoo e Condicionador. Embalagem: 300ml cada. Kit Shampoo e Condicionador Óleo de Coco Novex 300 ml cada Novex SHAMPOO E CONDICIONADOR KIT SHAMPOO E CONDICIONADOR KIT CAPILAR 300ml cada Para Você Cabelos Kits de Shampoo e Condicionador","Para Você","EAN/GTIN: 7896013563525",21.90,3
"Kit Shampoo e Condicionador Óleo de Linhaça Niely Gold 275 ml + 175 ml","7908615017297","Marca: Niely Gold. Categoria: Cabelos. Tipo: Kits de Shampoo e Condicionador. Embalagem: 275ml + 175ml. Kit Shampoo e Condicionador Óleo de Linhaça Niely Gold 275 ml + 175 ml Niely Gold SHAMPOO E CONDICIONADOR KIT SHAMPOO E CONDICIONADOR KIT CAPILAR 275ml + 175ml Para Você Cabelos Kits de Shampoo e Condicionador","Para Você","EAN/GTIN: 7908615017297",20.90,3
"Kit Shampoo e Condicionador Óleo Extraordinário Elseve 375 ml + 170 ml","04950739","Marca: Elseve. Categoria: Cabelos. Tipo: Kits de Shampoo e Condicionador. Embalagem: 375ml + 170ml. Kit Shampoo e Condicionador Óleo Extraordinário Elseve 375 ml + 170 ml Elseve SHAMPOO E CONDICIONADOR KIT SHAMPOO E CONDICIONADOR KIT CAPILAR 375ml + 170ml Para Você Cabelos Kits de Shampoo e Condicionador","Para Você","EAN/GTIN: 7899706164375",34.90,7
"Kit Shampoo e Condicionador Reparação Total 5 Elseve 375 ml + 170 ml","05077667","Marca: Elseve. Categoria: Cabelos. Tipo: Kits de Shampoo e Condicionador. Embalagem: 375ml + 170ml. Kit Shampoo e Condicionador Reparação Total 5 Elseve 375 ml + 170 ml Elseve SHAMPOO E CONDICIONADOR KIT SHAMPOO E CONDICIONADOR KIT CAPILAR 375ml + 170ml Para Você Cabelos Kits de Shampoo e Condicionador cabelo danificado cabelo fraco quebra dos fios fortalecer cabelo reparar danos","Para Você","EAN/GTIN: 7899706164337",34.90,3
"Kit Shampoo e Condicionador TRESemmé 350 ml + 175 ml","7891150094512","Marca: TRESemmé. Categoria: Cabelos. Tipo: Kits de Shampoo e Condicionador. Embalagem: 350ml + 175ml. O kit de shampoo e condicionador TRESemmé é ideal para o cuidado capilar diário. Com tecnologia lamelar, proporciona limpeza e hidratação profunda, ajudando a fortalecer os fios. Disponível em Cuiabá e Várzea Grande, é adequado para todos os tipos de cabelo, garantindo um toque suave e brilho. Experimente a combinação perfeita para seus cabelos.","Para Você","EAN/GTIN: 7891150094512",31.90,1
"Kit Shampoo e Condicionador Uva Skala 325 ml + 200 ml","668310N","Marca: Skala. Categoria: Cabelos. Tipo: Kits de Shampoo e Condicionador. Embalagem: 325ml + 200ml. Kit Shampoo e Condicionador Uva Skala 325 ml + 200 ml Skala SHAMPOO E CONDICIONADOR KIT SHAMPOO E CONDICIONADOR KIT CAPILAR 325ml + 200ml Para Você Cabelos Kits de Shampoo e Condicionador","Para Você","EAN/GTIN: 7897042020324",19.90,2
"Kit Shampoo Liso Extremo Pro-V Pantene 350 ml + Condicionador 175 ml","75979255","Marca: Pantene. Categoria: Cabelos. Tipo: Kits de Shampoo e Condicionador. Embalagem: 350ml + 175ml. O Kit Pantene Liso Extremo é ideal para quem busca limpeza e hidratação de cabelos lisos. Com fórmula enriquecida com Pró-Vitaminas, óleo de amêndoas e extrato de seda, proporciona controle do frizz e fortalecimento dos fios. Disponível na Dona Antônia, em Cuiabá e Várzea Grande, é uma escolha confiável para o cuidado diário dos seus cabelos.","Para Você","EAN/GTIN: 7500435169363",34.90,2
"Kit Shampoo Pantene Colágeno 300 ml + Condicionador 150 ml","76576814","Marca: Pantene. Categoria: Cabelos. Tipo: Kits de Shampoo e Condicionador. Embalagem: 300ml + 150ml. O Kit Pantene Colágeno é ideal para quem busca hidratação intensa e fortalecimento dos cabelos. Composto por um shampoo de 300ml e um condicionador de 150ml, este kit é perfeito para cabelos danificados ou quimicamente tratados. Disponível na Dona Antônia, em Cuiabá e Várzea Grande, ele proporciona cuidados essenciais para a saúde dos fios.","Para Você","EAN/GTIN: 7500435200301",32.90,2
"Kit Shampoo Pantene Queratina 300 ml + Condicionador 150 ml","32468456g","Marca: Pantene. Categoria: Cabelos. Tipo: Kits de Shampoo e Condicionador. Embalagem: 300ml + 150ml. O kit de shampoo e condicionador Pantene Queratina é ideal para quem busca reparar cabelos danificados pelo calor. Com sua fórmula enriquecida, proporciona fortalecimento e brilho aos fios, tornando-os mais resistentes. Disponível na Dona Antônia, em Cuiabá e Várzea Grande, é uma escolha confiável para o cuidado capilar.","Para Você","EAN/GTIN: 7500435233644",32.90,2
"Kit Shampoo Restauração Pro-V Pantene 350 ml + Condicionador 175 ml","77371507","Marca: Pantene. Categoria: Cabelos. Tipo: Kits de Shampoo e Condicionador. Embalagem: 350ml + 175ml. O kit Pantene Restauração é ideal para quem busca cuidar dos cabelos danificados. Com shampoo e condicionador, ele ajuda a restaurar a saúde dos fios, proporcionando maciez e brilho. Disponível na Dona Antônia, em Cuiabá e Várzea Grande, é uma ótima opção para o seu dia a dia.","Para Você","EAN/GTIN: 7500435169356",35.00,2
"Kit Tratamento Capilar Glycolic Gloss Elseve 5 produtos","287733R","Marca: Elseve. Categoria: Cabelos. Tipo: Tratamentos Capilares. Embalagem: Kit 5 Produtos. Kit Tratamento Capilar Glycolic Gloss Elseve 5 produtos Elseve BELEZA CABELO TRATAMENTO CAPILAR Kit 5 Produtos Para Você Cabelos Tratamentos Capilares","Para Você","EAN/GTIN: 7908615098241",129.90,3
"KitKat Molho Sweet Chilli - Kikkoman 230g","6059860217","Marca: Kikkoman. Categoria: Mercearia. Tipo: Molhos e Condimentos. Embalagem: 230g. KitKat Molho Sweet Chilli - Kikkoman 230g Kikkoman MOLHOS E CONDIMENTOS MOLHOS ESPECIAIS MOLHO SHOYU 230g Para Casa Mercearia Molhos e Condimentos","Para Casa","EAN/GTIN: 7896247400276",21.90,2
"La Pastina Passata Unidade 680g","P-486I","Marca: La Pastina. Categoria: Mercearia. Tipo: Molhos de Tomate. Embalagem: 680g. La Pastina Passata Unidade 680g La Pastina MACARRÃO E MOLHOS MACARRÃO MASSA SECA 680g Para Casa Mercearia Molhos de Tomate","Para Casa","EAN/GTIN: 7896196059044",20.90,3
"La Pastina Tomates Pelados 400g","53209212","Marca: La Pastina. Categoria: Mercearia. Tipo: Massas. Embalagem: 400g. La Pastina Tomates Pelados 400g La Pastina MACARRÃO E MOLHOS MACARRÃO MASSA SECA 400g Para Casa Mercearia Massas","Para Casa","EAN/GTIN: 7896196080444",13.90,3
"Lacre para Embalagem Coração Color 5 Peças","P387","Categoria: Casa e Utilidades. Tipo: Utilidades Domésticas. Embalagem: 5 Peças. Os lacres para embalagem coração color são ideais para dar um toque especial em suas embalagens. Perfeitos para festas e eventos, eles ajudam a fechar pacotes de forma charmosa e divertida. Disponíveis em Cuiabá e Várzea Grande, são uma ótima opção para quem busca praticidade e estilo na hora de embalar presentes ou lembrancinhas.","Para Casa","EAN/GTIN: 7898918869177",6.50,3
"Lacres Coloridos para Embalagem 10 un","P388","Categoria: Casa e Utilidades. Tipo: Utilidades Domésticas. Embalagem: 10 Peças. Os lacres para embalagem coloridos são ideais para fechar e organizar suas embalagens de forma prática e eficiente. Perfeitos para uso em festas, eventos ou no dia a dia, eles ajudam a manter seus produtos seguros e bem apresentados. Disponíveis na Dona Antônia, em Cuiabá e Várzea Grande, esses lacres são uma ótima opção para quem busca funcionalidade e estilo.","Para Casa","EAN/GTIN: 7908168246694",8.90,2
"Lacres para Embalagem Coloridos 7 un","P386","Categoria: Casa e Utilidades. Tipo: Utilidades Domésticas. Embalagem: 7 Peças. Os lacres para embalagem são ideais para garantir a segurança e a integridade dos seus produtos. Com 7 peças coloridas, eles são perfeitos para uso em festas, eventos ou para organizar itens em casa. A Dona Antônia oferece uma variedade de produtos em Cuiabá e Várzea Grande, sempre buscando facilitar o seu dia a dia.","Para Casa","EAN/GTIN: 8430422980017",9.50,3
"Lâmpada LED 12 W Bivolt Foxlux","P0189","Marca: Foxlux. Categoria: Casa e Utilidades. Tipo: Utilidades Domésticas. Embalagem: Unidade. Lâmpada LED 12 W Bivolt Foxlux Foxlux UTENSÍLIOS E UTILIDADES CASA LÂMPADA LED Unidade Para Casa Casa e Utilidades Utilidades Domésticas","Para Casa","EAN/GTIN: 7898586132139",4.70,10
"Lâmpada LED 9 W Bivolt Foxlux 1 un","P0190","Marca: Foxlux. Categoria: Casa e Utilidades. Tipo: Utilidades Domésticas. Embalagem: Unidade. Lâmpada LED 9 W Bivolt Foxlux 1 un Foxlux UTENSÍLIOS E UTILIDADES CASA LÂMPADA LED Unidade Para Casa Casa e Utilidades Utilidades Domésticas","Para Casa","EAN/GTIN: 7898586133563",4.20,10
"Lápis de Cor Sextavado Longo 12 Cores","P0192","Categoria: Casa e Utilidades. Tipo: Papelaria. Embalagem: Unidade. Lápis de Cor Sextavado Longo 12 Cores UTENSÍLIOS E UTILIDADES PAPELARIA LÁPIS, CANETAS E GRAFITE Unidade Para Casa Casa e Utilidades Papelaria","Para Casa","EAN/GTIN: 7908501007005",6.40,6
"Lapis Grafite Hb Borrachá Sextavado Frases Unidade","P0193","Categoria: Casa e Utilidades. Tipo: Papelaria. Embalagem: Unidade. Lapis Grafite Hb Borrachá Sextavado Frases Unidade UTENSÍLIOS E UTILIDADES PAPELARIA LÁPIS, CANETAS E GRAFITE Unidade Para Casa Casa e Utilidades Papelaria","Para Casa","EAN/GTIN: 7908281371051",1.50,31
"Lápis Grafite para Lapiseira 0,5mm Hb com 2 Tubos Unidade","P0167","Categoria: Casa e Utilidades. Tipo: Papelaria. Embalagem: Unidade. Lápis Grafite para Lapiseira 0,5mm Hb com 2 Tubos Unidade UTENSÍLIOS E UTILIDADES PAPELARIA LÁPIS, CANETAS E GRAFITE Unidade Para Casa Casa e Utilidades Papelaria","Para Casa","EAN/GTIN: 7899806991918",3.40,3
"Lápis grafite para lapiseira 0,7 mm HB M&M’s 1 un","P0168","Marca: M&M’s. Categoria: Casa e Utilidades. Tipo: Papelaria. Embalagem: Unidade. Lápis grafite para lapiseira 0,7 mm HB M&M’s 1 un M&M’s UTENSÍLIOS E UTILIDADES PAPELARIA LÁPIS, CANETAS E GRAFITE Unidade Para Casa Casa e Utilidades Papelaria","Para Casa","EAN/GTIN: 7897185928990",1.70,12
"Lápis Grafite Sextavado Preto 1 un","P0194","Categoria: Casa e Utilidades. Tipo: Papelaria. Embalagem: Unidade. Lápis Grafite Sextavado Preto 1 un UTENSÍLIOS E UTILIDADES PAPELARIA LÁPIS, CANETAS E GRAFITE Unidade Para Casa Casa e Utilidades Papelaria","Para Casa","EAN/GTIN: 7908501008453",1.50,36
"Lasanha Pré-Cozida Galo 200 g","7896022203870","Marca: Galo. Categoria: Mercearia. Tipo: Massas. Embalagem: 200g. A Lasanha Pré-Cozida Galo 200g é uma massa de sêmola de trigo enriquecida com ferro e ácido fólico, pronta para uso em lasanhas. Composta por folhas de lasanha que não necessitam de pré-cozimento, facilita o preparo e reduz o tempo de cozimento. Recomenda-se cozinhar por 10 minutos, resultando em uma lasanha prática e saborosa. A embalagem contém 200g, suficiente para aproximadamente 5 porções.","Para Casa","EAN/GTIN: 7896022203870",6.49,2
"Lasanha Pré-Cozida LIANE 200 g","7896080830339","Marca: Liane. Categoria: Mercearia. Tipo: Massas. Embalagem: 200 g. A Lasanha Pré-Cozida LIANE 200 g é uma massa de sêmola de trigo enriquecida com ferro e ácido fólico, pronta para uso sem necessidade de pré-cozimento. Apresenta formato tradicional de lasanha, facilitando o preparo de pratos clássicos. Ideal para quem busca praticidade na cozinha, mantendo o sabor autêntico das receitas italianas. Embalada em porções de 200 g, é perfeita para pequenas famílias ou preparos individuais.","Para Casa","EAN/GTIN: 7896080830339",5.99,4
"Lasanha Tradicional Petybon 200g","7896005271377","Categoria: Mercearia. Tipo: Massas. Embalagem: 200g. A Lasanha Tradicional Petybon 200g é uma massa pré-cozida de sêmola de trigo, enriquecida com ferro e ácido fólico, pronta para montagem e cozimento. Apresenta placas lisas, facilitando a preparação de lasanhas caseiras. Recomenda-se armazenar em local fresco e seco, à temperatura ambiente, evitando umidade no manuseio e armazenamento.","Para Casa","EAN/GTIN: 7896005271377",6.90,4
"Lava Roupas Líquido Coala Chá Branco 5L","coala.sabaoliquido.5","Marca: Coala. Categoria: Lavanderia. Tipo: Sabão Líquido. Embalagem: 3 Litros. O lava roupas líquido Coala com fragrância de chá branco é ideal para a limpeza de roupas brancas e coloridas. Com sua fórmula biodegradável, proporciona eficiência na remoção de sujeiras e manchas. Disponível em Cuiabá e Várzea Grande, é uma escolha confiável para o dia a dia.","Para Casa","EAN/GTIN: 7897744506010",59.90,2
"Lava-Roupas em Pó Puro Cuidado OMO 2,2 kg","263771Z","Marca: OMO. Categoria: Lavanderia. Tipo: Sabão em Pó. Embalagem: 2,2kg. Lava-Roupas em Pó Puro Cuidado OMO 2,2 kg OMO LAVANDERIA LAVA-ROUPAS SABÃO LÍQUIDO 2,2kg Para Casa Lavanderia Sabão em Pó","Para Casa","EAN/GTIN: 7891150087231",36.90,3
"Lava-Roupas Líquido Bebê para Roupas Finas e Delicadas Ola 3,8 L","7509546673301","Categoria: Lavanderia. Tipo: Sabão Líquido. Embalagem: 3,8L. O Sabão Líquido Ola Bebê, embalagem de 3,8L, é formulado para lavar roupas finas e delicadas, mantendo-as como novas por mais tempo. Sua fórmula balanceada, com extratos naturais de camomila e erva-doce, proporciona um aroma suave e agradável. Testado dermatologicamente, preserva a maciez dos tecidos e é ideal para peles sensíveis. A embalagem econômica de 3,8L oferece maior rendimento, sendo perfeita para uso frequente.","Para Casa","EAN/GTIN: 7509546673301",49.90,1
"Lava-Roupas Líquido Chá Branco Coala 3 L","coala.sabaoliquido.3","Marca: Coala. Categoria: Lavanderia. Tipo: Sabão Líquido. Embalagem: 3 Litros. O lava roupas líquido Coala com fragrância de chá branco é ideal para a limpeza de roupas brancas e coloridas. Com sua fórmula biodegradável, proporciona eficiência na remoção de sujeiras e manchas. Disponível em Cuiabá e Várzea Grande, é uma escolha confiável para o dia a dia.","Para Casa","EAN/GTIN: 7897744506003",49.90,3
"Lava-Roupas Líquido Ciclo Rápido Ação Cuidado OMO 1,4 L","158525H","Marca: OMO. Categoria: Lavanderia. Tipo: Sabão Líquido. Embalagem: 1,4L. Lava-Roupas Líquido Ciclo Rápido Ação Cuidado OMO 1,4 L OMO LAVANDERIA LAVA-ROUPAS SABÃO LÍQUIDO 1,4L Para Casa Lavanderia Sabão Líquido","Para Casa","EAN/GTIN: 7891150104310",24.90,3
"Lava-Roupas Líquido Ciclo Rápido Ação Cuidado OMO 1,4 L","632748X","Marca: OMO. Categoria: Lavanderia. Tipo: Sabão Líquido. Embalagem: 1,4L. Lava-Roupas Líquido Ciclo Rápido Ação Cuidado OMO 1,4 L OMO LAVANDERIA LAVA-ROUPAS SABÃO LÍQUIDO 1,4L Para Casa Lavanderia Sabão Líquido","Para Casa","EAN/GTIN: 7891150104297",24.90,5
"Lava-Roupas Líquido Ciclo Rápido Ação Total OMO 1,4 L","702633X","Marca: OMO. Categoria: Lavanderia. Tipo: Sabão Líquido. Embalagem: 1,4L. Lava-Roupas Líquido Ciclo Rápido Ação Total OMO 1,4 L OMO LAVANDERIA LAVA-ROUPAS SABÃO LÍQUIDO 1,4L Para Casa Lavanderia Sabão Líquido","Para Casa","EAN/GTIN: 7891150104303",28.90,3
"Lava-Roupas Líquido Cores Radiantes Toque de Downy Ariel 3 L","P-OJRO","Marca: Ariel. Categoria: Lavanderia. Tipo: Sabão Líquido. Embalagem: 3L. Lava-Roupas Líquido Cores Radiantes Toque de Downy Ariel 3 L Ariel LAVANDERIA LAVA-ROUPAS SABÃO LÍQUIDO 3L Para Casa Lavanderia Sabão Líquido","Para Casa","",46.00,4
"Lava-Roupas Líquido Lavagem Perfeita OMO 1,8 L","569747O","Marca: OMO. Categoria: Lavanderia. Tipo: Sabão Líquido. Embalagem: 1,8L. Lava-Roupas Líquido Lavagem Perfeita OMO 1,8 L OMO LAVANDERIA LAVA-ROUPAS SABÃO LÍQUIDO 1,8L Para Casa Lavanderia Sabão Líquido","Para Casa","EAN/GTIN: 7891150107526",32.90,12
"Lava-Roupas Líquido Lavagem Perfeita OMO 3 L","0258820562","Marca: OMO. Categoria: Lavanderia. Tipo: Sabão Líquido. Embalagem: 3L. Lava-Roupas Líquido Lavagem Perfeita OMO 3 L OMO LAVANDERIA LAVA-ROUPAS SABÃO LÍQUIDO 3L Para Casa Lavanderia Sabão Líquido","Para Casa","EAN/GTIN: 7891150020689",45.90,1
"Lava-roupas Líquido Limpeza Total Brilhante 5 L","7891150050938","Marca: Brilhante. Categoria: Lavanderia. Tipo: Sabão Líquido. Embalagem: 5 Litros. Brilhante Limpeza Total Sabão Líquido 5L é um detergente desenvolvido para oferecer limpeza profunda e proteção das cores dos tecidos. Sua fórmula com enzimas proporciona remoção eficaz de sujeiras, enquanto a tecnologia Brilho Ativo evita o amarelamento das roupas brancas e mantém as coloridas mais vivas, prevenindo sinais de desgaste. Indicado para a maioria dos tecidos, exceto lã, seda, couro e algodão cru.","Para Casa","EAN/GTIN: 7891150050938",47.90,2
"Lava-Roupas Líquido Puro Cuidado OMO 3 L","1849770972","Marca: OMO. Categoria: Lavanderia. Tipo: Sabão Líquido. Embalagem: 3L. Lava-Roupas Líquido Puro Cuidado OMO 3 L OMO LAVANDERIA LAVA-ROUPAS SABÃO LÍQUIDO 3L Para Casa Lavanderia Sabão Líquido","Para Casa","EAN/GTIN: 7891150044906",45.90,5
"Lava-Roupas Líquido Ultra Power OMO 1,8 L","416578X","Marca: OMO. Categoria: Lavanderia. Tipo: Sabão Líquido. Embalagem: 1,8L. Lava-Roupas Líquido Ultra Power OMO 1,8 L OMO LAVANDERIA LAVA-ROUPAS SABÃO LÍQUIDO 1,8L Para Casa Lavanderia Sabão Líquido","Para Casa","EAN/GTIN: 7891150091269",32.90,15
"Leave-in Danos Vorazes Lola Cosmetics 200 ml","P-WFBQ","Marca: Lola Cosmetics. Categoria: Cabelos. Tipo: Tratamentos Capilares. Embalagem: 200ml. Leave-in Danos Vorazes Lola Cosmetics 200 ml Lola Cosmetics BELEZA CABELO TRATAMENTO CAPILAR 200ml Para Você Cabelos Tratamentos Capilares","Para Você","EAN/GTIN: 7899572811731",29.90,2
"Leave-in Reparação Total 5 Cicatri Renov Elseve 100 ml","P-8459","Marca: Elseve. Categoria: Cabelos. Tipo: Tratamentos Capilares. Embalagem: 100ml. Leave-in Reparação Total 5 Cicatri Renov Elseve 100 ml Elseve BELEZA CABELO TRATAMENTO CAPILAR 100ml Para Você Cabelos Tratamentos Capilares cabelo danificado cabelo fraco quebra dos fios fortalecer cabelo reparar danos","Para Você","EAN/GTIN: 7908615053097",24.90,2
"Leave-in Spray Rapunzel Milk Lola Cosmetics 250 ml","P-WV1U","Marca: Lola Cosmetics. Categoria: Cabelos. Tipo: Tratamentos Capilares. Embalagem: 250ml. Leave-in Spray Rapunzel Milk Lola Cosmetics 250 ml Lola Cosmetics BELEZA CABELO MÁSCARA CAPILAR 250ml Para Você Cabelos Tratamentos Capilares","Para Você","EAN/GTIN: 7899572802296",27.90,1
"Leite Condensado Piracanjuba 395 g","P0203","Marca: Piracanjuba. Categoria: Mercearia. Tipo: Confeitaria. Embalagem: 395g. Leite Condensado Piracanjuba 395 g Piracanjuba CONFEITARIA LEITE CONDENSADO INGREDIENTE PARA SOBREMESA 395g Para Casa Mercearia Confeitaria","Para Casa","EAN/GTIN: 7898215152002",6.99,10
"Leite de Rosas Desodorante Tradicional 100ml","P0205","Marca: Leite de Rosas. Categoria: Higiene Pessoal. Tipo: Desodorantes. Embalagem: 100ml. Leite de Rosas Desodorante Tradicional 100ml Leite de Rosas DESODORANTE AEROSOL DESODORANTE AEROSSOL 100ml Para Você Higiene Pessoal Desodorantes","Para Você","EAN/GTIN: 7896806700021",5.90,7
"Leite em Pó Integral Instantâneo Ninho 380 g","ninho.leitepo.380","Marca: Ninho. Categoria: Mercearia. Tipo: Leites. Embalagem: Lata de 380g. O leite em pó Ninho Integral Instantâneo é uma opção prática e saborosa para preparar bebidas e receitas culinárias. Ideal para quem busca qualidade e conveniência, ele pode ser utilizado em diversas preparações. Disponível na Dona Antônia, em Cuiabá e Várzea Grande, é uma escolha confiável para o seu café da manhã.","Para Casa","Produto em oferta | EAN/GTIN: 7891000393284",16.90,25
"Leite em pó Integral Instantâneo Ninho Nestlé 975 g","943962I","Marca: Nestlé. Categoria: Mercearia. Tipo: Leites. Embalagem: Sachê 975g. O leite em pó Ninho Integral Instantâneo da Nestlé é uma opção prática para quem busca um leite saboroso e nutritivo. Ideal para preparar leite instantâneo para consumo direto ou em receitas culinárias, ele é uma escolha popular em Cuiabá e Várzea Grande. Experimente a versatilidade desse produto em sua cozinha.","Para Casa","Produto em oferta | EAN/GTIN: 7891000396063",39.90,3
"Leite em Pó Integral Instantâneo Piracanjuba 380 g","898055158872","Marca: PIRACANJUBA. Categoria: Mercearia. Tipo: Leites. Embalagem: 380 g. O Leite em Pó Integral Instantâneo Piracanjuba 380 g é composto por leite integral e enriquecido com vitaminas A, C e D, além de minerais como ferro e zinco. Sua formulação instantânea permite dissolução rápida, facilitando o preparo de bebidas e receitas. A embalagem de 380 g proporciona praticidade para o consumo diário.","Para Casa","EAN/GTIN: 898055158872",19.90,2
"Leite em Pó Integral Instantâneo Piracanjuba 400 g","piracanjuba.pointegral.400","Marca: Piracanjuba. Categoria: Mercearia. Tipo: Leites. Embalagem: 400g. O leite em pó integral instantâneo da Piracanjuba é uma opção prática e versátil para o seu dia a dia. Ideal para preparar leite para consumo direto ou em receitas culinárias, ele é uma escolha confiável para quem vive em Cuiabá e Várzea Grande. Experimente a qualidade e a conveniência que a Dona Antônia oferece em seus produtos.","Para Casa","EAN/GTIN: 7898215152439",18.90,1
"Leite em Pó Ninho Instantâneo Fort Nestlé 380 g","6922350364","Marca: Nestlé. Categoria: Mercearia. Tipo: Leites. Embalagem: 380g. Leite em Pó Ninho Instantâneo Fort Nestlé 380 g Nestlé CAFÉ DA MANHÃ CAFÉ CAFÉ TORRADO E MOÍDO 380g Para Casa Mercearia Leites","Para Casa","EAN/GTIN: 7891000432402",21.90,3
"Leite Integral Piracanjuba 1 L","61133501","Marca: Piracanjuba. Categoria: Mercearia. Tipo: Café. Embalagem: 1L. Leite Integral Piracanjuba 1 L Piracanjuba CAFÉ DA MANHÃ CAFÉ CAFÉ TORRADO E MOÍDO 1L Para Casa Mercearia Café","Para Casa","EAN/GTIN: 7898215151708",7.29,2
"Leite UHT Integral Tradicional Parmalat 1 L","61264893","Marca: Parmalat. Categoria: Mercearia. Tipo: Café. Embalagem: 1L. Leite UHT Integral Tradicional Parmalat 1 L Parmalat CAFÉ DA MANHÃ CAFÉ CAFÉ TORRADO E MOÍDO 1L Para Casa Mercearia Café","Para Casa","EAN/GTIN: 7896034610017",6.26,48
"Leite UHT Semidesnatado Zero Lactose Piracanjuba 1 L","7898215152811","Marca: PIRACANJUBA. Categoria: Mercearia. Tipo: Leites. Embalagem: 1L. O Leite UHT Semidesnatado Zero Lactose Piracanjuba 1L é ideal para dietas com restrição de lactose, mantendo o sabor e os nutrientes essenciais do leite convencional. Produzido com leite semidesnatado, enzima lactase e estabilizantes como trifosfato de sódio, citrato de sódio, monofosfato de sódio e difosfato de sódio, este produto não contém glúten e é enriquecido com cálcio, essencial para a saúde óssea. A embalagem de 1 litro é prática para o dia a dia, seja no café da manhã, lanches ou em receitas diversas.","Para Casa","EAN/GTIN: 7898215152811",7.49,5
"Lenço Umedecido Baby Free 50 lenços","67793151","Marca: Baby Free. Categoria: Bebê. Tipo: Higiene do Bebê. Embalagem: 50 lenços. Lenço Umedecido Baby Free 50 lenços Baby Free BEBÊ HIGIENE LENÇO UMEDECIDO 50 lenços Para Você Bebê Higiene do Bebê","Para Você","EAN/GTIN: 7898620010836",6.50,4
"Lenço Umedecido Piquitucho 60 lenços","P0209","Marca: Piquitucho. Categoria: Bebê. Tipo: Higiene do Bebê. Embalagem: 60 lenços. Lenço Umedecido Piquitucho 60 lenços Piquitucho BEBÊ HIGIENE LENÇO UMEDECIDO 60 lenços Para Você Bebê Higiene do Bebê","Para Você","EAN/GTIN: 7898936110558",7.99,5
"Lenço Umedecido Piquitucho 80 un","P0207","Marca: Piquitucho. Categoria: Bebê. Tipo: Higiene do Bebê. Embalagem: 80 lenços. Lenço Umedecido Piquitucho 80 un Piquitucho BEBÊ HIGIENE LENÇO UMEDECIDO 80 lenços Para Você Bebê Higiene do Bebê","Para Você","EAN/GTIN: 7908032300583",9.50,7
"Lenço Umedecido Refil Huggies 88 un","P0208","Marca: Huggies. Categoria: Bebê. Tipo: Higiene do Bebê. Embalagem: 88 lenços. Lenço Umedecido Refil Huggies 88 un Huggies BEBÊ HIGIENE LENÇO UMEDECIDO 88 lenços Para Você Bebê Higiene do Bebê","Para Você","EAN/GTIN: 7896018704848",12.90,5
"Limpa Alumínio Limão Estrela 500 ml","P0210","Marca: Estrela. Categoria: Limpeza. Tipo: Limpadores. Embalagem: 500ml. Limpa Alumínio Limão Estrela 500 ml Estrela LIMPEZA LIMPADOR LIMPA ALUMÍNIO 500ml Para Casa Limpeza Limpadores","Para Casa","EAN/GTIN: 7897323600474",3.29,11
"Limpa Alumínio Maçã Polylar 500 ml","P0212","Marca: Polylar. Categoria: Limpeza. Tipo: Limpadores. Embalagem: 500ml. Limpa Alumínio Maçã Polylar 500 ml Polylar LIMPEZA LIMPADOR LIMPA ALUMÍNIO 500ml Para Casa Limpeza Limpadores","Para Casa","EAN/GTIN: 7897534810990",3.90,7
"Limpa Alumínio Trad Estrela 500 ml","P0211","Marca: Estrela. Categoria: Limpeza. Tipo: Limpadores. Embalagem: 500ml. Limpa Alumínio Trad Estrela 500 ml Estrela LIMPEZA LIMPADOR LIMPA ALUMÍNIO 500ml Para Casa Limpeza Limpadores","Para Casa","EAN/GTIN: 7897323600191",3.29,10
"Limpa Vidros com Gatilho Cif 500 ml","9364260723","Marca: Cif. Categoria: Limpeza. Tipo: Limpadores. Embalagem: 500ml. Limpa Vidros com Gatilho Cif 500 ml Cif LIMPEZA LIMPADOR LIMPADOR MULTIUSO 500ml Para Casa Limpeza Limpadores","Para Casa","EAN/GTIN: 7891150025356",19.90,2
"Limpa Vidros Refil Veja Vidrex Cristal 400 ml","1914170886","Marca: Veja. Categoria: Limpeza. Tipo: Limpadores. Embalagem: Refil 400ml. O limpa vidros Veja Vidrex Cristal é ideal para a limpeza de vidros, espelhos e superfícies de acrílico. Com sua fórmula eficiente, proporciona uma secagem rápida e sem resíduos, facilitando a rotina de limpeza. Disponível na Dona Antônia, em Cuiabá e Várzea Grande, é uma opção prática para manter seus ambientes sempre limpos e brilhantes.","Para Casa","EAN/GTIN: 7898962943656",9.90,2
"Limpador Agradable Casa & Perfume 500 ml","7896040704625","Marca: Casa. Categoria: Limpeza. Tipo: Limpadores. Embalagem: 500ml. O limpador perfumado Casa & Perfume Agradable é ideal para a limpeza geral de superfícies, como pisos, azulejos, bancadas e móveis. Com sua fragrância prolongada, ele proporciona um ambiente agradável e fresco. Disponível na Dona Antônia, em Cuiabá e Várzea Grande, é uma escolha prática para o dia a dia.","Para Casa","EAN/GTIN: 7896040704625",5.99,10
"Limpador Cremoso Limpeza Milagrosa Original Cif 450 ml","373765D","Marca: Cif. Categoria: Limpeza. Tipo: Limpadores. Embalagem: 450 ml. O limpador Cif Cremoso Limpeza Milagrosa é ideal para a limpeza de diversas superfícies, como eletrodomésticos, pias e pisos. Com sua fórmula concentrada, ele remove 100% da sujeira difícil sem riscar. Disponível na Dona Antônia, é uma opção prática e versátil para quem busca eficiência na limpeza em Cuiabá e Várzea Grande.","Para Casa","EAN/GTIN: 7891150022034",17.90,9
"Limpador Gotas de Perfume Água Marinha Algodão Veja 100 ml","7896222721242","Marca: Veja. Categoria: Limpeza. Tipo: Limpadores. Embalagem: 100 ml. O limpador perfumado Veja com fragrância de água marinha e algodão é ideal para a limpeza de superfícies. Com sua fórmula concentrada, proporciona uma limpeza eficaz e deixa um aroma agradável no ambiente. Disponível em Cuiabá e Várzea Grande, é uma escolha prática para quem busca um lar mais limpo e perfumado.","Para Casa","EAN/GTIN: 7896222721242",14.90,4
"Limpador Gotas de Perfume Quartzo Rosa Jasmim Veja 100 ml","7896222721235","Marca: Veja. Categoria: Limpeza. Tipo: Limpadores. Embalagem: 100 ml. O limpador perfumado concentrado Veja Gotas de Perfume Quartzo Rosa Jasmim é ideal para quem busca uma limpeza eficaz e perfumada. Com sua fragrância floral de jasmim, ele proporciona um ambiente agradável e fresco. Perfeito para uso em pisos e superfícies laváveis, ele é uma ótima opção para quem vive em Cuiabá e Várzea Grande e deseja praticidade na limpeza do dia a dia.","Para Casa","EAN/GTIN: 7896222721235",14.90,4
"Limpador Multiuso Ameixa Dourada Coala 120 ml","7897744502432-COPIA-35824","Marca: Coala. Categoria: Limpeza. Tipo: Limpadores. Embalagem: 120ml. O limpador perfumado de ambientes Coala concentrado com fragrância de ameixa dourada é ideal para deixar sua casa limpa e perfumada. Com sua fórmula concentrada, ele proporciona uma sensação de frescor e bem-estar em diversos ambientes. Perfeito para uso em Cuiabá e Várzea Grande, é uma escolha prática para quem busca eficiência na limpeza do dia a dia.","Para Casa","EAN/GTIN: 7897744505402",13.90,2
"Limpador Multiuso Buquê do Cerrado Veja 2 L","671972R","Marca: Veja. Categoria: Limpeza. Tipo: Limpadores. Embalagem: 2L. O limpador perfumado Veja Buquê do Cerrado é ideal para a limpeza de diversas superfícies, trazendo um toque floral que refresca o ambiente. Disponível em Cuiabá e Várzea Grande, é uma opção prática e confiável para o dia a dia. Antes de usar, é importante seguir as orientações de segurança para garantir um uso adequado.","Para Casa","EAN/GTIN: 7891035228292",18.90,7
"Limpador Multiuso Cremoso Limão Cif 450 ml","373765D-COPIA-11896","Marca: Cif. Categoria: Limpeza. Tipo: Limpadores. Embalagem: 450 ml. O limpador Cif Cremoso Limpeza Milagrosa Limão é ideal para a limpeza de diversas superfícies, como eletrodomésticos, pias e pisos. Com sua fórmula concentrada, ele remove sujeira difícil sem riscar. Disponível na Dona Antônia, é uma opção prática e versátil para quem busca eficiência na limpeza em Cuiabá e Várzea Grande.","Para Casa","EAN/GTIN: 7891150022027",17.90,4
"Limpador Multiuso Espatula de Bambu Multiuso","P0142","Categoria: Casa e Utilidades. Tipo: Cozinha. Embalagem: Unidade. O limpador multiuso espátula de bambu é uma ferramenta prática e versátil para a sua cozinha. Ideal para diversas tarefas, ele facilita a limpeza e a manipulação de alimentos. A Dona Antônia oferece esse produto para quem busca eficiência e sustentabilidade em Cuiabá e Várzea Grande.","Para Casa","EAN/GTIN: 7897996700419",5.20,3
"Limpador Multiuso Espuma Milagrosa Extermina Limo Cif 500 ml","8012680537","Marca: Cif. Categoria: Limpeza. Tipo: Limpadores. Embalagem: 500ml. O limpador multiuso Cif com espuma milagrosa é ideal para a limpeza de diversas superfícies, como pias, bancadas e eletrodomésticos. Com sua fórmula eficaz, ele ajuda a eliminar sujeiras e limo, proporcionando um ambiente mais limpo e agradável. Disponível na Dona Antônia, em Cuiabá e Várzea Grande, é uma opção prática para o dia a dia.","Para Casa","EAN/GTIN: 7891150104129",22.90,2
"Limpador Multiuso Eucalipto Coala 120 ml","7897744502432-COPIA-10837","Marca: Coala. Categoria: Limpeza. Tipo: Limpadores. Embalagem: 120ml. O limpador perfumado Coala com fragrância de eucalipto é ideal para deixar sua casa limpa e perfumada. Com sua fórmula concentrada, proporciona frescor e bem-estar em diversos ambientes. Perfeito para uso em Cuiabá e Várzea Grande, é uma escolha prática para quem busca eficiência na limpeza do dia a dia.","Para Casa","EAN/GTIN: 7897744502135",13.90,2
"Limpador Multiuso Limpeza Milagrosa Original Cif 250 ml","373765D-COPIA-34332","Marca: Cif. Categoria: Limpeza. Tipo: Limpadores. Embalagem: 250 ml. O limpador Cif Cremoso Limpeza Milagrosa é ideal para a limpeza de diversas superfícies, como eletrodomésticos, pias e pisos. Com sua fórmula concentrada, ele remove 100% da sujeira difícil sem riscar. Disponível na Dona Antônia, é uma opção prática e versátil para quem busca eficiência na limpeza em Cuiabá e Várzea Grande.","Para Casa","EAN/GTIN: 7891150090804",9.50,3
"Limpador Multiuso Perfumado Cereja e Avelã Coala 120 ml","7897744502432-COPIA-23205","Marca: Coala. Categoria: Limpeza. Tipo: Limpadores. Embalagem: 120ml. O limpador perfumado Coala concentrado com fragrância de cereja e avelã é ideal para a limpeza e aromatização de ambientes. Com sua fórmula concentrada, proporciona uma sensação de frescor e bem-estar em sua casa. A Dona Antônia oferece este produto em Cuiabá e Várzea Grande, facilitando a sua rotina de limpeza.","Para Casa","EAN/GTIN: 7897744503828",13.90,3
"Limpador Multiuso Protetor de Ralo PVC Redondo Multiuso Unidade","P0270","Categoria: Casa e Utilidades. Tipo: Utilidades Domésticas. Embalagem: Unidade. Limpador Multiuso Protetor de Ralo PVC Redondo Multiuso Unidade UTENSÍLIOS E UTILIDADES CASA UTILIDADE DOMÉSTICA Unidade Para Casa Casa e Utilidades Utilidades Domésticas","Para Casa","EAN/GTIN: 7898930467832",6.80,3
"Limpador Multiuso Serras Brasileiras Veja 2 L","259044S","Marca: Veja. Categoria: Limpeza. Tipo: Limpadores. Embalagem: 2L. O limpador perfumado Veja Serras Brasileiras é ideal para a limpeza de superfícies diversas, proporcionando um aroma agradável ao ambiente. Disponível em Cuiabá e Várzea Grande, é uma opção prática e confiável para o dia a dia. Mantenha seu lar limpo e perfumado com este produto que facilita a rotina de limpeza.","Para Casa","EAN/GTIN: 7891035228285",18.90,5
"Limpador Multiuso Veja 500 ml","P0323","Marca: Veja. Categoria: Limpeza. Tipo: Limpadores. Embalagem: 500ml. O Limpador Multiuso Veja é ideal para a limpeza de diversas superfícies domésticas. Com sua fórmula eficaz, ele remove sujeiras como gordura, poeira e marcas de dedos. Disponível em Cuiabá e Várzea Grande, é uma opção prática para manter sua casa sempre limpa e organizada.","Para Casa","EAN/GTIN: 7891035800214",5.99,3
"Limpador Perfumado Algodão Concentrado 120 ml","7897744503842","Categoria: Limpeza. Tipo: Limpadores. Embalagem: 120ml. O Limpa Ambientes Algodão Concentrado 120ml da Zulu é um limpador perfumado ideal para uso geral em superfícies laváveis. Sua fórmula concentrada permite diluição econômica, proporcionando limpeza eficaz e fragrância suave de algodão. A embalagem de 120ml é prática para uso doméstico.","Para Casa","EAN/GTIN: 7897744503842",12.89,6
"Limpador Perfumado Ametista Lavanda Veja 100 ml","7896222721303","Marca: Veja. Categoria: Limpeza. Tipo: Limpadores. Embalagem: 100 ml. O limpador perfumado Veja Ametista com fragrância de lavanda é ideal para a limpeza de superfícies laváveis. Com sua fórmula concentrada, proporciona um perfume duradouro e brilho intenso. Disponível em Cuiabá e Várzea Grande, é uma escolha prática para manter sua casa sempre limpa e perfumada.","Para Casa","EAN/GTIN: 7896222721303",14.90,2
"Limpador Perfumado de Ambientes Concentrado Bambu Coala 120 ml","7897744502432","Marca: Coala. Categoria: Limpeza. Tipo: Limpadores. Embalagem: 120ml. O LIMPADOR PERFUMADO DE AMBIENTES COALA CONCENTRADO Bambu 120ml é um produto de limpeza concentrado que proporciona uma sensação prolongada de limpeza e bem-estar. Sua fragrância de bambu é agradável e duradoura, ideal para uso em diversos ambientes. Para utilizá-lo, dilua 8 gotas do produto em 1 litro de água e aplique com um pano úmido sobre as superfícies desejadas.","Para Casa","EAN/GTIN: 7897744502432",13.90,2
"Limpador Perfumado Gotas de Perfume Citrino Alecrim Veja 100 ml","7896222721259","Categoria: Limpeza. Tipo: Limpadores. Embalagem: 100 ml. O limpador perfumado Veja Gotas de Perfume Citrino Alecrim é ideal para a limpeza de superfícies laváveis, como pisos e azulejos. Com uma fragrância duradoura e brilho intenso, ele pode ser utilizado puro para um perfume intenso ou diluído para uma limpeza geral. Disponível em Cuiabá e Várzea Grande, é uma opção prática e confiável para o seu dia a dia.","Para Casa","EAN/GTIN: 7896222721259",14.90,4
"Limpador Perfumado Gotas Perfumadas com Óleos Essenciais Eucalipto Glade 120 ml","7894650015674","Marca: Glade. Categoria: Limpeza. Tipo: Limpadores. Embalagem: Frasco de 120ml. O limpador perfumado concentrado Glade com eucalipto é uma ótima opção para quem busca frescor e limpeza em casa. Com gotas perfumadas que contêm óleos essenciais, ele pode ser utilizado diluído em água ou aplicado puro em pequenos espaços. Ideal para quem vive em Cuiabá e Várzea Grande, proporciona um ambiente agradável e perfumado.","Para Casa","EAN/GTIN: 7894650015674",12.80,5
"Limpador Perfumado Passione Casa 500 ml","casaperfume.passione.500","Marca: Casa. Categoria: Limpeza. Tipo: Limpadores. Embalagem: 500ml. O limpador Casa & Perfume Passione é ideal para quem busca uma limpeza eficiente e agradável. Com sua fragrância sofisticada, ele proporciona ambientes mais acolhedores e confortáveis. Disponível em Cuiabá e Várzea Grande, é uma escolha prática para o dia a dia, garantindo uma limpeza profunda em diversas superfícies.","Para Casa","EAN/GTIN: 7896040706155",5.99,2
"Limpador Perfumado Sensualidade Casa & Perfume 500 ml","7896040704618","Marca: Casa & Perfume. Categoria: Limpeza. Tipo: Limpadores. Embalagem: 500ml. O limpador perfumado Casa & Perfume Sensualidade é ideal para a limpeza de diversas superfícies, como pisos, azulejos e móveis. Com sua fragrância floral, proporciona um ambiente perfumado e agradável. Disponível na Dona Antônia, em Cuiabá e Várzea Grande, é uma opção prática para o dia a dia.","Para Casa","EAN/GTIN: 7896040704618",5.99,10
"Linea Açúcar Geleia de Blueberry (sem Adicao de ) 230g","P-TIF6","Marca: Linea. Categoria: Mercearia. Tipo: Geleias e Acompanhamentos. Embalagem: 230g. Linea Açúcar Geleia de Blueberry (sem Adicao de ) 230g Linea CAFÉ DA MANHÃ ACOMPANHAMENTOS 230g Para Casa Mercearia Geleias e Acompanhamentos","Para Casa","EAN/GTIN: 7896001215160",22.90,2
"Linea Açúcar Geleia de Framboesa (sem Adicao de ) 230g","P-Q5X8","Marca: Linea. Categoria: Mercearia. Tipo: Geleias e Acompanhamentos. Embalagem: 230g. Linea Açúcar Geleia de Framboesa (sem Adicao de ) 230g Linea CAFÉ DA MANHÃ ACOMPANHAMENTOS 230g Para Casa Mercearia Geleias e Acompanhamentos","Para Casa","EAN/GTIN: 7896001210196",22.90,2
"Linha Azul-marinho Magna 1 un","P0214","Marca: Magna. Categoria: Casa e Utilidades. Tipo: Costura. Embalagem: Unidade. Linha Azul-marinho Magna 1 un Magna UTENSÍLIOS E UTILIDADES COSTURA ACESSÓRIOS DE COSTURA Unidade Para Casa Casa e Utilidades Costura","Para Casa","EAN/GTIN: 7891020271845",1.50,8
"Linha Branca Magna 1 un","P0215","Marca: Magna. Categoria: Casa e Utilidades. Tipo: Costura. Embalagem: Unidade. Linha Branca Magna 1 un Magna UTENSÍLIOS E UTILIDADES COSTURA ACESSÓRIOS DE COSTURA Unidade Para Casa Casa e Utilidades Costura","Para Casa","EAN/GTIN: 7891020270800",1.50,8
"Linha de Costura Amarela Magna","P0213","Marca: Magna. Categoria: Casa e Utilidades. Tipo: Costura. Embalagem: Unidade. Linha de Costura Amarela Magna Magna UTENSÍLIOS E UTILIDADES COSTURA ACESSÓRIOS DE COSTURA Unidade Para Casa Casa e Utilidades Costura","Para Casa","EAN/GTIN: 7891020271203",1.50,10
"Linha Magna Cinza 1 un","P0216","Marca: Magna. Categoria: Casa e Utilidades. Tipo: Costura. Embalagem: Unidade. Linha Magna Cinza 1 un Magna UTENSÍLIOS E UTILIDADES COSTURA ACESSÓRIOS DE COSTURA Unidade Para Casa Casa e Utilidades Costura","Para Casa","EAN/GTIN: 7891020272316",1.48,10
"Linha Magna Preta Unidade","P0217","Marca: Magna. Categoria: Casa e Utilidades. Tipo: Costura. Embalagem: Unidade. Linha Magna Preta Unidade Magna UTENSÍLIOS E UTILIDADES COSTURA ACESSÓRIOS DE COSTURA Unidade Para Casa Casa e Utilidades Costura","Para Casa","EAN/GTIN: 7891020957497",1.50,6
"Linha Magna Verde Unidade","P0218","Marca: Magna. Categoria: Casa e Utilidades. Tipo: Costura. Embalagem: Unidade. Linha Magna Verde Unidade Magna UTENSÍLIOS E UTILIDADES COSTURA ACESSÓRIOS DE COSTURA Unidade Para Casa Casa e Utilidades Costura","Para Casa","EAN/GTIN: 7891020271937",1.50,10
"Lip Oil Gloss Labial Néctar do Paraíso Max Love 5 ml","P-O6CY","Marca: Max Love. Categoria: Beleza e Cuidados. Tipo: Lábios. Embalagem: 5ml. Lip Oil Gloss Labial Néctar do Paraíso Max Love 5 ml Max Love BELEZA BOCA LIP OIL E GLOSS 5ml Para Você Beleza e Cuidados Lábios","Para Você","EAN/GTIN: 7908240522524",15.90,1
"Lip Oil Melu Nectar do Paraíso Dapop 1 un","09762162","Marca: Dapop. Categoria: Beleza e Cuidados. Tipo: Lábios. Embalagem: Unidade. Lip Oil Melu Nectar do Paraíso Dapop 1 un Dapop BELEZA BOCA LIP OIL E GLOSS Unidade Para Você Beleza e Cuidados Lábios","Para Você","EAN/GTIN: 7899575904096",22.90,2
"Lip Oil Melu Nectar do Paraíso NIVEA 5,5 ml","P-VXR8","Marca: NIVEA. Categoria: Beleza e Cuidados. Tipo: Lábios. Embalagem: 5.5ml. O NIVEA Melu Lip Oil Nectar do Paraíso é um gloss labial que proporciona hidratação e brilho aos lábios. Ideal para o dia a dia, ele pode ser utilizado sozinho ou sobre o batom, trazendo um toque especial à sua maquiagem. Disponível na Dona Antônia, em Cuiabá e Várzea Grande, é uma ótima opção para quem busca praticidade e beleza.","Para Você","EAN/GTIN: 4006000120003",24.90,1
"Lip Oil Néctar do Paraíso Made In 6 ml","204873055","Marca: Made In. Categoria: Beleza e Cuidados. Tipo: Lábios. Embalagem: 6ml. O Lip Oil Néctar do Paraíso da Melu proporciona hidratação intensa e brilho radiante aos lábios, com uma fórmula leve e confortável.","Para Você","EAN/GTIN: 204873055",14.90,2
"Livro de Colorir Carregue-Me Dinossauros Unidade","P389","Categoria: Casa e Utilidades. Tipo: Papelaria. Embalagem: Unidade. Livro de Colorir Carregue-Me Dinossauros Unidade UTENSÍLIOS E UTILIDADES PAPELARIA LIVRO DE COLORIR Unidade Para Casa Casa e Utilidades Papelaria","Para Casa","EAN/GTIN: 9788538093459",4.90,1
"Livro de Colorir Carregue-Me Unicórnio 1 un","P391","Categoria: Casa e Utilidades. Tipo: Papelaria. Embalagem: Unidade. Livro de Colorir Carregue-Me Unicórnio 1 un UTENSÍLIOS E UTILIDADES PAPELARIA LIVRO DE COLORIR Unidade Para Casa Casa e Utilidades Papelaria","Para Casa","EAN/GTIN: 9788538093442",4.90,1
"Livro de Colorir Carregue-Me: Histórias da Bíblia 1 un","P390","Categoria: Casa e Utilidades. Tipo: Papelaria. Embalagem: Unidade. Livro de Colorir Carregue-Me: Histórias da Bíblia 1 un UTENSÍLIOS E UTILIDADES PAPELARIA LIVRO DE COLORIR Unidade Para Casa Casa e Utilidades Papelaria","Para Casa","EAN/GTIN: 9788538093480",4.90,1
"Lixa de Unha 1 un","P548","Categoria: Beleza e Cuidados. Tipo: Unhas. Embalagem: Unidade. Lixa de Unha 1 un BELEZA MANICURE ACESSÓRIO DE MANICURE Unidade Para Você Beleza e Cuidados Unhas","Para Você","EAN/GTIN: 7908629709188",2.90,20
"Lixa de Unha Mini 1 un","P537","Categoria: Beleza e Cuidados. Tipo: Unhas. Embalagem: Unidade. Lixa de Unha Mini 1 un BELEZA MANICURE ACESSÓRIO DE MANICURE Unidade Para Você Beleza e Cuidados Unhas","Para Você","EAN/GTIN: 7897214700733",0.35,1
"Lixa Enox P.unha Pop 6x1 06pc X Unidade","P0225","Marca: Enox. Categoria: Beleza e Cuidados. Tipo: Unhas. Embalagem: Unidade. Lixa Enox P.unha Pop 6x1 06pc X Unidade Enox BELEZA MANICURE ACESSÓRIO DE MANICURE Unidade Para Você Beleza e Cuidados Unhas","Para Você","EAN/GTIN: 7897517903626",3.90,6
"Lixa para Pés de EVA 1 un","P360","Categoria: Beleza e Cuidados. Tipo: Unhas. Embalagem: Unidade. A lixa de pé de EVA é ideal para a remoção de células mortas, fissuras e rachaduras, proporcionando pés macios e saudáveis. Disponível na Dona Antônia, em Cuiabá e Várzea Grande, é um acessório essencial para quem busca cuidar da beleza dos pés. Experimente e sinta a diferença na sua rotina de cuidados pessoais.","Para Você","EAN/GTIN: 7896818236648",8.90,1
"Liza Molho para Salada Kinino Molho Salada Caseiro 234ml","P-JI4L","Marca: Liza. Categoria: Mercearia. Tipo: Molhos e Condimentos. Embalagem: 234ml. Liza Molho para Salada Kinino Molho Salada Caseiro 234ml Liza MOLHOS E CONDIMENTOS MOLHOS ESPECIAIS MOLHO PARA SALADA 234ml Para Casa Mercearia Molhos e Condimentos","Para Casa","EAN/GTIN: 7897005102944",8.90,3
"Loção Corporal Love Intense Skala 400 ml","255979A","Marca: Skala. Categoria: Beleza e Cuidados. Tipo: Cuidados Corporais. Embalagem: 400ml. Loção Corporal Love Intense Skala 400 ml Skala BELEZA CORPO HIDRATANTE CORPORAL 400ml Para Você Beleza e Cuidados Cuidados Corporais cabelo seco cabelo ressecado ressecamento hidratar cabelo maciez","Para Você","EAN/GTIN: 7897042015924",9.50,1
"Loção Hidratante Camomila Skala 400 ml","skala.camomila.400","Marca: Skala. Categoria: Beleza e Cuidados. Tipo: Cuidados Corporais. Embalagem: 400ml. A loção hidratante Skala com extrato de camomila é ideal para hidratar e suavizar a pele do corpo. Com sua fórmula leve, proporciona uma sensação de frescor e bem-estar. Disponível na Dona Antônia, em Cuiabá e Várzea Grande, é uma ótima opção para o cuidado diário da sua pele.","Para Você","EAN/GTIN: 7897042015986",9.50,2
"Loção Hidratante Corporal Frescor Natural Skala 400 ml","531161P","Marca: Skala. Categoria: Beleza e Cuidados. Tipo: Cuidados Corporais. Embalagem: 400ml. Loção Hidratante Corporal Frescor Natural Skala 400 ml Skala BELEZA CORPO HIDRATANTE CORPORAL 400ml Para Você Beleza e Cuidados Cuidados Corporais cabelo seco cabelo ressecado ressecamento hidratar cabelo maciez","Para Você","EAN/GTIN: 7897042015863",9.50,3
"Loção hidratante corporal Hidratação Intensiva pele normal a seca Monange 200 ml","P-7ZX2","Marca: Monange. Categoria: Beleza e Cuidados. Tipo: Cuidados Corporais. Embalagem: 200ml. Loção hidratante corporal Hidratação Intensiva pele normal a seca Monange 200 ml Monange DESODORANTE AEROSOL DESODORANTE AEROSSOL 200ml Para Você Beleza e Cuidados Cuidados Corporais","Para Você","EAN/GTIN: 7896235354192",9.90,2
"Loção Hidratante Corporal Lavanda Skala 400 ml","P0226","Marca: Skala. Categoria: Beleza e Cuidados. Tipo: Cuidados Corporais. Embalagem: 400ml. Loção Hidratante Corporal Lavanda Skala 400 ml Skala BELEZA CABELO MÁSCARA CAPILAR 400ml Para Você Beleza e Cuidados Cuidados Corporais cabelo seco cabelo ressecado ressecamento hidratar cabelo maciez","Para Você","EAN/GTIN: 7897042015894",9.50,2
"Loção Hidratante Corporal Manteiga de Karité Skala 400 ml","190818X","Marca: Skala. Categoria: Beleza e Cuidados. Tipo: Cuidados Corporais. Embalagem: 400ml. Loção Hidratante Corporal Manteiga de Karité Skala 400 ml Skala BELEZA CORPO HIDRATANTE CORPORAL 400ml Para Você Beleza e Cuidados Cuidados Corporais cabelo seco cabelo ressecado ressecamento hidratar cabelo maciez","Para Você","EAN/GTIN: 7897042015849",9.50,3
"Lola Cosmetics Leo Pré e Ps Sol Pinga na Máscara 50ml","17621838","Marca: Lola Cosmetics. Categoria: Cabelos. Tipo: Tratamentos Capilares. Embalagem: 50ml. Lola Cosmetics Leo Pré e Ps Sol Pinga na Máscara 50ml Lola Cosmetics BELEZA CABELO MÁSCARA CAPILAR 50ml Para Você Cabelos Tratamentos Capilares","Para Você","EAN/GTIN: 7899572810185",18.90,1
"Lola Cosmetics Plot Twist Buriti Pudding 480 g","P-A698","Marca: Lola Cosmetics. Categoria: Cabelos. Tipo: Tratamentos Capilares. Embalagem: 480g. Lola Cosmetics Plot Twist Buriti Pudding 480 g Lola Cosmetics BELEZA CABELO TRATAMENTO CAPILAR 480g Para Você Cabelos Tratamentos Capilares","Para Você","EAN/GTIN: 7899572815074",31.90,1
"Lola Cosmetics Plot Twist Nut Butter Cream 480 g","P-07YV","Marca: Lola Cosmetics. Categoria: Cabelos. Tipo: Tratamentos Capilares. Embalagem: 480g. Lola Cosmetics Plot Twist Nut Butter Cream 480 g Lola Cosmetics BELEZA CABELO TRATAMENTO CAPILAR 480g Para Você Cabelos Tratamentos Capilares","Para Você","EAN/GTIN: 7899572813971",31.90,1
"Louro em Folhas Diodoro 5 g","diodoro.louro.01","Marca: Diodoro. Categoria: Mercearia. Tipo: Temperos. Embalagem: 5g. O tempero de folha de louro da Diodoro é uma opção prática e saborosa para realçar o gosto dos seus pratos. Ideal para ser utilizado em caldos, sopas e carnes, ele traz um toque especial às suas receitas. Disponível em Cuiabá e Várzea Grande, é uma escolha confiável para quem busca qualidade em temperos.","Para Casa","EAN/GTIN: 7898568540259",2.69,10
"Luma Lenço Umedecido Babey 120 lenços","68349526","Marca: Luma. Categoria: Bebê. Tipo: Higiene do Bebê. Embalagem: 120 lenços. Luma Lenço Umedecido Babey 120 lenços Luma BEBÊ HIGIENE LENÇO UMEDECIDO 120 lenços Para Você Bebê Higiene do Bebê","Para Você","EAN/GTIN: 7898974215017",8.90,5
"Macarrão Cabelo de Anjo com Ovos Dalla 500 g","7896423702705","Categoria: Mercearia. Tipo: Massas. Embalagem: 500g. O Cabelo de Anjo com Ovos da Dalla é uma massa fina e delicada, ideal para sopas e caldos. Composta por sêmola de trigo enriquecida com ferro e ácido fólico, ovos e corantes naturais de urucum e cúrcuma, oferece sabor suave e textura macia. Embalada em pacote plástico transparente de 500g, contém glúten e ovos, sendo imprópria para celíacos e alérgicos a ovos.","Para Casa","EAN/GTIN: 7896423702705",7.29,1
"Macarrão Cannelloni Riscossa 250 g","6289550975","Marca: Riscossa. Categoria: Mercearia. Tipo: Massas. Embalagem: 250g. Macarrão Cannelloni Riscossa 250 g Riscossa MACARRÃO E MOLHOS MACARRÃO MASSA SECA 250g Para Casa Mercearia Massas","Para Casa","EAN/GTIN: 8011780048634",12.90,3
"Macarrão Caserecce Italiano de Grano Duro De Luca 500 g","5249680704","Marca: De Luca. Categoria: Mercearia. Tipo: Massas. Embalagem: 500g. Macarrão Caserecce Italiano de Grano Duro De Luca 500 g De Luca MACARRÃO E MOLHOS MACARRÃO MASSA SECA 500g Para Casa Mercearia Massas","Para Casa","EAN/GTIN: 8001104000684",14.90,2
"Macarrão Conchiglioni Italiano Grano Duro De Luca 500 g","1274860855","Marca: De Luca. Categoria: Mercearia. Tipo: Massas. Embalagem: 500g. Macarrão Conchiglioni Italiano Grano Duro De Luca 500 g De Luca MACARRÃO E MOLHOS MACARRÃO MASSA SECA 500g Para Casa Mercearia Massas","Para Casa","EAN/GTIN: 8001104006228",14.90,3
"Macarrão Conchinha Liane 500 g","7896080820248","Marca: Liane. Categoria: Mercearia. Tipo: Massas. Embalagem: 500 g. A Conchinha LIANE 500 g é uma massa de sêmola de trigo enriquecida com ferro e ácido fólico, acrescida de ovo em pó e corantes naturais cúrcuma e urucum. Apresenta formato de conchas pequenas, ideal para preparações como sopas e saladas. Recomenda-se cozinhar por 6 a 8 minutos. Armazenar em local limpo e seco.","Para Casa","EAN/GTIN: 7896080820248",3.99,2
"Macarrão de Arroz e Espinafre Mini Pena Urbano 500 g","P-QCWJ","Marca: Urbano. Categoria: Mercearia. Tipo: Massas. Embalagem: 500g. Macarrão de Arroz e Espinafre Mini Pena Urbano 500 g Urbano MACARRÃO E MOLHOS MACARRÃO MASSA SECA 500g Para Casa Mercearia Massas","Para Casa","EAN/GTIN: 7896401183748",9.90,7
"Macarrão Espaguete Integral Liane 500 g","03897367","Marca: Liane. Categoria: Mercearia. Tipo: Massas. Embalagem: 500g. Macarrão Espaguete Integral Liane 500 g Liane MACARRÃO E MOLHOS MACARRÃO MASSA SECA 500g Para Casa Mercearia Massas","Para Casa","EAN/GTIN: 7896080837710",4.90,3
"Macarrão Espaguete Integral Sem Glúten Urbano 500 g","3528220487","Marca: Urbano. Categoria: Mercearia. Tipo: Massas. Embalagem: 500g. O macarrão espaguete integral sem glúten da Urbano é uma excelente opção para quem busca uma alimentação saudável. Ideal para preparações em dietas sem glúten, ele oferece uma alternativa saborosa e nutritiva. Disponível na Dona Antônia, em Cuiabá e Várzea Grande, é perfeito para suas receitas do dia a dia.","Para Casa","EAN/GTIN: 7896038314195",5.99,3
"Macarrão Espaguete Zero Glúten Urbano 500 g","4674520062","Marca: Urbano. Categoria: Mercearia. Tipo: Massas. Embalagem: 500g. Macarrão Espaguete Zero Glúten Urbano 500 g Urbano MACARRÃO E MOLHOS MACARRÃO MASSA SECA 500g Para Casa Mercearia Massas","Para Casa","EAN/GTIN: 7896038313198",6.50,2
"Macarrão Espagueti Liane 500g","7896080820521","Marca: Liane. Categoria: Mercearia. Tipo: Massas. Embalagem: 500g. Macarrão Espaguetti 500g da LIANE é uma massa de sêmola de trigo enriquecida com ferro e ácido fólico, com tempo de preparo de 6 a 8 minutos. Contém glúten e pode conter derivados de aveia, soja, cevada, centeio e ovos. Armazenar em local limpo e seco.","Para Casa","EAN/GTIN: 7896080820521",3.99,2
"Macarrão Integral Parafuso Zero Glúten Urbano 500 g","1579080745","Marca: Urbano. Categoria: Mercearia. Tipo: Massas. Embalagem: 500g. O macarrão integral parafuso da Urbano é uma excelente opção para quem busca uma alimentação saudável e saborosa. Ideal para preparações de macarronada, saladas e outros pratos, ele é livre de glúten e perfeito para quem tem restrições alimentares. Disponível na Dona Antônia, em Cuiabá e Várzea Grande, esse macarrão traz praticidade e sabor para suas refeições.","Para Casa","EAN/GTIN: 7896038311194",8.90,3
"Macarrão Italiano LINGUINE 500 g","8004690040065","Categoria: Mercearia. Tipo: Massas. Embalagem: 500 g. LINGUINE 6 500 g da Antico Molino Molisano é uma massa italiana de semolina de trigo duro, com tempo de cozimento de 12 minutos. Embalada em pacote de 500 g, é ideal para pratos como frutos do mar e molhos à base de azeite. Produzida na Itália, destaca-se por sua textura al dente e sabor autêntico.","Para Casa","EAN/GTIN: 8004690040065",8.90,2
"Macarrão Lámen Galinha Apti 70 g","76409162","Marca: Apti. Categoria: Mercearia. Tipo: Massas. Embalagem: 70g. Macarrão Lámen Galinha Apti 70 g Apti MACARRÃO E MOLHOS MACARRÃO MASSA SECA 70g Para Casa Mercearia Massas","Para Casa","EAN/GTIN: 7896327514558",1.79,10
"Macarrão Ninho com Ovos Petybon 500 g","7897721410057","Categoria: Mercearia. Tipo: Massas. Embalagem: 500g. Petybon com Ovos Ninho 500g é uma massa de macarrão elaborada com farinha de trigo tipo 1 e ovos, resultando em uma textura firme e sabor autêntico. Ideal para preparações como macarronada, salada de macarrão e outras receitas do dia a dia. A embalagem contém 500g de produto.","Para Casa","EAN/GTIN: 7897721410057",7.49,2
"Macarrão Padre Nosso Zero Glúten Urbano 500 g","0043590786","Marca: Urbano. Categoria: Mercearia. Tipo: Massas. Embalagem: 500g. Macarrão Padre Nosso Zero Glúten Urbano 500 g Urbano MACARRÃO E MOLHOS MACARRÃO MASSA SECA 500g Para Casa Mercearia Massas","Para Casa","EAN/GTIN: 7896038312191",5.90,2
"Macarrão Parafuso de Arroz e Feijão Preto Zero Glúten Urbano 500 g","P-8EUO","Marca: Urbano. Categoria: Mercearia. Tipo: Massas. Embalagem: 500g. O macarrão de arroz e feijão preto da Urbano é uma opção saborosa e nutritiva para suas refeições. Ideal para quem busca uma alternativa sem glúten, ele pode ser utilizado em diversas receitas, desde saladas até pratos quentes. Disponível na Dona Antônia, em Cuiabá e Várzea Grande, é uma escolha prática para o dia a dia.","Para Casa","EAN/GTIN: 7896038330195",7.90,5
"Macarrão Parafuso Integral Liane 500 g","8591150468","Marca: Liane. Categoria: Mercearia. Tipo: Massas. Embalagem: 500g. Macarrão Parafuso Integral Liane 500 g Liane MACARRÃO E MOLHOS MACARRÃO MASSA SECA 500g Para Casa Mercearia Massas","Para Casa","EAN/GTIN: 7896080838311",5.90,3
"Macarrão Parafuso Zero Glúten Urbano 500 g","04312037","Marca: Urbano. Categoria: Mercearia. Tipo: Massas. Embalagem: 500g. Macarrão Parafuso Zero Glúten Urbano 500 g Urbano MACARRÃO E MOLHOS MACARRÃO MASSA SECA 500g Para Casa Mercearia Massas","Para Casa","EAN/GTIN: 7896038310197",6.90,6
"Macarrão Pena Integral Galo 500 g","7280800720","Marca: Galo. Categoria: Mercearia. Tipo: Massas. Embalagem: 500g. Macarrão Pena Integral Galo 500 g Galo MACARRÃO E MOLHOS MACARRÃO MASSA SECA 500g Para Casa Mercearia Massas","Para Casa","EAN/GTIN: 7896022206925",5.90,3
"Macarrão Penne Integral Urbano 500 g","04013614","Marca: Urbano. Categoria: Mercearia. Tipo: Massas. Embalagem: 500g. O macarrão penne integral da Urbano é uma opção saudável e saborosa para suas refeições. Ideal para preparar pratos com molhos variados, ele traz praticidade e qualidade à sua cozinha. Disponível na Dona Antônia, em Cuiabá e Várzea Grande, é perfeito para quem busca uma alimentação equilibrada.","Para Casa","EAN/GTIN: 7896038306190",6.90,8
"Macarrão Penne Rigate Antico Molino 500 g","8004690040201","Categoria: Mercearia. Tipo: Massas. Embalagem: 500g. Penne Rigate 20 500g da Antico Molino é uma massa de semolina de trigo duro, produzida com trafilatura al bronzo, que confere textura áspera ideal para absorver molhos. Cozinha em 12 minutos, mantendo sua forma e sabor autêntico.","Para Casa","EAN/GTIN: 8004690040201",11.90,4
"Macarrão Penne Vegetais Liane 500 g","03674215","Marca: Liane. Categoria: Mercearia. Tipo: Massas. Embalagem: 500g. Macarrão Penne Vegetais Liane 500 g Liane MACARRÃO E MOLHOS MACARRÃO MASSA SECA 500g Para Casa Mercearia Massas","Para Casa","EAN/GTIN: 7896080830216",5.90,3
"Macarrão Rigatoni Da Roz 500 g","5041720875","Marca: Da Roz. Categoria: Mercearia. Tipo: Massas. Embalagem: 500g. Macarrão Rigatoni Da Roz 500 g Da Roz MACARRÃO E MOLHOS MACARRÃO MASSA SECA 500g Para Casa Mercearia Massas","Para Casa","EAN/GTIN: 7896070161214",14.90,3
"Macarrão Rigatoni Italiano Grano Duro De Luca 500 g","8355110132","Marca: De Luca. Categoria: Mercearia. Tipo: Massas. Embalagem: 500g. Macarrão Rigatoni Italiano Grano Duro De Luca 500 g De Luca MACARRÃO E MOLHOS MACARRÃO MASSA SECA 500g Para Casa Mercearia Massas","Para Casa","EAN/GTIN: 8001104000332",14.90,3
"Macarrão Talharim Famiglia Venturelli 500 g","9781120081","Marca: Famiglia Venturelli. Categoria: Mercearia. Tipo: Massas. Embalagem: 500g. Macarrão Talharim Famiglia Venturelli 500 g Famiglia Venturelli MACARRÃO E MOLHOS MACARRÃO MASSA SECA 500g Para Casa Mercearia Massas","Para Casa","EAN/GTIN: 7896534400385",10.70,3
"Macarrão Talharini Da Roz 500 g","8289750043","Marca: Da Roz. Categoria: Mercearia. Tipo: Massas. Embalagem: 500g. Macarrão Talharini Da Roz 500 g Da Roz MACARRÃO E MOLHOS MACARRÃO MASSA SECA 500g Para Casa Mercearia Massas","Para Casa","EAN/GTIN: 7896070121089",12.90,1
"Macarrão Yakissoba Famiglia Venturelli 500 g","9860560337","Marca: Famiglia Venturelli. Categoria: Mercearia. Tipo: Massas. Embalagem: 500g. Macarrão Yakissoba Famiglia Venturelli 500 g Famiglia Venturelli MACARRÃO E MOLHOS MACARRÃO MASSA SECA 500g Para Casa Mercearia Massas","Para Casa","EAN/GTIN: 7896534400897",11.90,2
"Made In Melu Lip Oil Nectar do Paraíso Gloss Labial Unidade","P-ZQ8W","Marca: Made In. Categoria: Beleza e Cuidados. Tipo: Lábios. Embalagem: Unidade. Made In Melu Lip Oil Nectar do Paraíso Gloss Labial Unidade Made In BELEZA BOCA LIP OIL E GLOSS Unidade Para Você Beleza e Cuidados Lábios","Para Você","EAN/GTIN: 7897840305487",24.90,2
"Maionese Alho Tostado com Ervas Heinz 215 g","P-EU8M","Marca: Heinz. Categoria: Mercearia. Tipo: Molhos e Condimentos. Embalagem: 215g. Maionese Alho Tostado com Ervas Heinz 215 g Heinz MOLHOS E CONDIMENTOS MAIONESE MOLHO CREMOSO 215g Para Casa Mercearia Molhos e Condimentos","Para Casa","EAN/GTIN: 7896102502077",12.90,4
"Maionese Bacon Hellmann's 335 g","hellmanns.maionesebacon.335","Marca: Hellmann's. Categoria: Mercearia. Tipo: Molhos e Condimentos. Embalagem: 335g. A maionese de bacon Hellmann's é uma opção deliciosa para complementar seus lanches e sanduíches. Ideal para quem busca um sabor diferenciado, ela pode ser utilizada em diversas receitas. Disponível em Cuiabá e Várzea Grande, é uma escolha prática e saborosa para o seu dia a dia.","Para Casa","EAN/GTIN: 7891150099371",15.90,2
"Maionese Cepêra 500 g","56785566","Marca: Cepêra. Categoria: Mercearia. Tipo: Molhos e Condimentos. Embalagem: 500g. Maionese Cepêra 500 g Cepêra MOLHOS E CONDIMENTOS MAIONESE MOLHO CREMOSO 500g Para Casa Mercearia Molhos e Condimentos","Para Casa","EAN/GTIN: 7896025805743",11.90,3
"Maionese de Alho Hellmann’s 335 g","113602U","Marca: Hellmann’s. Categoria: Mercearia. Tipo: Molhos e Condimentos. Embalagem: 335g. Maionese de Alho Hellmann’s 335 g Hellmann’s MOLHOS E CONDIMENTOS MAIONESE MOLHO CREMOSO 335g Para Casa Mercearia Molhos e Condimentos","Para Casa","EAN/GTIN: 7891150096462",13.90,3
"Maionese Light Hellmann’s 500 g","hellmanns.light.500","Marca: Hellmann’s. Categoria: Mercearia. Tipo: Molhos e Condimentos. Embalagem: Frasco de 500g. A maionese light Hellmann's é uma opção saborosa e cremosa para quem busca reduzir calorias nas refeições. Ideal para lanches, saladas e acompanhamentos de churrasco, ela é uma escolha prática e versátil. Disponível em Cuiabá e Várzea Grande, a Dona Antônia traz essa opção que combina sabor e leveza para o seu dia a dia.","Para Casa","EAN/GTIN: 7894000050720",15.90,4
"Maionese Tradicional Heinz 400 g","P209O0","Marca: Heinz. Categoria: Mercearia. Tipo: Molhos e Condimentos. Embalagem: 400g. Maionese Tradicional Heinz 400 g Heinz MOLHOS E CONDIMENTOS MAIONESE MOLHO CREMOSO 400g Para Casa Mercearia Molhos e Condimentos","Para Casa","EAN/GTIN: 7896102582949",14.90,9
"Maionese Tradicional Hellmann’s 500 g","640981G","Marca: Hellmann’s. Categoria: Mercearia. Tipo: Molhos e Condimentos. Embalagem: 500g. Maionese Tradicional Hellmann’s 500 g Hellmann’s MOLHOS E CONDIMENTOS MAIONESE MOLHO CREMOSO 500g Para Casa Mercearia Molhos e Condimentos","Para Casa","EAN/GTIN: 7894000050034",13.90,4
"Maionese Verde Squeeze Hellmann’s 335 g","101540K","Marca: Hellmann’s. Categoria: Mercearia. Tipo: Molhos e Condimentos. Embalagem: 335g. Maionese Verde Squeeze Hellmann’s 335 g Hellmann’s MOLHOS E CONDIMENTOS MAIONESE MOLHO CREMOSO 335g Para Casa Mercearia Molhos e Condimentos","Para Casa","EAN/GTIN: 7891150079892",13.90,5
"Manjericão Itapero 8 g","7895639000148","Marca: Itapero. Categoria: Mercearia. Tipo: Temperos. Embalagem: 8g. Manjericão desidratado da marca Lida Itapero, embalagem de 8g, EAN 7895639000148. Ingrediente: Manjericão. NÃO CONTÉM GLÚTEN. Conservar em local limpo, seco e arejado.","Para Casa","EAN/GTIN: 7895639000148",1.89,10
"Máquina de Acabamento Sem Fio Dragão 100 g","155503S","Marca: Dragão. Categoria: Higiene Pessoal. Tipo: Barba e Depilação. Embalagem: 100g. A Maquina Profissional Dragao Acabamento sem Fio Cabelo Barba Pezinho Personalizada com Limitador de Lamina Ajustavel R é ideal para quem busca praticidade e precisão no cuidado pessoal. Perfeita para acabamento de cabelo, barba e pescoço, essa máquina sem fio oferece liberdade de movimento e ajuste personalizado da lâmina. Disponível na categoria Utensílios e Utilidades, subcategoria Barbearia, é uma excelente escolha para clientes de Cuiabá e Várzea Grande que desejam qualidade e eficiência. Encontre este produto no supermercado online Dona Antônia e facilite sua rotina de cuidados.","Para Você","EAN/GTIN: 6917598801039",24.90,3
"Máscara Antifrizz Liso Leve and Solto Lola Cosmetics 230 g","4855892808700","Marca: Lola Cosmetics. Categoria: Cabelos. Tipo: Tratamentos Capilares. Embalagem: 230 g. A Máscara Antifrizz Liso Leve and Solto da Lola Cosmetics é indicada para cabelos lisos naturais ou alisados, proporcionando controle do frizz e prolongando o efeito liso. Sua fórmula contém ativos naturais como Tamarindo, Canela e Óleo de Oliva, que hidratam, fortalecem e suavizam os fios, além de estimular o crescimento capilar. A embalagem é um pote de 230 g, ideal para uso contínuo.","Para Você","EAN/GTIN: 4855892808700",19.90,2
"Máscara Capilar Abacaxi e Manteiga de Bacuri Lola Cosméticos 350 g","7899572807475","Marca: Lola Cosméticos. Categoria: Cabelos. Tipo: Tratamentos Capilares. Embalagem: 350g. A máscara de nutrição de abacaxi e manteiga de bacuri da Lola é ideal para cabelos finos e porosos. Com uma fórmula vegana e orgânica, proporciona hidratação profunda e reposição de nutrientes. Em Cuiabá e Várzea Grande, a Dona Antônia oferece este produto que ajuda a combater o ressecamento e a porosidade dos fios, promovendo brilho e vitalidade.","Para Você","EAN/GTIN: 7899572807475",34.52,4
"Máscara Capilar Argan Oil Hidratação Inoar 500 g","654043O","Marca: Inoar. Categoria: Cabelos. Tipo: Tratamentos Capilares. Embalagem: Pote de 500g. A máscara de hidratação capilar Inoar Argan Oil é ideal para quem busca reparar cabelos danificados. Com uma fórmula enriquecida, ela proporciona brilho intenso e um toque aveludado. Disponível em Cuiabá e Várzea Grande, é uma excelente opção para o cuidado diário dos seus fios. Experimente e sinta a diferença na saúde do seu cabelo.","Para Você","EAN/GTIN: 7908124407169",38.90,2
"Máscara Capilar Bossa Lola Cosmetics 450 g","P-AS7W","Marca: Lola Cosmetics. Categoria: Cabelos. Tipo: Tratamentos Capilares. Embalagem: 450g. Máscara Capilar Bossa Lola Cosmetics 450 g Lola Cosmetics BELEZA CABELO MÁSCARA CAPILAR 450g Para Você Cabelos Tratamentos Capilares","Para Você","EAN/GTIN: 7899572815760",38.90,1
"Máscara Capilar Danos Vorazes Lola Cosmetics 450 g","10463033","Marca: Lola Cosmetics. Categoria: Cabelos. Tipo: Tratamentos Capilares. Embalagem: 450g. Máscara Capilar Danos Vorazes Lola Cosmetics 450 g Lola Cosmetics BELEZA CABELO MÁSCARA CAPILAR 450g Para Você Cabelos Tratamentos Capilares","Para Você","EAN/GTIN: 7899572812271",34.90,1
"Máscara Capilar Densidade Lola Cosmetics 230 g","14117897","Marca: Lola Cosmetics. Categoria: Cabelos. Tipo: Tratamentos Capilares. Embalagem: Pote de 230g. A máscara capilar Densidade da Lola Cosmetics é ideal para o tratamento intensivo de cabelos danificados. Com uma fórmula que promove crescimento capilar e regeneração, ela ajuda na reparação e resistência dos fios. Disponível em Cuiabá e Várzea Grande, é uma opção prática e confiável para quem busca cuidar da saúde dos cabelos.","Para Você","EAN/GTIN: 7899572812141",27.90,8
"Máscara Capilar Glycolic Gloss Antiporosidade Elseve 300 g","894339O","Marca: Elseve. Categoria: Cabelos. Tipo: Tratamentos Capilares. Embalagem: 300g. Máscara Capilar Glycolic Gloss Antiporosidade Elseve 300 g Elseve BELEZA CABELO MÁSCARA CAPILAR 300g Para Você Cabelos Tratamentos Capilares","Para Você","EAN/GTIN: 7908615053110",28.50,6
"Máscara Capilar Meu Cacho Minha Vida Lola Cosmetics 450 g","207201B","Marca: Lola Cosmetics. Categoria: Cabelos. Tipo: Tratamentos Capilares. Embalagem: 450g. Máscara Capilar Meu Cacho Minha Vida Lola Cosmetics 450 g Lola Cosmetics BELEZA CABELO MÁSCARA CAPILAR 450g Para Você Cabelos Tratamentos Capilares","Para Você","EAN/GTIN: 7899572810567",27.90,1
"Máscara Capilar Morte Súbita Lola Cosmetics 450 g","12981450","Marca: Lola Cosmetics. Categoria: Cabelos. Tipo: Tratamentos Capilares. Embalagem: 450g. Máscara Capilar Morte Súbita Lola Cosmetics 450 g Lola Cosmetics BELEZA CABELO MÁSCARA CAPILAR 450g Para Você Cabelos Tratamentos Capilares","Para Você","EAN/GTIN: 7899572803200",38.90,2
"Máscara Capilar Rapunzel Lola Cosmetics 450 g","12763944","Marca: Lola Cosmetics. Categoria: Cabelos. Tipo: Tratamentos Capilares. Embalagem: 450g. Máscara Capilar Rapunzel Lola Cosmetics 450 g Lola Cosmetics BELEZA CABELO MÁSCARA CAPILAR 450g Para Você Cabelos Tratamentos Capilares","Para Você","EAN/GTIN: 7899572813384",36.90,1
"Máscara de Reconstrução Bemdita Ghee Mamão Lola Cosmetics 350 g","823774K","Marca: Lola Cosmetics. Categoria: Cabelos. Tipo: Tratamentos Capilares. Embalagem: 350g. Máscara de Reconstrução Bemdita Ghee Mamão Lola Cosmetics 350 g Lola Cosmetics BELEZA CABELO MÁSCARA CAPILAR 350g Para Você Cabelos Tratamentos Capilares cabelo danificado cabelo fraco quebra dos fios fortalecer cabelo reparar danos","Para Você","EAN/GTIN: 7899572807468",34.90,3
"Máscara de Tratamento Amino Silk Seda 300 g","08574408","Marca: Seda. Categoria: Cabelos. Tipo: Tratamentos Capilares. Embalagem: 300g. Máscara de Tratamento Amino Silk Seda 300 g Seda BELEZA CABELO MÁSCARA CAPILAR 300g Para Você Cabelos Tratamentos Capilares","Para Você","EAN/GTIN: 7891150101579",23.90,3
"Máscara de Tratamento Brilho Ceramidas Seda 300 g","08576223","Marca: Seda. Categoria: Cabelos. Tipo: Tratamentos Capilares. Embalagem: 300g. Máscara de Tratamento Brilho Ceramidas Seda 300 g Seda BELEZA CABELO MÁSCARA CAPILAR 300g Para Você Cabelos Tratamentos Capilares","Para Você","EAN/GTIN: 7891150101661",23.90,3
"Máscara de Tratamento Brilho Lamelar TRESemmé 400 g","P-ON1M","Marca: TRESemmé. Categoria: Cabelos. Tipo: Tratamentos Capilares. Embalagem: 400g. A máscara de tratamento TRESemmé Brilho Lamelar é ideal para quem busca cabelos com brilho intenso e maciez. Com sua fórmula especial, ela proporciona uma hidratação profunda, deixando os fios mais saudáveis. Disponível na Dona Antônia, em Cuiabá e Várzea Grande, é uma excelente opção para o cuidado diário dos seus cabelos.","Para Você","EAN/GTIN: 7891150091245",22.90,2
"Máscara de Tratamento Cachos Definidos Seda 300 g","10347231","Marca: Seda. Categoria: Cabelos. Tipo: Tratamentos Capilares. Embalagem: 300g. Máscara de Tratamento Cachos Definidos Seda 300 g Seda BELEZA CABELO MÁSCARA CAPILAR 300g Para Você Cabelos Tratamentos Capilares cabelo cacheado cabelo crespo cabelo ondulado definicao de cachos definir cachos","Para Você","EAN/GTIN: 7891150101678",23.90,3
"Máscara de Tratamento Detox Capilar TRESemmé 400 g","P-ZASL","Marca: TRESemmé. Categoria: Cabelos. Tipo: Tratamentos Capilares. Embalagem: 400g. A máscara de tratamento TRESemmé Detox Capilar é ideal para purificação e nutrição dos fios. Com sua fórmula especial, ela ajuda a revitalizar os cabelos, proporcionando um toque macio e saudável. Disponível na Dona Antônia, em Cuiabá e Várzea Grande, é uma excelente opção para quem busca cuidar dos cabelos de forma prática e eficaz.","Para Você","EAN/GTIN: 7891150091252",22.90,2
"Máscara de Tratamento Liso Perfeito Seda 300 g","08559941","Marca: Seda. Categoria: Cabelos. Tipo: Tratamentos Capilares. Embalagem: 300g. Máscara de Tratamento Liso Perfeito Seda 300 g Seda BELEZA CABELO MÁSCARA CAPILAR 300g Para Você Cabelos Tratamentos Capilares cabelo liso cabelo alisado efeito liso reduzir volume","Para Você","EAN/GTIN: 7891150101685",23.90,5
"Máscara de Tratamento Luminous UV 6% Glycol e Vita C Complex Seda 300 g","08427490","Marca: Seda. Categoria: Cabelos. Tipo: Tratamentos Capilares. Embalagem: 300g. Máscara de Tratamento Luminous UV 6% Glycol e Vita C Complex Seda 300 g Seda BELEZA CABELO MÁSCARA CAPILAR 300g Para Você Cabelos Tratamentos Capilares","Para Você","EAN/GTIN: 7891150099883",23.90,4
"Máscara de Tratamento Pro-Hidratação Ativa TRESemmé 400 g","P-T14H","Marca: TRESemmé. Categoria: Cabelos. Tipo: Tratamentos Capilares. Embalagem: 400g. A máscara de tratamento TRESemmé Pro-Hidratação Ativa é ideal para quem busca hidratação profunda dos cabelos. Com 400g, ela proporciona um cuidado especial, deixando os fios macios e saudáveis. Disponível na Dona Antônia, em Cuiabá e Várzea Grande, é uma excelente opção para o seu dia a dia.","Para Você","EAN/GTIN: 7891150023338",22.90,3
"Máscara Disciplinante Xapadinha Lola Cosmetics 450 g","14267621","Marca: Lola Cosmetics. Categoria: Cabelos. Tipo: Tratamentos Capilares. Embalagem: 450g. Máscara Disciplinante Xapadinha Lola Cosmetics 450 g Lola Cosmetics BELEZA CABELO MÁSCARA CAPILAR 450g Para Você Cabelos Tratamentos Capilares","Para Você","EAN/GTIN: 7899572813698",36.90,2
"Máscara Reconstrutora Argan Oil Lola Cosmetics 230 g","7899572806485","Marca: Lola Cosméticos. Categoria: Cabelos. Tipo: Tratamentos Capilares. Embalagem: 230g. A máscara reconstrutora Argan Oil da Lola Cosmetics é ideal para a hidratação de cabelos danificados. Com sua fórmula rica, proporciona uma experiência de cuidado que pode ser apreciada por quem vive em Cuiabá e Várzea Grande. É uma opção prática para quem busca revitalizar os fios sem promessas exageradas.","Para Você","EAN/GTIN: 7899572806485",28.90,2
"Milho para Pipoca Premium Amafil 500 g","P0238","Marca: Amafil. Categoria: Mercearia. Tipo: Milho para Pipoca. Embalagem: 500g. Milho para Pipoca Premium Amafil 500 g Amafil MERCEARIA BÁSICA PIPOCA MILHO PARA PIPOCA 500g Para Casa Mercearia Milho para Pipoca","Para Casa","EAN/GTIN: 7896035950013",4.39,16
"Minuano Sabão em Barra Branco 160g","P0291","Marca: Minuano. Categoria: Lavanderia. Tipo: Sabão em Barra. Embalagem: 160g. Minuano Sabão em Barra Branco 160g Minuano LAVANDERIA LAVA-ROUPAS SABÃO LÍQUIDO 160g Para Casa Lavanderia Sabão em Barra","Para Casa","EAN/GTIN: 7908324402919",3.50,2
"Minuano Sabão em Barra Glicerinado 160g","P0293","Marca: Minuano. Categoria: Lavanderia. Tipo: Sabão em Barra. Embalagem: 160g. Minuano Sabão em Barra Glicerinado 160g Minuano LAVANDERIA LAVA-ROUPAS SABÃO LÍQUIDO 160g Para Casa Lavanderia Sabão em Barra","Para Casa","EAN/GTIN: 7908324402841",2.80,2
"Mistura Láctea Mococa 395 g","2085690388","Marca: Mococa. Categoria: Mercearia. Tipo: Confeitaria. Embalagem: 395g. Mistura Láctea Mococa 395 g Mococa CONFEITARIA LEITE CONDENSADO INGREDIENTE PARA SOBREMESA 395g Para Casa Mercearia Confeitaria","Para Casa","EAN/GTIN: 7891030300207",5.49,10
"Mistura para Bolo Sabor Cenoura Emegê 400 g","7896533700608","Marca: Emegê. Categoria: Mercearia. Tipo: Confeitaria. Embalagem: 400g. A Mistura para Bolo Emegê Sabor Cenoura 400g é uma pré-mistura em pó que facilita o preparo de bolos sabor cenoura. Desenvolvida com ingredientes selecionados, como farinha de trigo enriquecida, açúcar, cenoura em pó e fermentos químicos, proporciona uma textura macia e sabor autêntico. A embalagem de 400g é ideal para o preparo de bolos de tamanho médio, sendo uma opção prática para quem busca qualidade e sabor em suas receitas.","Para Casa","EAN/GTIN: 7896533700608",4.89,60
"Molho Cheddar Billy & Jack 200 g","billyjack.cheddar.200g","Marca: Billy & Jack. Categoria: Mercearia. Tipo: Molhos e Condimentos. Embalagem: 200g. O molho cheddar da Billy & Jack é uma opção deliciosa para acompanhar seus lanches. Ideal para sanduíches, hambúrgueres e batatas fritas, ele traz um sabor cremoso que combina perfeitamente com suas refeições. Disponível em Cuiabá e Várzea Grande, é uma escolha prática e saborosa para o seu dia a dia.","Para Casa","EAN/GTIN: 7898937864900",13.90,4
"Molho Chimichurri Kinino 180 g","kinino.chimichurri.180","Marca: Kinino. Categoria: Mercearia. Tipo: Molhos e Condimentos. Embalagem: 180g. O molho Chimichurri Kinino é uma opção deliciosa para temperar carnes vermelhas, frango, porco e cordeiro. Também pode ser utilizado como ingrediente no famoso sanduíche argentino Choripán. Disponível em Cuiabá e Várzea Grande, é uma escolha prática e saborosa para suas refeições.","Para Casa","EAN/GTIN: 7897005104962",7.90,2
"Molho de Alho Maratá 150 ml","P565","Marca: Maratá. Categoria: Mercearia. Tipo: Temperos. Embalagem: 150ml. Molho de Alho Maratá 150 ml Maratá TEMPEROS TEMPERO TEMPERO PRONTO 150ml Para Casa Mercearia Temperos","Para Casa","EAN/GTIN: 7898286190361",3.90,15
"Molho de Bacon Billy & Jack 200 g","billyjack.bacon.200g","Marca: Billy & Jack. Categoria: Mercearia. Tipo: Molhos e Condimentos. Embalagem: 200g. O molho Billy & Jack Bacon é uma opção deliciosa para acompanhar seus sanduíches e hambúrgueres artesanais. Ideal para quem busca um toque especial em batatas fritas, onion rings e outros petiscos. Disponível em Cuiabá e Várzea Grande, é uma escolha prática e saborosa para suas refeições.","Para Casa","EAN/GTIN: 7898937864924",13.90,2
"Molho de Pimenta Gota 150 ml","P468","Marca: Gota. Categoria: Mercearia. Tipo: Temperos. Embalagem: 150ml. Molho de Pimenta Gota 150 ml Gota TEMPEROS PIMENTA MOLHO E CONSERVA DE PIMENTA 150ml Para Casa Mercearia Temperos","Para Casa","EAN/GTIN: 7898286190316",4.50,15
"Molho de Tomate Mastroiani Passata Di Tradicional Pomodori 680g","P-624T","Marca: Mastroiani. Categoria: Mercearia. Tipo: Molhos de Tomate. Embalagem: Frasco de vidro de 680g. O molho de tomate Mastroiani Passata Di Tradicional Pomodori é uma excelente opção para quem busca praticidade na cozinha. Ideal para preparar massas, pizzas e molhos caseiros, ele traz o sabor autêntico do tomate italiano. Disponível na Dona Antônia, em Cuiabá e Várzea Grande, é uma escolha confiável para suas receitas.","Para Casa","EAN/GTIN: 7891089044244",19.90,2
"Molho de Tomate Passata Tomate Vidro 500g","59339673","Categoria: Mercearia. Tipo: Molhos de Tomate. Embalagem: 500g. Molho de Tomate Passata Tomate Vidro 500g MACARRÃO E MOLHOS MACARRÃO MASSA SECA 500g Para Casa Mercearia Molhos de Tomate","Para Casa","EAN/GTIN: 7896272010655",17.90,1
"Molho de Tomate Pomarola Chef Manjericão Vidro 420g","779177B","Marca: Pomarola. Categoria: Mercearia. Tipo: Molhos de Tomate. Embalagem: Vidro 420g. O molho de tomate Pomarola Chef com manjericão é uma excelente opção para dar um toque especial às suas receitas. Ideal para acompanhar massas, pizzas e pratos que pedem um sabor diferenciado. Disponível em Cuiabá e Várzea Grande, é uma escolha prática e saborosa para o seu dia a dia.","Para Casa","EAN/GTIN: 7896036000274",16.90,3
"Molho de Tomate Rústico com Oliva Heinz 320 g","816017N","Marca: Heinz. Categoria: Mercearia. Tipo: Molhos de Tomate. Embalagem: 320g. Molho de Tomate Rústico com Oliva Heinz 320 g Heinz MACARRÃO E MOLHOS MACARRÃO MASSA SECA 320g Para Casa Mercearia Molhos de Tomate","Para Casa","EAN/GTIN: 7896102503241",14.90,10
"Molho de Tomate Tradicional Pomarola 420 g","pomarola.cheftrad.420","Marca: Pomarola. Categoria: Mercearia. Tipo: Molhos de Tomate. Embalagem: Vidro 420g. O molho de tomate Pomarola Tradicional é uma excelente opção para quem busca praticidade na cozinha. Ideal para preparar massas, pizzas e diversas receitas que exigem um bom molho de tomate, ele traz um sabor autêntico e caseiro. Disponível em Cuiabá e Várzea Grande, é uma escolha confiável para o seu dia a dia.","Para Casa","EAN/GTIN: 7896036000267",16.90,3
"Molho Jalapeño Billy & Jack 200 g","NOVO327043","Marca: Billy & Jack. Categoria: Mercearia. Tipo: Molhos e Condimentos. Embalagem: 200g. O molho jalapeño da Billy & Jack é uma opção deliciosa para quem busca um toque picante em seus lanches. Ideal para acompanhar sanduíches, hambúrgueres e petiscos, ele traz um sabor defumado que vai agradar a todos. Disponível na Dona Antônia, em Cuiabá e Várzea Grande, é perfeito para quem aprecia um bom molho. Experimente e adicione um novo sabor às suas refeições.","Para Casa","EAN/GTIN: 7898416520488",13.90,2
"Molho Madeira Sófruta 340 g","7896292334311","Categoria: Mercearia. Tipo: Molhos e Condimentos. Embalagem: Peso líquido 340g. O Molho Madeira Sófruta, com 340g, combina tomate e cogumelos para realçar o sabor de carnes e massas. Sua embalagem prática facilita o uso em diversas receitas.","Para Casa","EAN/GTIN: 7896292334311",3.90,4
"Molho para Chuchar Cebola, Salsa e Limão Hellmann's 335 g","hellmanns.molhochuchar.335","Marca: Hellmann's. Categoria: Mercearia. Tipo: Molhos e Condimentos. Embalagem: Bisnaga de 335g. O molho para chuchar Hellmann's é uma opção deliciosa para acompanhar seus petiscos e lanches. Ideal para sanduíches, hambúrgueres e até mesmo saladas, ele traz um sabor especial para suas refeições. Disponível na Dona Antônia, em Cuiabá e Várzea Grande, é uma escolha prática e saborosa para o seu dia a dia.","Para Casa","EAN/GTIN: 7891150107625",13.90,2
"Molho para Chuchar Cheddar Hellmann's 335 g","hellmanns.chucharcheddar.335","Marca: Hellmann's. Categoria: Mercearia. Tipo: Molhos e Condimentos. Embalagem: Bisnaga de 335g. O molho para chuchar cheddar da Hellmann's é uma opção deliciosa para acompanhar suas batatas fritas, nachos e empanados. Com um sabor intenso de cheddar, ele é perfeito para quem busca um toque especial nas refeições. Disponível em Cuiabá e Várzea Grande, é uma escolha prática e saborosa para o seu dia a dia.","Para Casa","EAN/GTIN: 7891150107632",13.90,2
"Molho para Lanches Tasty Sabor Defumado Billy & Jack 200 g","P-R97B","Marca: Billy & Jack. Categoria: Mercearia. Tipo: Molhos e Condimentos. Embalagem: 200g. O molho Billy & Jack Tasty é uma opção deliciosa para quem busca um toque especial em seus sanduíches e hambúrgueres. Com um sabor defumado e um leve toque picante, ele é ideal para acompanhar petiscos e lanches. Disponível em Cuiabá e Várzea Grande, esse molho promete trazer um sabor diferenciado para suas refeições.","Para Casa","EAN/GTIN: 7898416520471",13.90,2
"Molho para Salada Limão Oruam 1 un","86005789","Marca: Oruam. Categoria: Mercearia. Tipo: Molhos e Condimentos. Embalagem: Unidade. Molho para Salada Limão Oruam 1 un Oruam MOLHOS E CONDIMENTOS MOLHOS ESPECIAIS MOLHO PARA SALADA Unidade Para Casa Mercearia Molhos e Condimentos","Para Casa","EAN/GTIN: 7896832701283",8.90,2
"Molho para Salada Queijos, Ervas e Especiarias Liza 234 ml","P-RWMG","Marca: Liza. Categoria: Mercearia. Tipo: Molhos e Condimentos. Embalagem: 234ml. Molho para Salada Queijos, Ervas e Especiarias Liza 234 ml Liza MOLHOS E CONDIMENTOS MOLHOS ESPECIAIS MOLHO PARA SALADA 234ml Para Casa Mercearia Molhos e Condimentos","Para Casa","EAN/GTIN: 7896036090893",8.90,5
"Molho para Salada Rosé Liza 234 ml","P-Y9LR","Marca: Liza. Categoria: Mercearia. Tipo: Molhos e Condimentos. Embalagem: 234ml. Molho para Salada Rosé Liza 234 ml Liza MOLHOS E CONDIMENTOS MOLHOS ESPECIAIS MOLHO PARA SALADA 234ml Para Casa Mercearia Molhos e Condimentos","Para Casa","EAN/GTIN: 7896036090909",9.50,4
"Molho para Salada Rosé Oruam","57029642","Marca: Oruam. Categoria: Mercearia. Tipo: Molhos e Condimentos. Embalagem: Unidade. Molho para Salada Rosé Oruam Oruam MOLHOS E CONDIMENTOS MOLHOS ESPECIAIS MOLHO PARA SALADA Unidade Para Casa Mercearia Molhos e Condimentos","Para Casa","EAN/GTIN: 7896832701351",8.90,2
"Molho Passata de Tomate Fugini 300 g","3472870980","Marca: Fugini. Categoria: Mercearia. Tipo: Molhos de Tomate. Embalagem: 300g. Molho Passata de Tomate Fugini 300 g Fugini MACARRÃO E MOLHOS MACARRÃO MASSA SECA 300g Para Casa Mercearia Molhos de Tomate","Para Casa","EAN/GTIN: 7897517206567",4.69,20
"Molho Sabor Chipotle Billy & Jack 200 g","P-IYM5","Marca: Billy & Jack. Categoria: Mercearia. Tipo: Molhos e Condimentos. Embalagem: 200g. O molho Billy & Jack sabor chipotle é uma excelente opção para quem busca um toque defumado e picante em seus lanches. Ideal para acompanhar sanduíches, hambúrgueres e batatas fritas, ele traz um sabor especial que pode ser apreciado em Cuiabá e Várzea Grande. Experimente e descubra como ele pode transformar suas refeições.","Para Casa","EAN/GTIN: 7898937864917",13.90,1
"Molho Shoyu Campilar 150 ml","7896547908717","Categoria: Mercearia. Tipo: Molhos e Condimentos. Embalagem: 150 ml. O Molho Shoyu Campilar é um molho de soja fermentado, apresentado em embalagem PET de 150 ml. Este produto é caracterizado por ser baixo em sódio, oferecendo uma opção mais saudável para temperar diversos pratos. Ideal para realçar o sabor de carnes, saladas e pratos da culinária oriental, como sushis e sashimis.","Para Casa","EAN/GTIN: 7896547908717",3.90,3
"Molho Shoyu Cepêra 1 L","P-F2FF","Marca: Cepêra. Categoria: Mercearia. Tipo: Molhos e Condimentos. Embalagem: 1 LITRO. Molho Shoyu Cepêra 1 L Cepêra MOLHOS E CONDIMENTOS MOLHOS ESPECIAIS MOLHO SHOYU 1 LITRO Para Casa Mercearia Molhos e Condimentos","Para Casa","EAN/GTIN: 7896025802872",18.90,1
"Monange Desodorante Hidratante Extrato de Oliva 400ml","P75GF","Marca: Monange. Categoria: Higiene Pessoal. Tipo: Desodorantes. Embalagem: 400ml. Monange Desodorante Hidratante Extrato de Oliva 400ml Monange DESODORANTE AEROSOL DESODORANTE AEROSSOL 400ml Para Você Higiene Pessoal Desodorantes","Para Você","EAN/GTIN: 7898919412303",17.90,10
"Monange Desodorante Hidratante Flor de Lavanda 400ml","340149A","Marca: Monange. Categoria: Higiene Pessoal. Tipo: Desodorantes. Embalagem: 400ml. Monange Desodorante Hidratante Flor de Lavanda 400ml Monange DESODORANTE AEROSOL DESODORANTE AEROSSOL 400ml Para Você Higiene Pessoal Desodorantes","Para Você","EAN/GTIN: 7898919412280",17.90,1
"Monange Desodorante Hidratante Iogurte e Aveia 200ml","P-VWSX","Marca: Monange. Categoria: Higiene Pessoal. Tipo: Desodorantes. Embalagem: 200ml. Monange Desodorante Hidratante Iogurte e Aveia 200ml Monange DESODORANTE AEROSOL DESODORANTE AEROSSOL 200ml Para Você Higiene Pessoal Desodorantes","Para Você","EAN/GTIN: 7898919412341",9.90,5
"Monange Hidratante Corporal Coty Antissinais Hialu 400ml","355421Z","Marca: Monange. Categoria: Beleza e Cuidados. Tipo: Cuidados Corporais. Embalagem: 400ml. Monange Hidratante Corporal Coty Antissinais Hialu 400ml Monange BELEZA CORPO HIDRATANTE CORPORAL 400ml Para Você Beleza e Cuidados Cuidados Corporais cabelo seco cabelo ressecado ressecamento hidratar cabelo maciez","Para Você","EAN/GTIN: 7896235354635",24.90,3
"Mostarda com Mel Cepêra 400 g","106502Q","Marca: Cepêra. Categoria: Mercearia. Tipo: Molhos e Condimentos. Embalagem: 400g. Mostarda com Mel Cepêra 400 g Cepêra MOLHOS E CONDIMENTOS MOSTARDA MOLHO PARA LANCHES 400g Para Casa Mercearia Molhos e Condimentos","Para Casa","EAN/GTIN: 7896025803718",11.90,8
"Mostarda Escura Heinz 235 g","950555S","Marca: Heinz. Categoria: Mercearia. Tipo: Molhos e Condimentos. Embalagem: 235g. Mostarda Escura Heinz 235 g Heinz MOLHOS E CONDIMENTOS MOSTARDA MOLHO PARA LANCHES 235g Para Casa Mercearia Molhos e Condimentos","Para Casa","EAN/GTIN: 7896102502282",19.90,3
"Mostarda Sachê com Bico Fugini 180 g","P0245","Marca: Fugini. Categoria: Mercearia. Tipo: Molhos e Condimentos. Embalagem: 180g. Mostarda Sachê com Bico Fugini 180 g Fugini MOLHOS E CONDIMENTOS MOSTARDA MOLHO PARA LANCHES 180g Para Casa Mercearia Molhos e Condimentos","Para Casa","EAN/GTIN: 7897517207595",3.49,18
"Mostarda Tradicional Heinz 255 g","934054L","Marca: Heinz. Categoria: Mercearia. Tipo: Molhos e Condimentos. Embalagem: 255g. Mostarda Tradicional Heinz 255 g Heinz MOLHOS E CONDIMENTOS MOSTARDA MOLHO PARA LANCHES 255g Para Casa Mercearia Molhos e Condimentos","Para Casa","EAN/GTIN: 7896102503715",17.90,7
"Nadir Jogo 6 Copos Ligts 300ml","0710280190","Marca: Nadir. Categoria: Casa e Utilidades. Tipo: Cozinha. Embalagem: 300ml. Nadir Jogo 6 Copos Ligts 300ml Nadir UTENSÍLIOS E UTILIDADES COZINHA COPOS, GARRAFAS E POTES 300ml Para Casa Casa e Utilidades Cozinha","Para Casa","EAN/GTIN: 7891155054122",24.90,2
"Naturale Aveia em Flocos 170g","P566","Marca: Naturale. Categoria: Mercearia. Tipo: Café. Embalagem: 170g. Naturale Aveia em Flocos 170g Naturale CAFÉ DA MANHÃ CAFÉ CAFÉ TORRADO E MOÍDO 170g Para Casa Mercearia Café","Para Casa","EAN/GTIN: 7898055421504",3.60,1
"Naturale Aveia em Flocos Finos 170g","P567","Marca: Naturale. Categoria: Mercearia. Tipo: Café. Embalagem: 170g. Naturale Aveia em Flocos Finos 170g Naturale CAFÉ DA MANHÃ CAFÉ CAFÉ TORRADO E MOÍDO 170g Para Casa Mercearia Café","Para Casa","EAN/GTIN: 7898055421511",3.49,3
"Necessaire de PVC Transparente Color 23X11Cm","P361","Categoria: Casa e Utilidades. Tipo: Utilidades Domésticas. Embalagem: 23X11Cm. Necessaire de PVC Transparente Color 23X11Cm UTENSÍLIOS E UTILIDADES CASA ORGANIZAÇÃO DA CASA 23X11Cm Para Casa Casa e Utilidades Utilidades Domésticas","Para Casa","EAN/GTIN: 7898745175175",3.40,3
"Necessaire de PVC Transparente Color 23X17Cm","P362","Categoria: Casa e Utilidades. Tipo: Utilidades Domésticas. Embalagem: 23X17Cm. Necessaire de PVC Transparente Color 23X17Cm UTENSÍLIOS E UTILIDADES CASA ORGANIZAÇÃO DA CASA 23X17Cm Para Casa Casa e Utilidades Utilidades Domésticas","Para Casa","EAN/GTIN: 7898745175168",3.90,3
"Nhoque de Batata Santa Távola 500 g","736532439277","Marca: Santa Távola. Categoria: Mercearia. Tipo: Massas. Embalagem: 500g. O Nhoque de Batata Santa Tavola 500g é uma massa pré-cozida, pronta para consumo após 2 minutos de cozimento. Apresenta formato tradicional de nhoque, ideal para ser servido com diversos tipos de molhos. Sua embalagem de 500g é prática para preparos individuais ou em família.","Para Casa","EAN/GTIN: 736532439277",12.90,3
"NIVEA Desodorante Roll-On Feminino Black & White Cl 50ml","8381570778","Categoria: Higiene Pessoal. Tipo: Desodorantes. Embalagem: 50ml. O NIVEA Desodorante Roll-On Feminino Black & White é ideal para o uso diário, proporcionando proteção contra odores e um toque suave na pele. Com sua fórmula leve, é perfeito para quem busca frescor e conforto ao longo do dia. Disponível em Cuiabá e Várzea Grande, é uma escolha prática para a rotina de cuidados pessoais.","Para Você","EAN/GTIN: 4005900036704",11.90,10
"NIVEA Hidratante Milk Pele Seca A Extrasseca 400ml","561846X","Marca: NIVEA. Categoria: Beleza e Cuidados. Tipo: Cuidados Corporais. Embalagem: 400ml. O NIVEA Hidratante Milk é ideal para quem busca hidratação intensa para peles secas e extrassecas. Com sua fórmula leve, ele é facilmente absorvido, proporcionando uma sensação de conforto e suavidade. Perfeito para o uso diário, é uma excelente opção para quem vive em Cuiabá e Várzea Grande, onde o clima pode ressecar a pele. Experimente e sinta a diferença na sua rotina de cuidados.","Para Você","EAN/GTIN: 4005808315697",29.50,9
"Novex Kit Shampoo e Condicionador Super Babosão 300ml","559131V","Marca: Novex. Categoria: Cabelos. Tipo: Kits de Shampoo e Condicionador. Embalagem: 300ml. Novex Kit Shampoo e Condicionador Super Babosão 300ml Novex SHAMPOO E CONDICIONADOR KIT SHAMPOO E CONDICIONADOR KIT CAPILAR 300ml Para Você Cabelos Kits de Shampoo e Condicionador","Para Você","EAN/GTIN: 7896013567080",21.90,6
"Odorizador de Ambiente Talco Baby Ar Gradável 400 ml","P538967","Marca: Gradável. Categoria: Limpeza. Tipo: Aromatizadores e Ambiente. Embalagem: 400ml. Odorizador de Ambiente Talco Baby Ar Gradável 400 ml Gradável HIGIENE TALCO TALCO CORPORAL E PARA PÉS 400ml Para Casa Limpeza Aromatizadores e Ambiente","Para Casa","EAN/GTIN: 7898374663302",13.90,3
"Oeste Desinfetante Lavanda 2 Litros","P0126","Marca: Oeste. Categoria: Limpeza. Tipo: Desinfetantes. Embalagem: 2 Litros. Oeste Desinfetante Lavanda 2 Litros Oeste LIMPEZA DESINFETANTE DESINFETANTE DOMÉSTICO 2 Litros Para Casa Limpeza Desinfetantes","Para Casa","EAN/GTIN: 7898247330829",6.50,7
"Olé Extrato de Tomate Óleo Copo Desenhos 190g","P0149","Marca: Olé. Categoria: Mercearia. Tipo: Molhos de Tomate. Embalagem: 190g. Olé Extrato de Tomate Óleo Copo Desenhos 190g Olé MACARRÃO E MOLHOS MACARRÃO MASSA SECA 190g Para Casa Mercearia Molhos de Tomate","Para Casa","EAN/GTIN: 7891032015550",5.49,3
"Óleo Bemdita Ghee de Mamão Lola Cosmetics 50 ml","559778V","Marca: Lola Cosmetics. Categoria: Cabelos. Tipo: Óleos e Séruns Capilares. Embalagem: 50ml. Óleo Bemdita Ghee de Mamão Lola Cosmetics 50 ml Lola Cosmetics BELEZA CABELO ÓLEO E SÉRUM CAPILAR 50ml Para Você Cabelos Óleos e Séruns Capilares","Para Você","EAN/GTIN: 7899572814404",29.90,2
"Óleo Capilar Disciplinante Antifrizz Goiaba Lola Cosmetics 50 ml","xapadinha.oleo.50","Marca: Lola Cosmetics. Categoria: Cabelos. Tipo: Óleos e Séruns Capilares. Embalagem: Frasco de 50ml. O Óleo Capilar Disciplinante Antifrizz da Lola Cosmetics é ideal para quem busca controlar o frizz e hidratar os cabelos. Com sua fórmula leve, ele proporciona brilho e maciez, tornando os fios mais fáceis de pentear. A Dona Antônia oferece este produto em Cuiabá e Várzea Grande, garantindo praticidade no seu dia a dia.","Para Você","EAN/GTIN: 7899572813766",25.90,2
"Óleo Capilar Pinga! Patauá e Moringa Lola Cosmetics 50 ml","P-NP6Y","Marca: Lola Cosmetics. Categoria: Cabelos. Tipo: Óleos e Séruns Capilares. Embalagem: 50ml. Óleo Capilar Pinga! Patauá e Moringa Lola Cosmetics 50 ml Lola Cosmetics BELEZA CABELO ÓLEO E SÉRUM CAPILAR 50ml Para Você Cabelos Óleos e Séruns Capilares","Para Você","EAN/GTIN: 7899572810208",23.90,2
"Óleo Capilar Pro-V Miracles Queratina Pantene 95 ml","163352L","Marca: Pantene. Categoria: Cabelos. Tipo: Óleos e Séruns Capilares. Embalagem: 95ml. O óleo capilar milagroso da Pantene é ideal para quem busca nutrição e brilho para os cabelos. Com sua fórmula enriquecida com queratina, ele pode ser aplicado em cabelos secos ou molhados, proporcionando proteção contra danos térmicos. Disponível na Dona Antônia, em Cuiabá e Várzea Grande, é uma opção prática e eficaz para o cuidado diário dos fios.","Para Você","EAN/GTIN: 7500435240512",31.90,7
"Óleo Corporal Flor de Baunilha Paixão 100 ml","685653K","Marca: Paixão. Categoria: Beleza e Cuidados. Tipo: Cuidados Corporais. Embalagem: 100ml. Óleo Corporal Flor de Baunilha Paixão 100 ml Paixão BELEZA CORPO ÓLEO CORPORAL 100ml Para Você Beleza e Cuidados Cuidados Corporais","Para Você","EAN/GTIN: 7896235354048",16.90,2
"Óleo Corporal Flor de Liz Paixão 200 ml","31464431","Marca: Paixão. Categoria: Beleza e Cuidados. Tipo: Cuidados Corporais. Embalagem: 200ml. Óleo Corporal Flor de Liz Paixão 200 ml Paixão BELEZA CORPO ÓLEO CORPORAL 200ml Para Você Beleza e Cuidados Cuidados Corporais","Para Você","EAN/GTIN: 78914940",27.90,3
"Óleo de Soja Liza 900 ml","P0248","Marca: Liza. Categoria: Mercearia. Tipo: Óleos. Embalagem: 900ml. Óleo de Soja Liza 900 ml Liza MERCEARIA BÁSICA ÓLEO ÓLEO DE COZINHA 900ml Para Casa Mercearia Óleos","Para Casa","EAN/GTIN: 7896036090244",6.79,101
"Óleo e Sérum Bifásico UV Repair & Glow + Ferúlico Dove 100 ml","P-1BAF","Marca: Dove. Categoria: Cabelos. Tipo: Óleos e Séruns Capilares. Embalagem: 100ml. Óleo e Sérum Bifásico UV Repair & Glow + Ferúlico Dove 100 ml Dove BELEZA CABELO ÓLEO E SÉRUM CAPILAR 100ml Para Você Cabelos Óleos e Séruns Capilares cabelo danificado cabelo fraco quebra dos fios fortalecer cabelo reparar danos","Para Você","EAN/GTIN: 7891150102798",29.90,2
"Óleo em Gel Boom Volumão Power Seda 190 ml","733835P","Marca: Seda. Categoria: Cabelos. Tipo: Óleos e Séruns Capilares. Embalagem: 190ml. Óleo em Gel Boom Volumão Power Seda 190 ml Seda BELEZA CABELO ÓLEO E SÉRUM CAPILAR 190ml Para Você Cabelos Óleos e Séruns Capilares","Para Você","EAN/GTIN: 7891150096240",23.90,1
"Óleo Extraordinário Elseve 100 ml","18271653","Marca: Elseve. Categoria: Cabelos. Tipo: Óleos e Séruns Capilares. Embalagem: 100ml. Óleo Extraordinário Elseve 100 ml Elseve BELEZA CABELO ÓLEO E SÉRUM CAPILAR 100ml Para Você Cabelos Óleos e Séruns Capilares","Para Você","EAN/GTIN: 7899026478909",34.90,7
"Óleo Labial Melu Néctar do Paraíso Gloss Max Love 5 ml","P-QYRZ","Marca: Max Love. Categoria: Beleza e Cuidados. Tipo: Lábios. Embalagem: 5ml. Óleo Labial Melu Néctar do Paraíso Gloss Max Love 5 ml Max Love BELEZA BOCA LIP OIL E GLOSS 5ml Para Você Beleza e Cuidados Lábios","Para Você","EAN/GTIN: 7908240522609",15.90,2
"Óleo Pinga Açaí e Pracaxi Lola Cosmetics 50 ml","P-8831","Marca: Lola Cosmetics. Categoria: Cabelos. Tipo: Óleos e Séruns Capilares. Embalagem: 50ml. Óleo Pinga Açaí e Pracaxi Lola Cosmetics 50 ml Lola Cosmetics BELEZA CABELO ÓLEO E SÉRUM CAPILAR 50ml Para Você Cabelos Óleos e Séruns Capilares","Para Você","EAN/GTIN: 7899572810192",24.90,2
"Óleo Reparador Danos Vorazes Lola Cosmetics 50 ml","14516745","Marca: Lola Cosmetics. Categoria: Cabelos. Tipo: Óleos e Séruns Capilares. Embalagem: 50ml. Óleo Reparador Danos Vorazes Lola Cosmetics 50 ml Lola Cosmetics BELEZA CABELO ÓLEO E SÉRUM CAPILAR 50ml Para Você Cabelos Óleos e Séruns Capilares","Para Você","EAN/GTIN: 7899572812158",21.90,3
"Óleo Reparador de Argan Lola Cosmetics 50 ml","14518814","Marca: Lola Cosmetics. Categoria: Cabelos. Tipo: Óleos e Séruns Capilares. Embalagem: 50ml. Óleo Reparador de Argan Lola Cosmetics 50 ml Lola Cosmetics BELEZA CABELO ÓLEO E SÉRUM CAPILAR 50ml Para Você Cabelos Óleos e Séruns Capilares","Para Você","EAN/GTIN: 7899572810383",19.90,12
"Óleo S.O.S Cachos 10 em 1 Salon Line 42 ml","salonline.10em1.42","Marca: Salon Line. Categoria: Cabelos. Tipo: Óleos e Séruns Capilares. Embalagem: 42ml. O Óleo S.O.S Cachos da Salon Line é um produto multifuncional que oferece 10 benefícios para cabelos cacheados, ondulados e crespos. Com uma fragrância suave, ele ajuda a hidratar, nutrir e controlar o frizz, proporcionando brilho intenso e maciez profunda. Ideal para o uso diário, pode ser aplicado em cabelos úmidos ou secos. Disponível na Dona Antônia, em Cuiabá e Várzea Grande.","Para Você","EAN/GTIN: 7908458322596",19.90,1
"Orégano Desidratado Real Sabor 8 g","7899767334748","Marca: Real sabor. Categoria: Mercearia. Tipo: Temperos. Embalagem: 8g. Orégano desidratado da marca Lida Real Sabor, embalado em pacote de 100 gramas, ideal para temperar pizzas, feijão branco, berinjelas e frituras.","Para Casa","EAN/GTIN: 7899767334748",1.89,3
"Orégano Diodoro 5 g","diodoro.oregano.01","Marca: Diodoro. Categoria: Mercearia. Tipo: Temperos. Embalagem: 5g. O orégano Diodoro é um tempero desidratado ideal para realçar o sabor de pizzas, molhos, saladas e carnes. Com sua embalagem de 5g, é prático para o dia a dia e pode ser encontrado facilmente em Cuiabá e Várzea Grande. Conserve em local seco e arejado, longe da luz e da umidade para manter suas propriedades.","Para Casa","EAN/GTIN: 7898568540273",2.69,13
"Orégano Itapero 8 g","7895639000063","Marca: Itapero. Categoria: Mercearia. Tipo: Temperos. Embalagem: 8g. Orégano desidratado e triturado, embalagem de 8g, marca Lida Itapero, EAN 7895639000063. NÃO CONTÉM GLÚTEN. Conservar em local limpo, seco e arejado.","Para Casa","EAN/GTIN: 7895639000063",1.89,7
"Oruam Molho para Salada Kisabor - Caesar Unidade","2970060709","Marca: Oruam. Categoria: Mercearia. Tipo: Molhos e Condimentos. Embalagem: Unidade. Oruam Molho para Salada Kisabor - Caesar Unidade Oruam MOLHOS E CONDIMENTOS MOLHOS ESPECIAIS MOLHO PARA SALADA Unidade Para Casa Mercearia Molhos e Condimentos","Para Casa","EAN/GTIN: 7898416527517",8.90,4
"Ovo - 1 Duzia Unidade","15026198","Categoria: Mercearia. Tipo: Ovos. Embalagem: Unidade. Ovo - 1 Duzia Unidade CAFÉ DA MANHÃ OVOS OVOS DE GALINHA Unidade Para Casa Mercearia Ovos","Para Casa","EAN/GTIN: 2716150261984",9.50,101
"Pá de Lixo com Cabo Curto de Plástico Guirado 1 un","P0251","Marca: Guirado. Categoria: Limpeza. Tipo: Acessórios de Limpeza. Embalagem: 1un. Pá de Lixo com Cabo Curto de Plástico Guirado 1 un Guirado LIMPEZA VASSOURA, RODO E PÁ ACESSÓRIO DE LIMPEZA 1un Para Casa Limpeza Acessórios de Limpeza","Para Casa","EAN/GTIN: 7897388600266",3.90,8
"Paixão Desodorante Hidratante Corporal Inspiradora 400ml","124285W","Marca: Paixão. Categoria: Beleza e Cuidados. Tipo: Cuidados Corporais. Embalagem: 400ml. Paixão Desodorante Hidratante Corporal Inspiradora 400ml Paixão DESODORANTE AEROSOL DESODORANTE AEROSSOL 400ml Para Você Beleza e Cuidados Cuidados Corporais","Para Você","EAN/GTIN: 7898919412259",22.90,2
"Pano de Limpeza Cru Pratic 40 x 70 cm","P0303","Marca: Pratic. Categoria: Limpeza. Tipo: Panos de Limpeza. Embalagem: Unidade. Pano de Limpeza Cru Pratic 40 x 70 cm Pratic LIMPEZA PANOS E PAPÉIS PANO DE LIMPEZA Unidade Para Casa Limpeza Panos de Limpeza","Para Casa","EAN/GTIN: 7898923102016",4.90,5
"Pano de Limpeza Xadrez Dona Antônia 70 x 40 cm","92238569","Categoria: Limpeza. Tipo: Panos de Limpeza. Embalagem: 70x40cm. O pano de limpeza xadrez da Dona Antônia é ideal para a limpeza de pisos, móveis e utensílios domésticos. Com seu tamanho de 70x40cm, ele proporciona praticidade e eficiência nas tarefas do dia a dia. Disponível em Cuiabá e Várzea Grande, é uma escolha confiável para quem busca qualidade na limpeza.","Para Casa","EAN/GTIN: 2711922385691",6.90,25
"Pano de Microfibra Cores Diversas Copalimpa 35 x 40 cm","P0253","Marca: Copalimpa. Categoria: Limpeza. Tipo: Panos de Limpeza. Embalagem: 35X40 Cm. Pano de Microfibra Cores Diversas Copalimpa 35 x 40 cm Copalimpa LIMPEZA PANOS E PAPÉIS PANO DE LIMPEZA 35X40 Cm Para Casa Limpeza Panos de Limpeza","Para Casa","EAN/GTIN: 7896566950124",4.80,12
"Pano de Microfibra Super Plásticos 3 un 30 x 30 cm","superplasticos.pano.3030","Marca: Super Plásticos. Categoria: Limpeza. Tipo: Panos de Limpeza. Embalagem: 3 unidades. Pano de Microfibra Super Plásticos 3 un 30 x 30 cm Super Plásticos LIMPEZA PANOS E PAPÉIS PANO DE LIMPEZA 3 unidades Para Casa Limpeza Panos de Limpeza","Para Casa","EAN/GTIN: 7898910321406",13.90,3
"Pano de Prato Ecológico Alta Absorção Cru 70 x 45 cm","72375371","Categoria: Casa e Utilidades. Tipo: Cozinha. Embalagem: 70X45Cm. Pano de Prato Ecológico Alta Absorção Cru 70 x 45 cm LIMPEZA PANOS E PAPÉIS PANO DE LIMPEZA 70X45Cm Para Casa Casa e Utilidades Cozinha","Para Casa","EAN/GTIN: 2713723753716",5.90,8
"Pano de Rosto de Algodão Cores Variadas 20 x 30 cm 1 un","73970090","Categoria: Limpeza. Tipo: Panos de Limpeza. Embalagem: 20X30Cm. Pano de Rosto de Algodão Cores Variadas 20 x 30 cm 1 un LIMPEZA PANOS E PAPÉIS PANO DE LIMPEZA 20X30Cm Para Casa Limpeza Panos de Limpeza","Para Casa","EAN/GTIN: 2713739700902",2.50,27
"Papel Higiênico Branquíssimo e Fofíssimo Folha Simples Personal 16 rolos","7896110005874","Marca: Personal. Categoria: Higiene Pessoal. Tipo: Papel Higiênico. Embalagem: 16 rolos. Papel Higiênico Branquíssimo e Fofíssimo Folha Simples Personal 16 rolos Personal HIGIENE PAPEL HIGIÊNICO PAPEL HIGIÊNICO 16 rolos Para Você Higiene Pessoal Papel Higiênico","Para Você","EAN/GTIN: 7896110005874",12.90,10
"Papel Higiênico Branquíssimo e Fofíssimo Lavanda de Provence Personal 8 rolos de 30 m","7896110003924","Marca: Personal. Categoria: Higiene Pessoal. Tipo: Papel Higiênico. Embalagem: 8 rolos. Personal Branquíssimo e Fofíssimo é um papel higiênico de folha simples, dermatologicamente testado, com fragrância de lavanda de provence. Cada rolo possui 30 metros de comprimento por 10 cm de largura, totalizando 240 metros por embalagem. A embalagem contém 8 rolos, totalizando 240 metros de papel higiênico.","Para Você","EAN/GTIN: 7896110003924",10.90,12
"Papel Higiênico Folha Dupla Duetto 4 rolos de 30 m","A1001","Marca: Duetto. Categoria: Higiene Pessoal. Tipo: Papel Higiênico. Embalagem: 4 rolos. Papel Higiênico Folha Dupla Duetto 4 rolos de 30 m Duetto HIGIENE PAPEL HIGIÊNICO PAPEL HIGIÊNICO 4 rolos Para Você Higiene Pessoal Papel Higiênico","Para Você","EAN/GTIN: 7896026850155",7.49,1
"Papel Higiênico Folha Dupla Neutro Duetto 4 rolos de 30 m","7896026850148","Marca: Duetto. Categoria: Higiene Pessoal. Tipo: Papel Higiênico. Embalagem: 4 rolos de 30 m. O Papel Higiênico Duetto Folha Dupla Neutro é composto por 4 rolos de 30 metros cada, totalizando 120 metros de papel. Cada rolo possui 10 cm de largura, oferecendo maior área de uso. O produto é dermatologicamente testado, garantindo segurança e conforto. Ideal para uso doméstico e profissional, proporciona limpeza eficiente e suave.","Para Você","EAN/GTIN: 7896026850148",7.99,12
"Papel Higiênico Folha Dupla Neve 12 rolos de 30 m","neve.papelhigienico.12","Marca: Neve. Categoria: Higiene Pessoal. Tipo: Papel Higiênico. Embalagem: 12 rolos de 30 metros cada. O papel higiênico Neve Folha Dupla é ideal para garantir a higiene pessoal de toda a família. Com 12 rolos de 30 metros cada, ele proporciona maciez e resistência, sendo uma escolha prática para o dia a dia. Disponível na Dona Antônia, em Cuiabá e Várzea Grande, é um produto que atende às suas necessidades com confiança.","Para Você","EAN/GTIN: 7891172523410",27.90,5
"Papel Higiênico Folha Dupla Neve 4 rolos de 30 m x 10 cm","7891172421174","Marca: Neve. Categoria: Higiene Pessoal. Tipo: Papel Higiênico. Embalagem: Contém 4 Rolos de 30m x 10cm. O Papel Higiênico Neve Folha Dupla oferece 4 rolos de 30 metros cada, com folhas duplas que garantem maior maciez e resistência. Possui a Tecnologia Dermacare, que mantém o pH natural da pele, e é certificado pelo FSC®, assegurando manejo responsável da matéria-prima.","Para Você","EAN/GTIN: 7891172421174",12.90,20
"Papel Higiênico Folha Simples Personal 4 rolos de 30 m","7896110091440","Marca: Personal. Categoria: Higiene Pessoal. Tipo: Papel Higiênico. Embalagem: 4 Rolos. O Papel Higiênico Personal Folha Simples oferece 4 rolos de 30 metros cada, totalizando 120 metros de papel higiênico de folha simples. Produzido com 100% de fibras celulósicas, destaca-se por sua alvura e maciez, além de possuir boa resistência mesmo em estado úmido. Cada folha possui 10 cm de largura, proporcionando conforto e eficiência no uso diário.","Para Você","EAN/GTIN: 7896110091440",5.99,6
"Papel Higiênico Soberano 4 x 30 m, 4 rolos","A102","Marca: Soberano. Categoria: Higiene Pessoal. Tipo: Papel Higiênico. Embalagem: 4 rolos. Papel Higiênico Soberano 4 x 30 m, 4 rolos Soberano HIGIENE PAPEL HIGIÊNICO PAPEL HIGIÊNICO 4 rolos Para Você Higiene Pessoal Papel Higiênico","Para Você","EAN/GTIN: 7898901374107",5.29,3
"Papel Higiênico Stylus Folha Dupla 20m 12 Rolos","stylus.papelhigienico.12","Marca: Stylus. Categoria: Higiene Pessoal. Tipo: Papel Higiênico. Embalagem: 12 rolos de 30 metros cada. O papel higiênico Stylus Folha Dupla é ideal para garantir a higiene pessoal de toda a família. Com 12 rolos de 20 metros cada, ele proporciona maciez e resistência, sendo uma escolha prática para o dia a dia. Disponível na Dona Antônia, em Cuiabá e Várzea Grande, é um produto que atende às suas necessidades com confiança.","Para Você","EAN/GTIN: 7896026801225",12.90,23
"Papel-alumínio Super 4 m","P0255","Categoria: Casa e Utilidades. Tipo: Cozinha. Embalagem: Unidade. Papel-alumínio Super 4 m UTENSÍLIOS E UTILIDADES COZINHA UTENSÍLIO DE COZINHA Unidade Para Casa Casa e Utilidades Cozinha","Para Casa","EAN/GTIN: 7898924343272",6.90,21
"Papel-toalha Multiuso Clássica Snob 120 folhas, 2 rolos","7896110012148","Marca: Snob. Categoria: Limpeza. Tipo: Papel Toalha. Embalagem: 2 ROLOS. Papel-toalha Multiuso Clássica Snob 120 folhas, 2 rolos Snob LIMPEZA PANOS E PAPÉIS PAPEL TOALHA 2 ROLOS Para Casa Limpeza Papel Toalha","Para Casa","EAN/GTIN: 7896110012148",9.90,3
"Páprica Defumada Itapero 25 g","7895639000155","Marca: Itapero. Categoria: Mercearia. Tipo: Temperos. Embalagem: 25g. Páprica defumada em embalagem de 25g, ideal para realçar o sabor e a coloração de diversas preparações culinárias.","Para Casa","EAN/GTIN: 7895639000155",1.89,5
"Páprica Doce Itapero 30 g","7895639000179","Marca: Itapero. Categoria: Mercearia. Tipo: Temperos. Embalagem: 30g. Páprica doce da marca Itapero, embalagem de 30g, EAN 7895639000179. Ingredientes: Páprica, farinha de milho enriquecida com ferro e ácido fólico, óleo de soja e corante natural de urucum. NÃO CONTÉM GLÚTEN, CONTÉM GMO, CONTÉM DERIVADOS DE SOJA, CONTÉM FARINHA DE MILHO OGM.","Para Casa","EAN/GTIN: 7895639000179",1.89,7
"Paraná Palito Dental com Unidade","P0252","Marca: Paraná. Categoria: Higiene Pessoal. Tipo: Higiene Bucal. Embalagem: Unidade. Paraná Palito Dental com Unidade Paraná HIGIENE HIGIENE BUCAL PALITO DENTAL Unidade Para Você Higiene Pessoal Higiene Bucal","Para Você","EAN/GTIN: 7896080900001",0.99,19
"Pastilha Drops Menta Mentol Freegells 27,9 g","7891151039796","Categoria: Mercearia. Tipo: Balas e Chicletes. Embalagem: 27,9g. Pastilha Drops Freegells Menta Mentol 27,9g oferece sabor intenso de menta, colorido e aromatizado artificialmente, ideal para refrescar o hálito. Embalagem de 27,9g.","Para Casa","EAN/GTIN: 7891151039796",1.99,30
"Patê de Biquinho Alho e Cebola Kinino 190 g","kinino.biquinho.190","Marca: Kinino. Categoria: Mercearia. Tipo: Patês. Embalagem: 190g. O patê de biquinho alho e cebola Kinino é uma opção deliciosa para acompanhar pães, torradas e queijos. Com um sabor marcante, ele traz um toque especial aos seus petiscos. Ideal para quem busca um condimento prático e saboroso, disponível na Dona Antônia em Cuiabá e Várzea Grande.","Para Casa","EAN/GTIN: 7897005104979",7.99,2
"Patê de Pimenta Biquinho Castelo 220 g","castelo.patepimenta.220","Marca: Castelo. Categoria: Mercearia. Tipo: Patês. Embalagem: 220g. O patê de pimenta biquinho da Castelo é uma opção saborosa para quem busca um acompanhamento diferenciado. Ideal para ser servido com pães, torradas e biscoitos, ele também é uma ótima escolha para festas e eventos. Em Cuiabá e Várzea Grande, o patê é uma presença garantida nas mesas, trazendo um toque especial aos aperitivos.","Para Casa","EAN/GTIN: 7898922618075",19.90,4
"Pedra Sanitária Desodorizante Genial 1 un","72392694","Marca: Genial. Categoria: Limpeza. Tipo: Limpeza de Banheiro. Embalagem: 1 un. Pedra Sanitária Desodorizante Genial 1 un Genial LIMPEZA BANHEIRO LIMPEZA DE BANHEIRO 1 un Para Casa Limpeza Limpeza de Banheiro","Para Casa","EAN/GTIN: 2713723926943",2.49,36
"Pegador Tipo Luva de Silicone Cores Variadas 1 un","P392","Categoria: Casa e Utilidades. Tipo: Cozinha. Embalagem: 1 Unidade. Pegador Tipo Luva de Silicone Cores Variadas 1 un UTENSÍLIOS E UTILIDADES COZINHA PREPARO E ARMAZENAMENTO 1 Unidade Para Casa Casa e Utilidades Cozinha","Para Casa","EAN/GTIN: 7898513879182",4.50,6
"Peneira de Plástico Color 1 un","P0258","Categoria: Casa e Utilidades. Tipo: Cozinha. Embalagem: Unidade. Peneira de Plástico Color 1 un UTENSÍLIOS E UTILIDADES COZINHA PREPARO E ARMAZENAMENTO Unidade Para Casa Casa e Utilidades Cozinha","Para Casa","EAN/GTIN: 7898965356040",2.90,2
"Pente Escova Oval Sortida para Cabelos Cores Variadas Unidade","72693035","Categoria: Cabelos. Tipo: Escovas e Pentes. Embalagem: Unidade. Pente Escova Oval Sortida para Cabelos Cores Variadas Unidade BELEZA CABELO ESCOVA E PENTE DE CABELO Unidade Para Você Cabelos Escovas e Pentes","Para Você","EAN/GTIN: 2713726930350",3.90,49
"Pente Fino com Cabo Cores Variadas 1 un","P549","Categoria: Cabelos. Tipo: Escovas e Pentes. Embalagem: Unidade. Pente Fino com Cabo Cores Variadas 1 un BELEZA CABELO ESCOVA E PENTE DE CABELO Unidade Para Você Cabelos Escovas e Pentes","Para Você","EAN/GTIN: 7897214700399",2.39,24
"Pente para Cabelo de Plástico com Dentes Largos Colorido 1 un","P0261","Categoria: Cabelos. Tipo: Escovas e Pentes. Embalagem: Unidade. Pente para Cabelo de Plástico com Dentes Largos Colorido 1 un BELEZA CABELO ESCOVA E PENTE DE CABELO Unidade Para Você Cabelos Escovas e Pentes","Para Você","EAN/GTIN: 7898923148427",3.50,7
"Pente Plástico com Cabo Grosso Cores Variadas 1 un","P533","Categoria: Cabelos. Tipo: Escovas e Pentes. Embalagem: Unidade. Pente Plástico com Cabo Grosso Cores Variadas 1 un BELEZA CABELO ESCOVA E PENTE DE CABELO Unidade Para Você Cabelos Escovas e Pentes","Para Você","EAN/GTIN: 7897214700207",1.99,24
"Pente Plástico Cores Variadas 1 un","P544","Categoria: Cabelos. Tipo: Escovas e Pentes. Embalagem: Unidade. Pente Plástico Cores Variadas 1 un BELEZA CABELO ESCOVA E PENTE DE CABELO Unidade Para Você Cabelos Escovas e Pentes","Para Você","EAN/GTIN: 7897214700191",1.50,21
"Perfume para Roupas em Cristais Boom Comfort 1 un","638358K","Marca: Comfort. Categoria: Lavanderia. Tipo: Perfume para Roupas. Embalagem: Unidade. Perfume para Roupas em Cristais Boom Comfort 1 un Comfort LAVANDERIA LAVA-ROUPAS PERFUME PARA ROUPAS Unidade Para Casa Lavanderia Perfume para Roupas","Para Casa","EAN/GTIN: 7891150098732",18.90,3
"Petisco Biscrok Sabor Leite Pedigree 1 kg","56819249","Marca: Pedigree. Categoria: Pets. Tipo: Petiscos para Pets. Embalagem: 1kg. O Pedigree Biscrok Sabor Leite é um petisco ideal para cães adultos de raças pequenas. Com um sabor delicioso, é perfeito para agradar seu amigo de quatro patas em Cuiabá e Várzea Grande. Utilize-o como recompensa durante o treinamento ou simplesmente como um agrado. Um produto que traz alegria e sabor para o dia a dia do seu pet.","Para Casa","EAN/GTIN: 7896029041970",38.90,5
"Petisco Multi Sabor Pedigree 1 kg","381712P","Marca: Pedigree. Categoria: Pets. Tipo: Petiscos para Pets. Embalagem: 1kg. O petisco Biscrok da Pedigree é uma opção saborosa e nutritiva para cães adultos. Ideal para recompensas durante o treinamento ou como um agrado especial, esse produto é uma escolha confiável para os tutores que desejam agradar seus pets. Disponível em Cuiabá e Várzea Grande, é uma excelente adição à dieta do seu cão.","Para Casa","EAN/GTIN: 7896029041956",38.90,5
"Petisqueira Plástica Branca 25 x 6 cm 1 un","P411","Categoria: Casa e Utilidades. Tipo: Cozinha. Embalagem: 1un. Petisqueira Plástica Branca 25 x 6 cm 1 un UTENSÍLIOS E UTILIDADES COZINHA COPOS, GARRAFAS E POTES 1un Para Casa Casa e Utilidades Cozinha","Para Casa","",3.50,39
"Petisqueira Plástica Cores Diversas 25 x 6 cm 1 un","P404","Categoria: Casa e Utilidades. Tipo: Cozinha. Embalagem: 1un. Petisqueira Plástica Cores Diversas 25 x 6 cm 1 un UTENSÍLIOS E UTILIDADES COZINHA COPOS, GARRAFAS E POTES 1un Para Casa Casa e Utilidades Cozinha","Para Casa","",3.50,20
"Petisqueira Plástica Preta 25 x 6 cm 1 un","P406","Categoria: Casa e Utilidades. Tipo: Cozinha. Embalagem: 1un. Petisqueira Plástica Preta 25 x 6 cm 1 un UTENSÍLIOS E UTILIDADES COZINHA COPOS, GARRAFAS E POTES 1un Para Casa Casa e Utilidades Cozinha","Para Casa","",3.50,29
"Petisqueira Plástico 5 Divisórias Unidade","P400","Categoria: Mercearia. Tipo: Salgadinhos e Petiscos. Embalagem: Unidade. A petisqueira de plástico com 5 divisórias é ideal para servir frios e petiscos em suas reuniões. Com um design moderno, ela facilita a apresentação de queijos, azeitonas e frutas, tornando seus momentos em Cuiabá e Várzea Grande ainda mais especiais. Prática e fácil de limpar, é uma ótima adição à sua mesa.","Para Casa","",12.90,4
"Pilão com Socador Plástico 1 un","P0262","Categoria: Casa e Utilidades. Tipo: Cozinha. Embalagem: Unidade. Pilão com Socador Plástico 1 un UTENSÍLIOS E UTILIDADES COZINHA UTENSÍLIO DE COZINHA Unidade Para Casa Casa e Utilidades Cozinha","Para Casa","EAN/GTIN: 7898920343276",6.90,4
"Pilha AA Power Up 4 un","95863266","Marca: Power Up. Categoria: Casa e Utilidades. Tipo: Utilidades Domésticas. Embalagem: 4un. Pilha AA Power Up 4 un Power Up UTENSÍLIOS E UTILIDADES CASA PILHAS E ACESSÓRIOS 4un Para Casa Casa e Utilidades Utilidades Domésticas","Para Casa","EAN/GTIN: 7891455209635",3.90,19
"Pilha AAA Power Up 4 Unidade","95859331","Marca: Power Up. Categoria: Casa e Utilidades. Tipo: Utilidades Domésticas. Embalagem: Unidade. Pilha AAA Power Up 4 Unidade Power Up UTENSÍLIOS E UTILIDADES CASA PILHAS E ACESSÓRIOS Unidade Para Casa Casa e Utilidades Utilidades Domésticas","Para Casa","EAN/GTIN: 7890976423551",3.90,20
"Pilha Alcalina AA Elgin 2 un","P0264","Marca: Elgin. Categoria: Casa e Utilidades. Tipo: Utilidades Domésticas. Embalagem: Unidade. Pilha Alcalina AA Elgin 2 un Elgin UTENSÍLIOS E UTILIDADES CASA PILHAS E ACESSÓRIOS Unidade Para Casa Casa e Utilidades Utilidades Domésticas","Para Casa","EAN/GTIN: 7897013534188",5.99,6
"Pilha Palito AAA Rayovac 4 un","P0266","Marca: Rayovac. Categoria: Casa e Utilidades. Tipo: Utilidades Domésticas. Embalagem: 4 Unidade. Pilha Palito AAA Rayovac 4 un Rayovac UTENSÍLIOS E UTILIDADES CASA PILHAS E ACESSÓRIOS 4 Unidade Para Casa Casa e Utilidades Utilidades Domésticas","Para Casa","EAN/GTIN: 7896009765421",6.90,9
"Pimenta Calabresa em Flocos Diodoro","diodoro.pimentacalabresa.01","Marca: Diodoro. Categoria: Mercearia. Tipo: Temperos. Embalagem: Unidade. A pimenta calabresa da Diodoro é uma ótima opção para quem deseja adicionar um toque picante aos pratos. Ideal para temperar carnes, aves, peixes e até mesmo molhos e pizzas, ela traz um sabor característico à culinária brasileira. Disponível em Cuiabá e Várzea Grande, é um ingrediente versátil que não pode faltar na sua cozinha.","Para Casa","EAN/GTIN: 7898568540358",2.69,1
"Pimenta calabresa em flocos Itapero 15 g","7895639000285","Marca: Itapero. Categoria: Mercearia. Tipo: Temperos. Embalagem: 15g. Pimenta calabresa desidratada em flocos, ideal para temperar pizzas, massas, molhos, carnes e ensopados. Embalagem de 15g.","Para Casa","EAN/GTIN: 7895639000285",1.89,9
"Pimenta Calabresa Real Sabor 12 g","7899767334731","Marca: Real sabor. Categoria: Mercearia. Tipo: Temperos. Embalagem: Sachet. Pimenta Calabresa Lida Real Sabor em embalagem Sachet de 6g, com EAN 7899767334731. Informações nutricionais por porção de 6g: Valor energético: 3 kcal; Carboidratos: 0g; Proteínas: 0,1g; Gorduras totais: 0g; Gorduras saturadas: 0g; Gorduras trans: 0g; Fibras alimentares: 1,9g; Sódio: 0,6mg.","Para Casa","EAN/GTIN: 7899767334731",1.89,5
"Pimenta Geleia de Vermelha Companhia das Ervas 260g","1563360440","Marca: Companhia das Ervas. Categoria: Mercearia. Tipo: Geleias e Acompanhamentos. Embalagem: 260g. Pimenta Geleia de Vermelha Companhia das Ervas 260g Companhia das Ervas CAFÉ DA MANHÃ ACOMPANHAMENTOS GELEIA E MEL 260g Para Casa Mercearia Geleias e Acompanhamentos","Para Casa","EAN/GTIN: 7897269901116",15.90,5
"Pimenta-do-Reino em Pó Diodoro 20 g","diodoro.pimentareino.01","Marca: Diodoro. Categoria: Mercearia. Tipo: Temperos. Embalagem: 20g. A pimenta do reino em pó Diodoro é ideal para temperar carnes, sopas, saladas e omeletes. Com sua embalagem de 20g, é perfeita para quem busca praticidade na cozinha. Em Cuiabá e Várzea Grande, a Dona Antônia oferece produtos que trazem sabor e qualidade para suas receitas.","Para Casa","EAN/GTIN: 7898568540228",2.69,9
"Pimenta-do-reino Moída Condimentada Real Sabor 40 g","7899767334717","Marca: Real sabor. Categoria: Mercearia. Tipo: Temperos. Embalagem: Pacote. Pimenta do Reino Moída Condimentada da marca Lida Real Sabor, embalagem de 40g, EAN 7899767334717. Empacotado e distribuído por Larissa de Fatima Alves dos Santos, CNPJ: 35.896.673/0001-56, Indústria Brasileira. Informações Nutricionais por porção de 5g (1 colher de sopa): Valor energético 13 kcal, Carboidratos 0g, Proteínas 0g, Gorduras totais 0g, Sódio 1mg.","Para Casa","EAN/GTIN: 7899767334717",1.89,2
"Pimenta-do-Reino Preta em Grãos Diodoro 20 g","diodoro.pimenta;grao.01","Marca: Diodoro. Categoria: Mercearia. Tipo: Temperos. Embalagem: 20g. A pimenta-do-reino em grão Diodoro é um condimento essencial para temperar carnes, peixes, aves e saladas. Com sua versatilidade, ela também é ideal para molhos, patês e queijos, trazendo um sabor marcante aos pratos. Disponível na Dona Antônia, em Cuiabá e Várzea Grande, é uma escolha confiável para quem busca qualidade na cozinha.","Para Casa","EAN/GTIN: 7898568540211",2.69,10
"Pinça para Sobrancelha 2 Peças","P363","Categoria: Beleza e Cuidados. Tipo: Cuidados com o Rosto. Embalagem: 2 Peças. Pinça para Sobrancelha 2 Peças BELEZA ROSTO PINÇA E ACESSÓRIO FACIAL 2 Peças Para Você Beleza e Cuidados Cuidados com o Rosto","Para Você","EAN/GTIN: 7908161712165",4.90,4
"Pinça para Sobrancelhas de Metal 1 un","P364","Categoria: Beleza e Cuidados. Tipo: Cuidados com o Rosto. Embalagem: Unidade. Pinça para Sobrancelhas de Metal 1 un BELEZA ROSTO PINÇA E ACESSÓRIO FACIAL Unidade Para Você Beleza e Cuidados Cuidados com o Rosto","Para Você","EAN/GTIN: 7899441505075",1.50,2
"Pipoca de Micro-ondas Manteiga Yoki 100 g","9327280231","Marca: Yoki. Categoria: Mercearia. Tipo: Salgadinhos e Petiscos. Embalagem: 100g. Pipoca de Micro-ondas Manteiga Yoki 100 g Yoki SALGADINHOS E PETISCOS PIPOCA PIPOCA PRONTA 100g Para Casa Mercearia Salgadinhos e Petiscos","Para Casa","EAN/GTIN: 7891095100934",3.90,6
"Pipoca de Micro-ondas Natural Yoki 100 g","8326170616","Marca: Yoki. Categoria: Mercearia. Tipo: Salgadinhos e Petiscos. Embalagem: 100g. Pipoca de Micro-ondas Natural Yoki 100 g Yoki SALGADINHOS E PETISCOS PIPOCA PIPOCA PRONTA 100g Para Casa Mercearia Salgadinhos e Petiscos","Para Casa","EAN/GTIN: 7891095100125",3.90,6
"Pipoca Doce Bebêla 90 g","86806119","Marca: Bebêla. Categoria: Mercearia. Tipo: Salgadinhos e Petiscos. Embalagem: 90g. Pipoca Doce Bebêla 90 g Bebêla SALGADINHOS E PETISCOS PIPOCA PIPOCA PRONTA 90g Para Casa Mercearia Salgadinhos e Petiscos","Para Casa","EAN/GTIN: 7896635103574",2.89,5
"Pomodori Molho La Pastina com Tomates em Cubos Pomadori 400g","327874S","Marca: Pomodori. Categoria: Mercearia. Tipo: Massas. Embalagem: 400g. Pomodori Molho La Pastina com Tomates em Cubos Pomadori 400g Pomodori MACARRÃO E MOLHOS MACARRÃO MASSA SECA 400g Para Casa Mercearia Massas","Para Casa","EAN/GTIN: 7896196082622",15.90,3
"Porta-Comprimidos Redondo com 7 Divisórias Colorido 1 un","P365","Categoria: Casa e Utilidades. Tipo: Utilidades Domésticas. Embalagem: Unidade. Porta-Comprimidos Redondo com 7 Divisórias Colorido 1 un UTENSÍLIOS E UTILIDADES CASA ORGANIZAÇÃO DA CASA Unidade Para Casa Casa e Utilidades Utilidades Domésticas","Para Casa","EAN/GTIN: 7896818241499",6.90,2
"Porta-objetos plástico com 13 divisórias 17 x 9 transparente 1 unidade","P366","Categoria: Casa e Utilidades. Tipo: Utilidades Domésticas. Embalagem: Unidade. Porta-objetos plástico com 13 divisórias 17 x 9 transparente 1 unidade UTENSÍLIOS E UTILIDADES CASA UTILIDADE DOMÉSTICA Unidade Para Casa Casa e Utilidades Utilidades Domésticas","Para Casa","EAN/GTIN: 7908501706472",7.90,3
"Pote Cumbuca Tigela Plástico Cozinha Branco Unidade","P413","Categoria: Casa e Utilidades. Tipo: Cozinha. Embalagem: Unidade. Pote Cumbuca Tigela Plástico Cozinha Branco Unidade UTENSÍLIOS E UTILIDADES COZINHA COPOS, GARRAFAS E POTES Unidade Para Casa Casa e Utilidades Cozinha","Para Casa","EAN/GTIN: 7899701529483",3.90,9
"Pote Cumbuca Tigela Plástico Cozinha Preto Unidade","P412","Categoria: Casa e Utilidades. Tipo: Cozinha. Embalagem: Unidade. Pote Cumbuca Tigela Plástico Cozinha Preto Unidade UTENSÍLIOS E UTILIDADES COZINHA COPOS, GARRAFAS E POTES Unidade Para Casa Casa e Utilidades Cozinha","Para Casa","EAN/GTIN: 7899701593163",3.90,10
"Pote Tigela de Plástico Color 4 Peças","P0320","Categoria: Casa e Utilidades. Tipo: Cozinha. Embalagem: 4 Peças. Pote Tigela de Plástico Color 4 Peças UTENSÍLIOS E UTILIDADES COZINHA COPOS, GARRAFAS E POTES 4 Peças Para Casa Casa e Utilidades Cozinha","Para Casa","EAN/GTIN: 7899850332781",8.90,3
"Pratinho de Sobremesa Pétala de Plástico Preto","P407","Categoria: Casa e Utilidades. Tipo: Cozinha. Embalagem: Unidade. Pratinho de Sobremesa Pétala de Plástico Preto UTENSÍLIOS E UTILIDADES COZINHA UTENSÍLIO DE COZINHA Unidade Para Casa Casa e Utilidades Cozinha","Para Casa","",1.75,25
"Pratinho de Sobremesa Pétala Plástico Branco Unidade","P408","Categoria: Casa e Utilidades. Tipo: Cozinha. Embalagem: Unidade. Pratinho de Sobremesa Pétala Plástico Branco Unidade UTENSÍLIOS E UTILIDADES COZINHA UTENSÍLIO DE COZINHA Unidade Para Casa Casa e Utilidades Cozinha","Para Casa","",1.75,25
"Prato Fundo de Vidro Acqua Duralex 1 un","834636G","Marca: Duralex. Categoria: Casa e Utilidades. Tipo: Cozinha. Embalagem: Unidade. Prato Fundo de Vidro Acqua Duralex 1 un Duralex UTENSÍLIOS E UTILIDADES COZINHA COPOS, GARRAFAS E POTES Unidade Para Casa Casa e Utilidades Cozinha","Para Casa","EAN/GTIN: 7891155033943",5.90,24
"Pratos Bandeja Petisqueira Pastel Espeto Lanche - 18 X Unidade","P399","Categoria: Casa e Utilidades. Tipo: Cozinha. Embalagem: Unidade. Pratos Bandeja Petisqueira Pastel Espeto Lanche - 18 X Unidade UTENSÍLIOS E UTILIDADES COZINHA COPOS, GARRAFAS E POTES Unidade Para Casa Casa e Utilidades Cozinha","Para Casa","",2.90,20
"Premiado Café Almof Super 250g","P435","Marca: Premiado. Categoria: Mercearia. Tipo: Café. Embalagem: 250g. Premiado Café Almof Super 250g Premiado CAFÉ DA MANHÃ CAFÉ CAFÉ TORRADO E MOÍDO 250g Para Casa Mercearia Café","Para Casa","EAN/GTIN: 7891018000051",14.90,10
"Prendedor de Cabelo Plastico Preto","60686086","Categoria: Cabelos. Tipo: Acessórios de Cabelo. Embalagem: Unidade. Prendedor de Cabelo Plastico Preto LAVANDERIA ACESSÓRIOS PRENDEDOR DE ROUPA Unidade Para Você Cabelos Acessórios de Cabelo","Para Você","EAN/GTIN: 2713606860869",2.50,12
"Presilha de Cabelo Formatos Sortidos 4 un","P369","Categoria: Cabelos. Tipo: Acessórios de Cabelo. Embalagem: 4 Peças. Presilha de Cabelo Formatos Sortidos 4 un BELEZA CABELO ACESSÓRIO DE CABELO 4 Peças Para Você Cabelos Acessórios de Cabelo","Para Você","EAN/GTIN: 7908787427337",6.90,2
"Processador de Alimentos Manual Cores Variadas 500 ml","P370","Categoria: Casa e Utilidades. Tipo: Cozinha. Embalagem: 500ml. Processador de Alimentos Manual Cores Variadas 500 ml UTENSÍLIOS E UTILIDADES COZINHA UTENSÍLIO DE PREPARO 500ml Para Casa Casa e Utilidades Cozinha","Para Casa","EAN/GTIN: 7899850360166",14.90,3
"Protetor Diário Sem Fragrância Carefree Tododia 80 un","7891010604349","Categoria: Higiene Pessoal. Tipo: Cuidados Femininos. Embalagem: 80 Protetores. O Carefree Tododia Protetor Diário Sem Fragrância é um protetor íntimo feminino de uso diário, ideal para manter a região íntima seca e confortável. Fabricado com material respirável e microporos, permite a circulação do ar, absorve a transpiração e neutraliza possíveis odores. Sem fragrância, é adequado para peles sensíveis. Embalagem com 80 unidades.","Para Você","EAN/GTIN: 7891010604349",24.90,3
"Protetor Labial FPS 15 Protege e Hidrata os Lábios Lip Ice 3,5 g","P-W3RK","Marca: Lip Ice. Categoria: Beleza e Cuidados. Tipo: Lábios. Embalagem: 3.5g. Protetor Labial FPS 15 Protege e Hidrata os Lábios Lip Ice 3,5 g Lip Ice BELEZA BOCA HIDRATANTE LABIAL 3.5g Para Você Beleza e Cuidados Lábios cabelo seco cabelo ressecado ressecamento hidratar cabelo maciez","Para Você","EAN/GTIN: 7898953272239",6.90,5
"Protetor Labial Frutis Melancia Nutryderm 3,5 g","7898628920861","Marca: Nutryderm. Categoria: Beleza e Cuidados. Tipo: Lábios. Embalagem: 3,5 g. O Protetor Labial Frutis Melancia FPS 15 Nutryderm hidrata e protege seus lábios dos efeitos prejudiciais da exposição prolongada ao sol. Desenvolvido com substâncias que hidratam e amaciam os lábios, além de um delicioso aroma de melancia.","Para Você","EAN/GTIN: 7898628920861",8.99,2
"Protetor Labial Med Repair FPS 15 NIVEA 1 un","P-H7L5","Marca: NIVEA. Categoria: Beleza e Cuidados. Tipo: Lábios. Embalagem: Unidade. O NIVEA Protetor Labial Med Repair Fps15 é ideal para quem busca hidratação e proteção para os lábios. Com sua fórmula especial, ele ajuda a reparar e proteger contra os danos causados pelo sol e pelo ressecamento. Perfeito para o dia a dia, é uma ótima opção para quem vive em Cuiabá ou Várzea Grande e deseja manter os lábios saudáveis e macios.","Para Você","EAN/GTIN: 4005808369621",26.90,5
"Protetor Solar Corpo e Rosto FPS 50 Basic+ Care 100 ml","7898095272869","Categoria: Beleza e Cuidados. Tipo: Proteção da Pele. Embalagem: 100 ml. O Protetor Solar Corpo & Rosto FPS 50 da Basic+ Care oferece alta proteção contra raios UVA e UVB, sendo resistente à água. Sua fórmula dermatologicamente testada proporciona cuidado eficaz para a pele, mantendo-a protegida durante a exposição solar. Embalagem de 100 ml.","Para Você","EAN/GTIN: 7898095272869",29.90,2
"Protetor Solar Facial Antirrugas com Cor FPS 60 Solar Expertise L'Oréal Paris 40 g","7899706184960","Marca: LOREAL. Categoria: Beleza e Cuidados. Tipo: Cuidados com o Rosto. Embalagem: 40g. O protetor solar facial L'Oreal Paris Solar Expertise Antirrugas FPS 60 com Cor é ideal para quem busca proteção contra os raios UVA e UVB. Com uma fórmula que ajuda na prevenção de rugas e uniformização do tom da pele, é uma ótima opção para o dia a dia. A Dona Antônia oferece este produto em Cuiabá e Várzea Grande, garantindo que você tenha acesso a cuidados de qualidade para sua pele.","Para Você","EAN/GTIN: 7899706184960",34.90,2
"Protetor Solar FPS 50 Cenoura & Bronze 200 ml","697979D","Marca: Cenoura & Bronze. Categoria: Beleza e Cuidados. Tipo: Proteção da Pele. Embalagem: 200ml. O Protetor Solar Cenoura & Bronze FPS 50 200ml é ideal para o cuidado diário da pele, oferecendo alta proteção contra os efeitos nocivos do sol. Perfeito para quem busca manter a pele protegida durante as atividades ao ar livre, este protetor solar da categoria beleza, subcategoria corpo, está disponível na loja online Dona Antônia, que atende as regiões de Cuiabá e Várzea Grande. Garanta sua proteção com um produto confiável e prático para o uso diário.","Para Você","EAN/GTIN: 7896108569548",32.90,2
"Protetor Solar FPS 50 OAZ 200 ml","825882S","Marca: OAZ. Categoria: Beleza e Cuidados. Tipo: Proteção da Pele. Embalagem: 200ml. O Protetor Solar OAZ 50 FPS 200ml é ideal para o cuidado diário da pele, oferecendo proteção eficaz contra os raios solares. Perfeito para quem busca manter a saúde da pele durante as atividades ao ar livre em Cuiabá e Várzea Grande. Disponível na categoria Beleza, subcategoria Corpo, este protetor solar pode ser encontrado com facilidade no supermercado online Dona Antônia, garantindo praticidade e qualidade para sua rotina de proteção solar.","Para Você","EAN/GTIN: 7891317024406",44.90,2
"Protetor Solar FPS 70 OAZ 200 ml","555156I","Marca: OAZ. Categoria: Beleza e Cuidados. Tipo: Proteção da Pele. Embalagem: 200ml. O Protetor Solar OAZ 70 FPS 200ml é ideal para o cuidado diário da pele, oferecendo proteção eficaz contra os raios solares. Perfeito para quem busca manter a pele protegida durante as atividades ao ar livre em Cuiabá e Várzea Grande. Disponível na categoria Beleza, subcategoria Corpo, este protetor solar pode ser encontrado com facilidade no supermercado online Dona Antônia, referência local para compras práticas e seguras.","Para Você","EAN/GTIN: 7891317024420",48.90,1
"Protetor Solar Sun Protect & Hidrata FPS 50 NIVEA 200 ml","16997295","Marca: NIVEA. Categoria: Beleza e Cuidados. Tipo: Proteção da Pele. Embalagem: 200ml. O NIVEA Protetor Solar Sun Protect & Hidrata FPS 50 é ideal para quem busca proteção e hidratação da pele durante a exposição ao sol. Com sua fórmula leve, ele se adapta facilmente à rotina de cuidados diários, sendo perfeito para os dias ensolarados em Cuiabá e Várzea Grande. Use-o antes de sair de casa para garantir uma pele saudável e protegida.","Para Você","EAN/GTIN: 4005808555345",48.00,2
"Protetor Veda-Porta Duplo Liso 1 un","P371","Categoria: Casa e Utilidades. Tipo: Utilidades Domésticas. Embalagem: Unidade. Protetor Veda-Porta Duplo Liso 1 un UTENSÍLIOS E UTILIDADES CASA UTILIDADE DOMÉSTICA Unidade Para Casa Casa e Utilidades Utilidades Domésticas","Para Casa","EAN/GTIN: 7898057974565",8.90,3
"Purificador de Ar Aerossol Lavanda Glade 360 ml Roxo","P0271","Marca: Glade. Categoria: Limpeza. Tipo: Aromatizadores e Ambiente. Embalagem: 360ml. Purificador de Ar Aerossol Lavanda Glade 360 ml Roxo Glade LIMPEZA PURIFICADOR DE AR AROMATIZADOR DE AMBIENTE 360ml Para Casa Limpeza Aromatizadores e Ambiente","Para Casa","EAN/GTIN: 7894650013861",16.90,10
"Purificador de Ar Lavanda Gradável 400 ml","P5CD42","Marca: Gradável. Categoria: Limpeza. Tipo: Aromatizadores e Ambiente. Embalagem: 400ml. O purificador de ar Gradável com fragrância de lavanda é ideal para aromatizar e purificar ambientes. Com 400ml, ele proporciona uma sensação de frescor e tranquilidade, sendo uma ótima opção para sua casa ou escritório. Disponível na Dona Antônia, em Cuiabá e Várzea Grande, é uma escolha prática e agradável para o dia a dia.","Para Casa","EAN/GTIN: 7898374663296",13.90,2
"Ração para Cães Adultos Classic Vittamax 10,1 kg","2142310209","Marca: Vittamax. Categoria: Pets. Tipo: Cães. Embalagem: 10,1kg. Ração para Cães Adultos Classic Vittamax 10,1 kg Vittamax PETS CÃES RAÇÃO ÚMIDA E SECA 10,1kg Para Casa Pets Cães","Para Casa","EAN/GTIN: 7898224824167",85.90,2
"Ração para Cães Adultos Latemia 18 kg","3160660097","Marca: Latemia. Categoria: Pets. Tipo: Cães. Embalagem: 18kg. Ração para Cães Adultos Latemia 18 kg Latemia PETS CÃES RAÇÃO ÚMIDA E SECA 18kg Para Casa Pets Cães","Para Casa","EAN/GTIN: 7898971197279",89.90,1
"Ração para Cães Adultos Nino Dog Latemia 10,1 kg","8425680219","Marca: Latemia. Categoria: Pets. Tipo: Cães. Embalagem: 10,1kg. Ração para Cães Adultos Nino Dog Latemia 10,1 kg Latemia PETS CÃES RAÇÃO ÚMIDA E SECA 10,1kg Para Casa Pets Cães","Para Casa","EAN/GTIN: 7898674132249",74.90,1
"Ração para Cães Nutrição Essencial Carne ao Leite Pedigree 10 kg","748027R","Marca: Pedigree. Categoria: Pets. Tipo: Cães. Embalagem: 10kg. Ração para Cães Nutrição Essencial Carne ao Leite Pedigree 10 kg Pedigree PETS CÃES RAÇÃO ÚMIDA E SECA 10kg Para Casa Pets Cães","Para Casa","EAN/GTIN: 07896029081105",94.90,5
"Ração Úmida Carne para Cães Pedigree 100 g","34012385","Marca: Pedigree. Categoria: Pets. Tipo: Cães. Embalagem: 100g. Ração Úmida Carne para Cães Pedigree 100 g Pedigree PETS CÃES RAÇÃO ÚMIDA E SECA 100g Para Casa Pets Cães","Para Casa","EAN/GTIN: 7896029022245",3.99,10
"Ração Úmida em Molho de Frango para Gatos Adultos Whiskas 85 g","870699N","Marca: Whiskas. Categoria: Pets. Tipo: Gatos. Embalagem: 85g. Ração Úmida em Molho de Frango para Gatos Adultos Whiskas 85 g Whiskas SALGADINHOS E PETISCOS SALGADINHOS SALGADINHO DE MILHO E TRIGO 85g Para Casa Pets Gatos","Para Casa","EAN/GTIN: 7896029046173",2.99,50
"Ração Úmida Frango ao Molho Pedigree 100 g","P1345O","Marca: Pedigree. Categoria: Pets. Tipo: Cães. Embalagem: 100g. A ração úmida Pedigree frango ao molho é uma opção saborosa para a alimentação diária de cães adultos. Com 100g de puro sabor, é ideal para manter seu amigo peludo bem alimentado e feliz. Disponível na Dona Antônia, em Cuiabá e Várzea Grande, essa ração é prática e nutritiva, perfeita para o dia a dia.","Para Casa","EAN/GTIN: 7896029022269",3.99,36
"Ração Úmida Friskies Sabor Peixe Branco 85g","P11FA3","Marca: Friskies. Categoria: Pets. Tipo: Gatos. Embalagem: 85g. A Ração Úmida Friskies Sabor Peixe Branco é ideal para a alimentação diária de gatos adultos. Com um sabor irresistível, ela é uma ótima opção para os felinos que vivem em Cuiabá e Várzea Grande. Este produto não contém corantes e conservantes artificiais, proporcionando uma refeição natural e saudável para seu gato.","Para Casa","EAN/GTIN: 7891000118085",3.99,30
"Ralo de Alumínio para Pia 1 un","P393","Categoria: Casa e Utilidades. Tipo: Cozinha. Embalagem: Unidade. Ralo de Alumínio para Pia 1 un UTENSÍLIOS E UTILIDADES COZINHA PREPARO E ARMAZENAMENTO Unidade Para Casa Casa e Utilidades Cozinha","Para Casa","EAN/GTIN: 7896202400181",2.20,3
"Ralo de Alumínio para Pia Galvanizado Unidade","P372","Categoria: Casa e Utilidades. Tipo: Cozinha. Embalagem: Unidade. Ralo de Alumínio para Pia Galvanizado Unidade UTENSÍLIOS E UTILIDADES COZINHA PREPARO E ARMAZENAMENTO Unidade Para Casa Casa e Utilidades Cozinha","Para Casa","EAN/GTIN: 7896202400174",3.50,5
"Ralo de Metal para Pia com Válvula Cromado 1 un","P394","Categoria: Casa e Utilidades. Tipo: Cozinha. Embalagem: Unidade. Ralo de Metal para Pia com Válvula Cromado 1 un UTENSÍLIOS E UTILIDADES COZINHA PREPARO E ARMAZENAMENTO Unidade Para Casa Casa e Utilidades Cozinha","Para Casa","EAN/GTIN: 7896202400464",4.50,6
"Refil de Coador de Pano 2 peças","C0097","Categoria: Mercearia. Tipo: Café. Embalagem: 2 Peças. Refil de Coador de Pano 2 peças CAFÉ DA MANHÃ CAFÉ FILTRO E COADOR DE CAFÉ 2 Peças Para Casa Mercearia Café","Para Casa","EAN/GTIN: 7897839702143",7.90,3
"Refil de Sabonete Líquido Flor de Lavanda Monange 400 ml","48531098","Marca: Monange. Categoria: Higiene Pessoal. Tipo: Sabonetes. Embalagem: 400ml. Refil de Sabonete Líquido Flor de Lavanda Monange 400 ml Monange SABONETE LÍQUIDO REFIL DE SABONETE LÍQUIDO 400ml Para Você Higiene Pessoal Sabonetes","Para Você","EAN/GTIN: 7896235354277",14.90,1
"Refresco em Pó Laranja Tang 18 g","897301N","Marca: Tang. Categoria: Mercearia. Tipo: Bebidas. Embalagem: 18g. Refresco em Pó Laranja Tang 18 g Tang SUCOS, REFRI E ENERGÉTICOS SUCO EM PÓ REFRESCO EM PÓ 18g Para Casa Mercearia Bebidas","Para Casa","EAN/GTIN: 7622210571601",1.35,194
"Refresco em Pó Limão Frisco 18 g","79180829","Marca: Frisco. Categoria: Mercearia. Tipo: Bebidas. Embalagem: 18g. Refresco em Pó Limão Frisco 18 g Frisco SUCOS, REFRI E ENERGÉTICOS SUCO EM PÓ REFRESCO EM PÓ 18g Para Casa Mercearia Bebidas","Para Casa","EAN/GTIN: 7896045112128",0.85,93
"Refresco em Pó Maracujá Clight 8 g","clight.maracuja.8","Marca: Clight. Categoria: Mercearia. Tipo: Bebidas. Embalagem: 8g. Refresco em Pó Maracujá Clight 8 g Clight SUCOS, REFRI E ENERGÉTICOS SUCO EM PÓ REFRESCO EM PÓ 8g Para Casa Mercearia Bebidas","Para Casa","EAN/GTIN: 7622210696595",1.89,15
"Refresco em Pó Morango Frisco 18 g","78563538","Marca: Frisco. Categoria: Mercearia. Tipo: Bebidas. Embalagem: 18g. Refresco em Pó Morango Frisco 18 g Frisco SUCOS, REFRI E ENERGÉTICOS SUCO EM PÓ REFRESCO EM PÓ 18g Para Casa Mercearia Bebidas","Para Casa","EAN/GTIN: 7896045112142",0.85,184
"Refresco em Pó Uva Tang 18 g","987562G","Marca: Tang. Categoria: Mercearia. Tipo: Bebidas. Embalagem: 18g. Refresco em Pó Uva Tang 18 g Tang SUCOS, REFRI E ENERGÉTICOS SUCO EM PÓ REFRESCO EM PÓ 18g Para Casa Mercearia Bebidas","Para Casa","EAN/GTIN: 7622210571786",1.35,188
"Relógio Despertador de Mesa Cores Variadas 1 un","P373","Categoria: Casa e Utilidades. Tipo: Utilidades Domésticas. Embalagem: Unidade. Relógio Despertador de Mesa Cores Variadas 1 un UTENSÍLIOS E UTILIDADES CASA UTILIDADE DOMÉSTICA Unidade Para Casa Casa e Utilidades Utilidades Domésticas","Para Casa","EAN/GTIN: 7899790910377",8.50,3
"Remmus Desinfetante Amazon Verde Unidade","P447","Marca: Remmus. Categoria: Limpeza. Tipo: Desinfetantes. Embalagem: Unidade. Remmus Desinfetante Amazon Verde Unidade Remmus LIMPEZA DESINFETANTE DESINFETANTE DOMÉSTICO Unidade Para Casa Limpeza Desinfetantes","Para Casa","",5.99,10
"Removedor de Esmalte Sem Acetona Uva Farmax 100 ml","P0273","Marca: Farmax. Categoria: Beleza e Cuidados. Tipo: Unhas. Embalagem: Unidade. Removedor de Esmalte Sem Acetona Uva Farmax 100 ml Farmax BELEZA MANICURE REMOVEDOR DE ESMALTE Unidade Para Você Beleza e Cuidados Unhas","Para Você","EAN/GTIN: 7896902208469",4.99,6
"Repelente de Insetos em Loção OFF! Family 200 ml","481864Y","Marca: OFF. Categoria: Beleza e Cuidados. Tipo: Proteção da Pele. Embalagem: 200ml. Repelente de Insetos em Loção OFF! Family 200 ml OFF BELEZA CORPO REPELENTE CORPORAL 200ml Para Você Beleza e Cuidados Proteção da Pele","Para Você","EAN/GTIN: 7894650940006",21.90,4
"Repelente Espiral Pirisa 10 un","4267630587","Marca: Pirisa. Categoria: Limpeza. Tipo: Inseticidas. Embalagem: 10UN. Repelente Espiral Pirisa 10 un Pirisa UTENSÍLIOS E UTILIDADES 10UN Para Casa Limpeza Inseticidas","Para Casa","EAN/GTIN: 7896582100015",4.80,8
"Risqué Esmalte - Paixo (des) Máscarada 8ml","21274025","Marca: Risqué. Categoria: Beleza e Cuidados. Tipo: Unhas. Embalagem: 8ml. Risqué Esmalte - Paixo (des) Máscarada 8ml Risqué BELEZA CABELO MÁSCARA CAPILAR 8ml Para Você Beleza e Cuidados Unhas","Para Você","EAN/GTIN: 7891350048704",6.49,3
"Rodo de Pia com Cabo Plástico 1 un","P395","Categoria: Limpeza. Tipo: Acessórios de Limpeza. Embalagem: Unidade. Rodo de Pia com Cabo Plástico 1 un LIMPEZA VASSOURA, RODO E PÁ ACESSÓRIO DE LIMPEZA Unidade Para Casa Limpeza Acessórios de Limpeza","Para Casa","EAN/GTIN: 7898002251390",6.80,2
"Rodo de Pia Sanremo","7896359042371","Categoria: Limpeza. Tipo: Acessórios de Limpeza. Embalagem: 1 un. O Rodo de Pia Sanremo é um acessório de limpeza doméstico com base plástica de 14 cm.","Para Casa","EAN/GTIN: 7896359042371",7.90,8
"Rodo Enxuto com Cabo Condor 40 cm","7891055112502","Marca: Condor. Categoria: Limpeza. Tipo: Acessórios de Limpeza. Embalagem: 40cm. O Rodo Enxuto Condor 40cm é ideal para áreas maiores, apresentando borracha em EVA e garras que prendem o pano de chão, facilitando a limpeza. Possui cabo ergonômico que proporciona maior conforto durante o uso.","Para Casa","EAN/GTIN: 7891055112502",16.90,14
"Rodo Plástico com Cabo Guirado 1 un","P0274","Marca: Guirado. Categoria: Limpeza. Tipo: Acessórios de Limpeza. Embalagem: 1un. Rodo Plástico com Cabo Guirado 1 un Guirado LIMPEZA VASSOURA, RODO E PÁ ACESSÓRIO DE LIMPEZA 1un Para Casa Limpeza Acessórios de Limpeza","Para Casa","EAN/GTIN: 7897388600051",10.63,21
"Rosquinha de Chocolate Mabel 300 g","P2ca5","Marca: Mabel. Categoria: Mercearia. Tipo: Biscoitos. Embalagem: 300g. As rosquinhas de chocolate da Mabel são uma deliciosa opção para acompanhar o café da manhã ou o lanche da tarde. Perfeitas para momentos de pausa doce, elas trazem um sabor irresistível que agrada a todos. Disponíveis na Dona Antônia, em Cuiabá e Várzea Grande, são ideais para quem busca um toque especial em suas refeições.","Para Casa","EAN/GTIN: 7896071030014",6.90,8
"Rosquinha de Coco Adoralle 500 g","9555090424","Marca: Adoralle. Categoria: Mercearia. Tipo: Biscoitos. Embalagem: 500g. A Rosquinha de Coco Adoralle é um biscoito doce ideal para acompanhar o seu café da manhã ou lanche da tarde. Com um sabor delicado de coco, é uma opção prática e saborosa para quem busca um momento de prazer. Disponível em Cuiabá e Várzea Grande, é perfeita para compartilhar com a família e amigos.","Para Casa","EAN/GTIN: 7898616501911",6.99,12
"Rosquinha de Coco Emegê 300 g","P525","Marca: Emegê. Categoria: Mercearia. Tipo: Biscoitos. Embalagem: 300g. A Rosquinha de Coco da Emegê é uma opção deliciosa para quem busca um lanche prático e saboroso. Ideal para acompanhar seu café, chá ou leite, esse biscoito doce é perfeito para momentos de descontração. Disponível na Dona Antônia, em Cuiabá e Várzea Grande, é uma escolha que agrada a todos os paladares.","Para Casa","EAN/GTIN: 7896533700554",4.99,12
"Rosquinha de Coco Mabel 300 g","P0057","Marca: Mabel. Categoria: Mercearia. Tipo: Biscoitos. Embalagem: 300g. Rosquinha de Coco Mabel 300 g Mabel BOLACHAS E BISCOITOS DOCE BISCOITO DOCE 300g Para Casa Mercearia Biscoitos","Para Casa","EAN/GTIN: 7896071030007",6.90,1
"Rosquinha de Coco Rancheiro 500 g","P0061","Marca: Rancheiro. Categoria: Mercearia. Tipo: Biscoitos. Embalagem: 500g. A Rosquinha de Coco da Rancheiro é uma opção deliciosa para o seu lanche. Com uma textura crocante, é perfeita para acompanhar um café ou chá. Ideal para quem busca uma alternativa vegana e sem lactose, esse biscoito é uma escolha saborosa para os moradores de Cuiabá e Várzea Grande. Aproveite essa delícia em qualquer momento do dia.","Para Casa","EAN/GTIN: 7896253402141",6.99,101
"Rosquinha de Leite Mabel 300 g","5018830710","Marca: Mabel. Categoria: Mercearia. Tipo: Biscoitos. Embalagem: 300g. Rosquinha de Leite Mabel 300 g Mabel BOLACHAS E BISCOITOS DOCE BISCOITO DOCE 300g Para Casa Mercearia Biscoitos","Para Casa","EAN/GTIN: 7896071030021",6.90,6
"Rosquinha Sabor Coco Bulnez 400 g","7896003741711","Marca: Bulnez. Categoria: Mercearia. Tipo: Biscoitos. Embalagem: Peso Líquido 400g. Rosquinha Sabor Coco da Bulnez, embalagem de 400g. Biscoito doce crocante com sabor intenso de coco, alto teor de açúcar adicionado. Ideal para lanches e acompanhamentos de bebidas.","Para Casa","EAN/GTIN: 7896003741711",3.59,3
"Ruffles Batata Original Cream e Cebola Tubo 134 134g","158717C","Marca: Ruffles. Categoria: Mercearia. Tipo: Salgadinhos e Petiscos. Embalagem: 134g. Ruffles Batata Original Cream e Cebola Tubo 134 134g Ruffles SALGADINHOS E PETISCOS BATATAS BATATA CHIPS 134g Para Casa Mercearia Salgadinhos e Petiscos","Para Casa","EAN/GTIN: 7892840817459",13.90,2
"Sabão em Barra de Coco Indaia 200 g","P0294","Marca: Indaia. Categoria: Lavanderia. Tipo: Sabão em Barra. Embalagem: 200g. Sabão em Barra de Coco Indaia 200 g Indaia LAVANDERIA LAVA-ROUPAS SABÃO LÍQUIDO 200g Para Casa Lavanderia Sabão em Barra","Para Casa","EAN/GTIN: 7898061120019",2.95,2
"Sabão em Barra Glicerinado Neutro Ypê 5 un 800 g","P491","Marca: Ypê. Categoria: Lavanderia. Tipo: Sabão em Barra. Embalagem: 800g. Sabão em Barra Glicerinado Neutro Ypê 5 un 800 g Ypê LAVANDERIA LAVA-ROUPAS SABÃO LÍQUIDO 800g Para Casa Lavanderia Sabão em Barra","Para Casa","EAN/GTIN: 7896098905906",15.90,10
"Sabão em Pó Azul Minuano 800 g","P-XAGR","Marca: Minuano. Categoria: Lavanderia. Tipo: Sabão em Pó. Embalagem: 800g. Sabão em Pó Azul Minuano 800 g Minuano LAVANDERIA LAVA-ROUPAS SABÃO EM PÓ 800g Para Casa Lavanderia Sabão em Pó","Para Casa","EAN/GTIN: 7908324403268",13.90,6
"Sabão em Pó Lava-Roupas ACE 800 g","P532","Marca: ACE. Categoria: Lavanderia. Tipo: Sabão em Pó. Embalagem: 800g. O Sabão em Pó ACE Lava Roupas é ideal para a limpeza do dia a dia, proporcionando roupas limpas e frescas. Perfeito para quem busca praticidade na rotina de lavanderia, ele é uma escolha confiável para os moradores de Cuiabá e Várzea Grande. Experimente e veja como ele pode facilitar sua vida na hora de lavar suas roupas.","Para Casa","EAN/GTIN: 7898132847142",9.90,9
"Sabão em Pó Lava-Roupas Coco e Baunilha Girando Sol 800 g","7896404608194","Marca: Girando Sol. Categoria: Lavanderia. Tipo: Sabão em Pó. Embalagem: 800g. Girando Sol Lava Roupas em Pó Coco & Baunilha 800g é um detergente em pó desenvolvido com a tecnologia Optical Wash, que utiliza enzimas superativas para uma limpeza profunda e remoção eficaz de manchas. Indicado para roupas finas e delicadas, possui fragrância de coco e baunilha, proporcionando um perfume suave às peças. A embalagem de 800g rende até 10 lavagens, sendo biodegradável e dermatologicamente testado.","Para Casa","EAN/GTIN: 7896404608194",11.90,7
"Sabão em Pó Lava-Roupas Máxima Limpeza Azul Minuano Sachê 400 g","P0295","Marca: Minuano. Categoria: Lavanderia. Tipo: Sabão em Pó. Embalagem: 400g. Sabão em Pó Lava-Roupas Máxima Limpeza Azul Minuano Sachê 400 g Minuano LAVANDERIA LAVA-ROUPAS SABÃO EM PÓ 400g Para Casa Lavanderia Sabão em Pó","Para Casa","EAN/GTIN: 7908324403336",5.49,10
"Sabão em Pó Lava-Roupas Perfume e Cuidado Brilhante 1,6 kg","4610750104","Marca: Brilhante. Categoria: Lavanderia. Tipo: Sabão em Pó. Embalagem: 1,6kg. Sabão em Pó Lava-Roupas Perfume e Cuidado Brilhante 1,6 kg Brilhante LAVANDERIA LAVA-ROUPAS SABÃO EM PÓ 1,6kg Para Casa Lavanderia Sabão em Pó","Para Casa","EAN/GTIN: 7891150091504",18.90,12
"Sabão em Pó Lavagem Perfeita OMO 2,2 kg","948795N","Marca: OMO. Categoria: Lavanderia. Tipo: Sabão em Pó. Embalagem: 2,2kg. Sabão em Pó Lavagem Perfeita OMO 2,2 kg OMO LAVANDERIA LAVA-ROUPAS SABÃO EM PÓ 2,2kg Para Casa Lavanderia Sabão em Pó","Para Casa","EAN/GTIN: 7891150069121",36.90,21
"Sabão em Pó Lavagem Perfeita OMO 2,4 kg","P577","Marca: OMO. Categoria: Lavanderia. Tipo: Sabão em Pó. Embalagem: 2,4kg. O sabão em pó OMO Lavagem Perfeita é ideal para a lavagem de roupas, proporcionando uma limpeza eficaz e cuidado com os tecidos. Com sua fórmula ativa concentrada, ele ajuda na remoção de manchas e na eliminação de odores, garantindo que suas roupas fiquem frescas e limpas. Disponível na Dona Antônia, em Cuiabá e Várzea Grande, é uma escolha confiável para o dia a dia.","Para Casa","EAN/GTIN: 7891150064577",38.90,19
"Sabão em Pó Lavagem Perfeita OMO 700 g","P430","Marca: OMO. Categoria: Lavanderia. Tipo: Sabão em Pó. Embalagem: 700g. O sabão em pó OMO Lavagem Perfeita é ideal para a lavagem de roupas, proporcionando uma limpeza eficaz. Disponível em Cuiabá e Várzea Grande, é uma escolha confiável para manter suas roupas sempre limpas e frescas. Experimente e descubra como ele pode facilitar o seu dia a dia.","Para Casa","EAN/GTIN: 7891150108622",16.58,101
"Sabão em Pó Lavanda Oeste 800 g","83714689","Marca: Oeste. Categoria: Lavanderia. Tipo: Sabão em Pó. Embalagem: 800g. Sabão em Pó Lavanda Oeste 800 g Oeste LAVANDERIA LAVA-ROUPAS SABÃO EM PÓ 800g Para Casa Lavanderia Sabão em Pó","Para Casa","EAN/GTIN: 7898247332465",5.99,10
"Sabão em Pó Limpeza Total Brilhante 1,6 kg","5001260479","Marca: Brilhante. Categoria: Lavanderia. Tipo: Sabão em Pó. Embalagem: 1,6kg. Sabão em Pó Limpeza Total Brilhante 1,6 kg Brilhante LAVANDERIA LAVA-ROUPAS SABÃO EM PÓ 1,6kg Para Casa Lavanderia Sabão em Pó","Para Casa","EAN/GTIN: 7891150086555",18.90,8
"Sabão em Pó Máxima Performance Oeste 800 g","83719006","Marca: Oeste. Categoria: Lavanderia. Tipo: Sabão em Pó. Embalagem: 800g. Sabão em Pó Máxima Performance Oeste 800 g Oeste LAVANDERIA LAVA-ROUPAS SABÃO EM PÓ 800g Para Casa Lavanderia Sabão em Pó","Para Casa","EAN/GTIN: 7898247332472",5.99,7
"Sabão em Pó MultiAção Ápyce 800 g","apyce.sabaopo.800","Marca: Ápyce. Categoria: Lavanderia. Tipo: Sabão em Pó. Embalagem: 800g. O sabão em pó Ápyce MultiAção é ideal para a lavagem de roupas, proporcionando limpeza profunda e fragrância agradável. É também eficaz na limpeza de pisos, azulejos e pinturas laváveis. Disponível na Dona Antônia, em Cuiabá e Várzea Grande, é uma escolha prática para o dia a dia.","Para Casa","EAN/GTIN: 7898976656085",8.90,12
"Sabão em Pó Primavera Tixan 800 g","P0300","Marca: Tixan. Categoria: Lavanderia. Tipo: Sabão em Pó. Embalagem: 800g. Sabão em Pó Primavera Tixan 800 g Tixan LAVANDERIA LAVA-ROUPAS SABÃO EM PÓ 800g Para Casa Lavanderia Sabão em Pó","Para Casa","EAN/GTIN: 7896098909744",13.90,10
"Sabão em Pó Roxo Minuano Sachê 400 g","P-D5DF","Marca: Minuano. Categoria: Lavanderia. Tipo: Sabão em Pó. Embalagem: 400g. Sabão em Pó Roxo Minuano Sachê 400 g Minuano LAVANDERIA LAVA-ROUPAS SABÃO EM PÓ 400g Para Casa Lavanderia Sabão em Pó","Para Casa","EAN/GTIN: 7908324403428",5.29,1
"Sabão em Pó Sanitiza & Higieniza OMO 2,2 kg","698545D","Marca: OMO. Categoria: Lavanderia. Tipo: Sabão em Pó. Embalagem: 2,2kg. Sabão em Pó Sanitiza & Higieniza OMO 2,2 kg OMO LAVANDERIA LAVA-ROUPAS SABÃO EM PÓ 2,2kg Para Casa Lavanderia Sabão em Pó","Para Casa","EAN/GTIN: 7891150072237",36.90,15
"Sabão Líquido Lava-Roupas Brilhante 3 L","623627W","Marca: Brilhante. Categoria: Lavanderia. Tipo: Sabão Líquido. Embalagem: 3 Litros. Sabão Líquido Lava-Roupas Brilhante 3 L Brilhante LAVANDERIA LAVA-ROUPAS SABÃO LÍQUIDO 3 Litros Para Casa Lavanderia Sabão Líquido","Para Casa","EAN/GTIN: 7891150020672",28.90,19
"Sabão Líquido Lava-Roupas Coco Surf 900 ml","52fwe","Marca: Surf. Categoria: Lavanderia. Tipo: Sabão Líquido. Embalagem: 900ml. Sabão Líquido Lava-Roupas Coco Surf 900 ml Surf LAVANDERIA LAVA-ROUPAS SABÃO LÍQUIDO 900ml Para Casa Lavanderia Sabão Líquido","Para Casa","EAN/GTIN: 7891150091047",14.90,1
"Sabão Líquido Lavagem Perfeita Omo 5 L","77891150025102","Categoria: Lavanderia. Tipo: Sabão Líquido. Embalagem: 5l. O sabão líquido Omo Lavagem Perfeita é ideal para a lavagem de roupas, incluindo peças delicadas e pesadas. Com sua fórmula que remove manchas e cuida das cores, ele é uma escolha confiável para quem vive em Cuiabá e Várzea Grande. Experimente a eficiência deste produto que também cuida da sua máquina de lavar.","Para Casa","EAN/GTIN: 77891150025102",58.97,6
"Sabão Líquido Lavagem Perfeita Refil OMO 900 ml","7891150064928","Marca: OMO. Categoria: Lavanderia. Tipo: Sabão Líquido. Embalagem: Refil 900ml. O sabão líquido OMO Lavagem Perfeita é ideal para a lavagem de roupas, proporcionando uma limpeza eficaz. Especialmente indicado para peles delicadas e roupas de bebê, ele é uma escolha confiável para quem busca cuidar das peças com carinho. Disponível na Dona Antônia, em Cuiabá e Várzea Grande, é uma opção prática e eficiente para o dia a dia.","Para Casa","EAN/GTIN: 7891150064928",14.90,10
"Sabão Líquido Limpeza Total Refil Brilhante 900 ml","7891150066519","Marca: Brilhante. Categoria: Lavanderia. Tipo: Sabão Líquido. Embalagem: 900 ml. Brilhante Limpeza Total Refil 900 ml é um sabão líquido concentrado que proporciona limpeza profunda desde a primeira lavagem, graças à ação das enzimas que evitam a deposição de sujeira nos tecidos. Sua fórmula com tecnologia Brilho Ativo mantém roupas brancas mais radiantes e cores mais vivas, além de proteger contra sinais de desgaste. Ideal para roupas brancas e coloridas, rende 12 lavagens e possui embalagem prática de 900 ml.","Para Casa","EAN/GTIN: 7891150066519",12.90,4
"Sabonete Amazonian Phebo 90 g","97897670","Marca: Phebo. Categoria: Higiene Pessoal. Tipo: Sabonetes. Embalagem: 90g. Sabonete Amazonian Phebo 90 g Phebo SABONETE BARRA SABONETE EM BARRA 90g Para Você Higiene Pessoal Sabonetes","Para Você","EAN/GTIN: 7896512909732",4.99,7
"Sabonete em Barra Amêndoas Johnson’s 80 g","685787Y","Marca: Johnson’s. Categoria: Higiene Pessoal. Tipo: Sabonetes. Embalagem: 80g. Sabonete em Barra Amêndoas Johnson’s 80 g Johnson’s SABONETE BARRA SABONETE EM BARRA 80g Para Você Higiene Pessoal Sabonetes","Para Você","EAN/GTIN: 7891010247409",2.89,10
"Sabonete em Barra Antibac Homem Laranja Albany 80 g","P0277","Marca: Albany. Categoria: Higiene Pessoal. Tipo: Sabonetes. Embalagem: 80g. Sabonete em Barra Antibac Homem Laranja Albany 80 g Albany SABONETE BARRA SABONETE EM BARRA 80g Para Você Higiene Pessoal Sabonetes","Para Você","EAN/GTIN: 7897664171749",2.69,5
"Sabonete em Barra Aveia NIVEA 85 g","P0286","Marca: NIVEA. Categoria: Higiene Pessoal. Tipo: Sabonetes. Embalagem: 85g. O sabonete em barra NIVEA com aveia é ideal para a limpeza diária da pele. Ele proporciona uma sensação de suavidade e hidratação, sendo uma ótima opção para quem busca um cuidado especial. Perfeito para o uso em casa, é uma escolha popular entre os moradores de Cuiabá e Várzea Grande que valorizam produtos de qualidade.","Para Você","EAN/GTIN: 4005900521897",2.79,3
"Sabonete em Barra Buquê de Jasmim LUX 85 g","40580000","Marca: LUX. Categoria: Higiene Pessoal. Tipo: Sabonetes. Embalagem: 85g. Sabonete em Barra Buquê de Jasmim LUX 85 g LUX SABONETE BARRA SABONETE EM BARRA 85g Para Você Higiene Pessoal Sabonetes","Para Você","EAN/GTIN: 7891150059849",2.89,1
"Sabonete em Barra Coco Albany 80 g","P0275","Marca: Albany. Categoria: Higiene Pessoal. Tipo: Sabonetes. Embalagem: 80g. Sabonete em Barra Coco Albany 80 g Albany SABONETE BARRA SABONETE EM BARRA 80g Para Você Higiene Pessoal Sabonetes","Para Você","EAN/GTIN: 7897664171718",2.69,12
"Sabonete em Barra Creme Care NIVEA 90 g","P4996R","Marca: NIVEA. Categoria: Higiene Pessoal. Tipo: Sabonetes. Embalagem: 90g. O sabonete em barra NIVEA Creme Care é ideal para a limpeza diária da pele, proporcionando uma sensação de suavidade e hidratação. Com sua fórmula cremosa, ele é perfeito para quem busca um cuidado especial durante o banho. Disponível na Dona Antônia, em Cuiabá e Várzea Grande, é uma ótima opção para manter a pele limpa e macia.","Para Você","EAN/GTIN: 4005900294722",4.90,10
"Sabonete em Barra Enxofre Granado 90 g","41471822","Marca: Granado. Categoria: Higiene Pessoal. Tipo: Sabonetes. Embalagem: 90g. O sabonete Granado Enxofre é ideal para a limpeza da pele, ajudando a controlar a oleosidade. Perfeito para o uso diário, ele pode ser incorporado na rotina de cuidados pessoais. Disponível na Dona Antônia, em Cuiabá e Várzea Grande, é uma opção prática e eficaz para quem busca frescor e limpeza.","Para Você","EAN/GTIN: 7896512900043",9.90,8
"Sabonete em Barra Erva-Doce Dove 90 g","561705E","Marca: Dove. Categoria: Higiene Pessoal. Tipo: Sabonetes. Embalagem: 90g. O sabonete Dove Erva-Doce é ideal para a higienização e hidratação da pele. Com sua fórmula suave, proporciona uma sensação de frescor e bem-estar. Disponível em Cuiabá e Várzea Grande, é uma escolha confiável para o cuidado diário da sua pele.","Para Você","EAN/GTIN: 7891150088238",6.29,3
"Sabonete em Barra Erva-Doce Johnson’s 80 g","734854K","Marca: Johnson’s. Categoria: Higiene Pessoal. Tipo: Sabonetes. Embalagem: 80g. Sabonete em Barra Erva-Doce Johnson’s 80 g Johnson’s SABONETE BARRA SABONETE EM BARRA 80g Para Você Higiene Pessoal Sabonetes","Para Você","EAN/GTIN: 7891010247454",2.89,10
"Sabonete em Barra Hidratação Erva-Doce NIVEA 85 g","P0288","Marca: NIVEA. Categoria: Higiene Pessoal. Tipo: Sabonetes. Embalagem: 85g. O sabonete NIVEA Hidr Erva-Doce é ideal para quem busca uma limpeza suave e refrescante. Com sua fórmula especial, ele proporciona hidratação enquanto limpa a pele, sendo perfeito para o uso diário. Em Cuiabá e Várzea Grande, é uma escolha popular entre os consumidores que valorizam cuidados com a pele.","Para Você","EAN/GTIN: 4005900521934",2.79,10
"Sabonete em Barra Hidratação Orquídeas NIVEA 85 g","P0289","Marca: NIVEA. Categoria: Higiene Pessoal. Tipo: Sabonetes. Embalagem: 85g. O sabonete NIVEA Hidr Orquideas é ideal para quem busca uma limpeza suave e hidratante. Com sua fórmula especial, ele proporciona uma sensação de frescor e bem-estar durante o banho. Perfeito para o uso diário, é uma ótima opção para quem vive em Cuiabá e Várzea Grande e deseja cuidar da pele com carinho.","Para Você","EAN/GTIN: 4005900522016",2.79,3
"Sabonete em Barra Karité e Vitamina Palmolive 85 g","502681E","Marca: Palmolive. Categoria: Higiene Pessoal. Tipo: Sabonetes. Embalagem: 85g. Sabonete em Barra Karité e Vitamina Palmolive 85 g Palmolive SABONETE BARRA SABONETE EM BARRA 85g Para Você Higiene Pessoal Sabonetes","Para Você","EAN/GTIN: 7891024034781",2.80,24
"Sabonete em Barra Lavanda Johnson’s 80 g","756189Q","Marca: Johnson’s. Categoria: Higiene Pessoal. Tipo: Sabonetes. Embalagem: 80g. Sabonete em Barra Lavanda Johnson’s 80 g Johnson’s SABONETE BARRA SABONETE EM BARRA 80g Para Você Higiene Pessoal Sabonetes","Para Você","EAN/GTIN: 7891010247386",2.89,10
"Sabonete em Barra Leite de Rosas 90 g","826194S","Marca: Leite de Rosas. Categoria: Higiene Pessoal. Tipo: Sabonetes. Embalagem: 90g. Sabonete em Barra Leite de Rosas 90 g Leite de Rosas SABONETE BARRA SABONETE EM BARRA 90g Para Você Higiene Pessoal Sabonetes","Para Você","EAN/GTIN: 7896806790084",3.99,7
"Sabonete em Barra Lima da Pérsia Phebo 90 g","97781860","Marca: Phebo. Categoria: Higiene Pessoal. Tipo: Sabonetes. Embalagem: 90g. Sabonete em Barra Lima da Pérsia Phebo 90 g Phebo SABONETE BARRA SABONETE EM BARRA 90g Para Você Higiene Pessoal Sabonetes","Para Você","EAN/GTIN: 7896512936622",4.99,8
"Sabonete em Barra Manteiga de Karité & Lima da Pérsia NIVEA 80 g","356673J","Marca: NIVEA. Categoria: Higiene Pessoal. Tipo: Sabonetes. Embalagem: 80g. O sabonete NIVEA Manteiga de Karité & Lima da Persia é ideal para o cuidado diário da pele. Com sua fórmula suave, proporciona uma limpeza eficaz, deixando a pele macia e hidratada. Perfeito para o uso no banho, é uma excelente opção para quem busca um momento de cuidado e frescor. Disponível nas lojas Dona Antônia em Cuiabá e Várzea Grande.","Para Você","EAN/GTIN: 4006000172828",4.90,10
"Sabonete em Barra Multivitaminas Rexona 1 un","P4NHU","Marca: Rexona. Categoria: Higiene Pessoal. Tipo: Sabonetes. Embalagem: Unidade. Sabonete em Barra Multivitaminas Rexona 1 un Rexona SABONETE BARRA SABONETE EM BARRA Unidade Para Você Higiene Pessoal Sabonetes","Para Você","EAN/GTIN: 7891150083288",3.69,50
"Sabonete em Barra Naturale Phebo 90 g","97961822","Marca: Phebo. Categoria: Higiene Pessoal. Tipo: Sabonetes. Embalagem: 90g. Sabonete em Barra Naturale Phebo 90 g Phebo SABONETE BARRA SABONETE EM BARRA 90g Para Você Higiene Pessoal Sabonetes","Para Você","EAN/GTIN: 7896512909770",4.99,5
"Sabonete em Barra Nutri Protect Glicerina + Macadâmia Protex 85 g","90154886","Marca: Protex. Categoria: Higiene Pessoal. Tipo: Sabonetes. Embalagem: 85g. Sabonete em Barra Nutri Protect Glicerina + Macadâmia Protex 85 g Protex SABONETE BARRA SABONETE EM BARRA 85g Para Você Higiene Pessoal Sabonetes","Para Você","EAN/GTIN: 7891024035214",3.99,10
"Sabonete em Barra Nutrição Cremosa Leite e Pétalas de Rosa Palmolive 85 g","522665T","Marca: Palmolive. Categoria: Higiene Pessoal. Tipo: Sabonetes. Embalagem: 85g. Sabonete em Barra Nutrição Cremosa Leite e Pétalas de Rosa Palmolive 85 g Palmolive SABONETE BARRA SABONETE EM BARRA 85g Para Você Higiene Pessoal Sabonetes","Para Você","EAN/GTIN: 7891024034804",2.80,16
"Sabonete em Barra Odor de Rosas Phebo 90 g","97720189","Marca: Phebo. Categoria: Higiene Pessoal. Tipo: Sabonetes. Embalagem: 90g. Sabonete em Barra Odor de Rosas Phebo 90 g Phebo SABONETE BARRA SABONETE EM BARRA 90g Para Você Higiene Pessoal Sabonetes","Para Você","EAN/GTIN: 7896512909787",4.99,6
"Sabonete em Barra Ômega 3 Protex 85 g","90152354","Marca: Protex. Categoria: Higiene Pessoal. Tipo: Sabonetes. Embalagem: 85g. Sabonete em Barra Ômega 3 Protex 85 g Protex SABONETE BARRA SABONETE EM BARRA 85g Para Você Higiene Pessoal Sabonetes","Para Você","EAN/GTIN: 7891024035207",3.49,10
"Sabonete em Barra Original Dove 90 g","P8","Marca: Dove. Categoria: Higiene Pessoal. Tipo: Sabonetes. Embalagem: 90g. O sabonete em barra Dove Original é ideal para a limpeza e hidratação da pele do corpo e do rosto. Com sua fórmula suave, ele proporciona uma sensação de frescor e bem-estar. Disponível na Dona Antônia, em Cuiabá e Várzea Grande, é uma escolha confiável para todos os tipos de pele.","Para Você","EAN/GTIN: 7898422746759",4.99,4
"Sabonete em Barra Patchouly Phebo 90 g","P189N","Marca: Phebo. Categoria: Higiene Pessoal. Tipo: Sabonetes. Embalagem: 90g. Sabonete em Barra Patchouly Phebo 90 g Phebo SABONETE BARRA SABONETE EM BARRA 90g Para Você Higiene Pessoal Sabonetes","Para Você","EAN/GTIN: 7896512934536",4.99,6
"Sabonete em Barra Pure Milk Sensitive NIVEA 90 g","P965E","Marca: NIVEA. Categoria: Higiene Pessoal. Tipo: Sabonetes. Embalagem: 90g. O Sabonete NIVEA Pure Milk Sensitive é ideal para a limpeza suave da pele. Com sua fórmula delicada, ele é perfeito para o uso diário, proporcionando uma sensação de frescor e conforto. Disponível na Dona Antônia, atende às necessidades de quem busca um cuidado especial em Cuiabá e Várzea Grande.","Para Você","EAN/GTIN: 4005900807854",4.90,10
"Sabonete em Barra Raiz do Oriente Phebo 90 g","97621308","Marca: Phebo. Categoria: Higiene Pessoal. Tipo: Sabonetes. Embalagem: 90g. Sabonete em Barra Raiz do Oriente Phebo 90 g Phebo SABONETE BARRA SABONETE EM BARRA 90g Para Você Higiene Pessoal Sabonetes","Para Você","EAN/GTIN: 7896512918536",4.99,4
"Sabonete em Barra Rosa Aveludada Albany 80 g","P0280","Marca: Albany. Categoria: Higiene Pessoal. Tipo: Sabonetes. Embalagem: 80g. Sabonete em Barra Rosa Aveludada Albany 80 g Albany SABONETE BARRA SABONETE EM BARRA 80g Para Você Higiene Pessoal Sabonetes","Para Você","EAN/GTIN: 7908324403992",2.69,10
"Sabonete em Barra Rosas e Sândalo Johnson’s 80 g","478910O","Marca: Johnson’s. Categoria: Higiene Pessoal. Tipo: Sabonetes. Embalagem: 80g. Sabonete em Barra Rosas e Sândalo Johnson’s 80 g Johnson’s SABONETE BARRA SABONETE EM BARRA 80g Para Você Higiene Pessoal Sabonetes","Para Você","EAN/GTIN: 7891010247393",2.89,10
"Sabonete em Barra Sensação Purificante Palmolive 85 g","501657Y","Marca: Palmolive. Categoria: Higiene Pessoal. Tipo: Sabonetes. Embalagem: 85g. Sabonete em Barra Sensação Purificante Palmolive 85 g Palmolive SABONETE BARRA SABONETE EM BARRA 85g Para Você Higiene Pessoal Sabonetes","Para Você","EAN/GTIN: 7509546659107",2.80,7
"Sabonete em Barra Suave Lilás Francis 85 g","P-7252","Marca: Francis. Categoria: Higiene Pessoal. Tipo: Sabonetes. Embalagem: 85g. Sabonete em Barra Suave Lilás Francis 85 g Francis SABONETE BARRA SABONETE EM BARRA 85g Para Você Higiene Pessoal Sabonetes","Para Você","EAN/GTIN: 7891176117516",2.49,7
"Sabonete em Barra Toque de Baunilha NIVEA 85 g","P0287","Marca: NIVEA. Categoria: Higiene Pessoal. Tipo: Sabonetes. Embalagem: 85g. O sabonete NIVEA Toque de Baunilha é ideal para o cuidado diário da pele. Com sua fórmula suave, proporciona uma limpeza eficaz enquanto deixa um aroma delicado. Perfeito para quem busca um momento de relaxamento durante o banho, é uma ótima opção para os moradores de Cuiabá e Várzea Grande.","Para Você","EAN/GTIN: 4005900527073",3.29,10
"Sabonete Facial Limpeza Uniform & Matte Vitamina C Garnier 150 g","954819C","Marca: Garnier. Categoria: Higiene Pessoal. Tipo: Sabonetes. Embalagem: 150g. O sabonete Garnier Limpeza Facial Uniform & Matte com Vitamina C é ideal para quem busca uma pele limpa e uniforme. Com sua fórmula suave, ele ajuda a remover impurezas e oleosidade, proporcionando uma sensação refrescante. Perfeito para o uso diário, é uma excelente opção para quem vive em Cuiabá e Várzea Grande e deseja cuidar da pele de forma prática e eficaz.","Para Você","EAN/GTIN: 7899706178167",28.90,2
"Sabonete Frescor da Manhã Phebo 90 g","98009020","Marca: Phebo. Categoria: Higiene Pessoal. Tipo: Sabonetes. Embalagem: 90g. Sabonete Frescor da Manhã Phebo 90 g Phebo SABONETE BARRA SABONETE EM BARRA 90g Para Você Higiene Pessoal Sabonetes","Para Você","EAN/GTIN: 7896512909763",4.99,6
"Sabonete Infantil Baby Delicate Care Protex 85 g","146411J","Marca: Protex. Categoria: Bebê. Tipo: Banho do Bebê. Embalagem: 85g. Sabonete Infantil Baby Delicate Care Protex 85 g Protex BEBÊ BANHO SABONETE INFANTIL 85g Para Você Bebê Banho do Bebê","Para Você","EAN/GTIN: 7509546655017",4.49,7
"Sabonete Limpeza Profunda Protex 85 g","90160198","Marca: Protex. Categoria: Higiene Pessoal. Tipo: Sabonetes. Embalagem: 85g. Sabonete Limpeza Profunda Protex 85 g Protex SABONETE BARRA SABONETE EM BARRA 85g Para Você Higiene Pessoal Sabonetes","Para Você","EAN/GTIN: 7891024035047",3.99,8
"Sabonete Líquido Ameixa Dourada Hidramais 500 ml","355715T","Marca: Hidramais. Categoria: Higiene Pessoal. Tipo: Sabonetes. Embalagem: 500ml. O sabonete líquido Hidramais Ameixa Dourada é ideal para a higienização das mãos e do corpo. Com sua fragrância suave, proporciona uma sensação de frescor e limpeza. Disponível na Dona Antônia, em Cuiabá e Várzea Grande, é uma ótima opção para quem busca praticidade e cuidado na rotina diária.","Para Você","EAN/GTIN: 7896369164834",22.90,3
"Sabonete Líquido Ameixa Negra Hidramais 500 ml","686461K","Marca: Hidramais. Categoria: Higiene Pessoal. Tipo: Sabonetes. Embalagem: 500ml. Sabonete Líquido Ameixa Negra Hidramais 500 ml Hidramais SABONETE LÍQUIDO SABONETE LÍQUIDO 500ml Para Você Higiene Pessoal Sabonetes","Para Você","EAN/GTIN: 07896369162403",22.90,3
"Sabonete Líquido Baby da Cabeça aos Pés Dove 400 ml","273810F","Marca: Dove. Categoria: Bebê. Tipo: Banho do Bebê. Embalagem: 400ml. Sabonete Líquido Baby da Cabeça aos Pés Dove 400 ml Dove BEBÊ BANHO SABONETE INFANTIL 400ml Para Você Bebê Banho do Bebê","Para Você","EAN/GTIN: 7891150036369",26.90,2
"Sabonete Líquido Baby Hipoalergênico Dove 400 ml","15398817","Marca: Dove. Categoria: Bebê. Tipo: Banho do Bebê. Embalagem: 400ml. Sabonete Líquido Baby Hipoalergênico Dove 400 ml Dove BEBÊ BANHO SABONETE INFANTIL 400ml Para Você Bebê Banho do Bebê","Para Você","EAN/GTIN: 7891150079236",27.90,2
"Sabonete Líquido Bebê Refil Calêndula Granado 250 ml","918085L","Marca: Granado. Categoria: Bebê. Tipo: Banho do Bebê. Embalagem: 250ml. Sabonete Líquido Bebê Refil Calêndula Granado 250 ml Granado BEBÊ BANHO SABONETE INFANTIL 250ml Para Você Bebê Banho do Bebê","Para Você","EAN/GTIN: 7896512959843",20.90,2
"Sabonete Líquido Bebê Tradicional Granado 500 ml","640057I","Marca: Granado. Categoria: Bebê. Tipo: Banho do Bebê. Embalagem: 500ml. Sabonete Líquido Bebê Tradicional Granado 500 ml Granado BEBÊ BANHO SABONETE INFANTIL 500ml Para Você Bebê Banho do Bebê","Para Você","EAN/GTIN: 7896512949417",36.90,1
"Sabonete Líquido Camomila para Recém-Nascido Refil Huggies 200 ml","879378X","Marca: Huggies. Categoria: Higiene Pessoal. Tipo: Sabonetes. Embalagem: 200ml. Sabonete Líquido Camomila para Recém-Nascido Refil Huggies 200 ml Huggies SABONETE LÍQUIDO REFIL DE SABONETE LÍQUIDO 200ml Para Você Higiene Pessoal Sabonetes","Para Você","EAN/GTIN: 7896018750944",14.90,3
"Sabonete Líquido Chá Branco Coala 500 ml","648994V","Marca: Coala. Categoria: Higiene Pessoal. Tipo: Sabonetes. Embalagem: 500ml. Sabonete Líquido Chá Branco Coala 500 ml Coala SABONETE LÍQUIDO SABONETE LÍQUIDO 500ml Para Você Higiene Pessoal Sabonetes","Para Você","EAN/GTIN: 7897744504917",19.90,2
"Sabonete Líquido Corporal Glicerina Pampers 400 ml","506036B","Marca: Pampers. Categoria: Bebê. Tipo: Banho do Bebê. Embalagem: 400ml. Sabonete Líquido Corporal Glicerina Pampers 400 ml Pampers BEBÊ BANHO SABONETE INFANTIL 400ml Para Você Bebê Banho do Bebê","Para Você","EAN/GTIN: 7891033519279",27.90,3
"Sabonete Líquido Creme Care NIVEA 250 ml","789607G","Marca: NIVEA. Categoria: Higiene Pessoal. Tipo: Sabonetes. Embalagem: 250ml. O sabonete líquido NIVEA Creme Care é ideal para a rotina de cuidados diários com a pele. Com sua fórmula suave, ele proporciona uma limpeza eficaz, mantendo a hidratação natural da pele. Perfeito para quem busca um produto que une praticidade e cuidado, é uma ótima opção para o uso em Cuiabá e Várzea Grande.","Para Você","EAN/GTIN: 4005900095268",16.90,3
"Sabonete Líquido Creme Soft Refil NIVEA 200 ml","5383970003","Categoria: Higiene Pessoal. Tipo: Sabonetes. Embalagem: 200ml. O NIVEA Sabonete Líquido Creme Soft é ideal para o cuidado diário da sua pele. Com sua fórmula suave, ele proporciona uma limpeza eficaz, deixando a pele macia e hidratada. Perfeito para o uso no banho, é uma ótima opção para quem busca um sabonete que une praticidade e conforto. Disponível na Dona Antônia, em Cuiabá e Várzea Grande.","Para Você","EAN/GTIN: 4005900734068",12.90,6
"Sabonete Líquido Derma Control NIVEA 250 ml","5211380239","Marca: NIVEA. Categoria: Higiene Pessoal. Tipo: Sabonetes. Embalagem: 250ml. O sabonete líquido NIVEA Derma Control é ideal para a limpeza da pele, proporcionando uma sensação de frescor e suavidade. Com sua fórmula desenvolvida para o cuidado da pele, ele é perfeito para o uso diário, ajudando a manter a pele limpa e saudável. Disponível na Dona Antônia, em Cuiabá e Várzea Grande, é uma excelente opção para quem busca um produto de qualidade para a higiene pessoal.","Para Você","EAN/GTIN: 4006000179261",16.90,4
"Sabonete Líquido Derma Control Refil NIVEA 200 ml","0794470600","Marca: NIVEA. Categoria: Higiene Pessoal. Tipo: Sabonetes. Embalagem: 200ml. O NIVEA Sabonete Líquido Derma Control é ideal para a rotina de cuidados diários com a pele. Com sua fórmula suave, ele ajuda a limpar e hidratar a pele, proporcionando uma sensação de frescor. Perfeito para quem busca um sabonete que respeite a delicadeza da pele, é uma ótima opção para o dia a dia em Cuiabá e Várzea Grande.","Para Você","EAN/GTIN: 4006000170237",11.90,3
"Sabonete Líquido Derma Control Refil NIVEA 200 ml","32784311","Marca: NIVEA. Categoria: Higiene Pessoal. Tipo: Sabonetes. Embalagem: 200ml. O sabonete líquido NIVEA Derma Control é ideal para a limpeza da pele, proporcionando uma sensação de frescor e suavidade. Perfeito para o uso diário, ele ajuda a remover impurezas e oleosidade, sendo uma ótima opção para quem busca cuidar da pele de forma prática. Disponível na Dona Antônia, em Cuiabá e Várzea Grande, é uma escolha confiável para manter a higiene pessoal.","Para Você","",11.90,2
"Sabonete Líquido Detox Monange 240 ml","P-TEVA","Marca: Monange. Categoria: Higiene Pessoal. Tipo: Sabonetes. Embalagem: 240ml. Sabonete Líquido Detox Monange 240 ml Monange SABONETE LÍQUIDO SABONETE LÍQUIDO 240ml Para Você Higiene Pessoal Sabonetes","Para Você","EAN/GTIN: 7896235354000",8.90,3
"Sabonete Líquido Detox Refil Monange 400 ml","33376256","Marca: Monange. Categoria: Higiene Pessoal. Tipo: Sabonetes. Embalagem: 400ml. Sabonete Líquido Detox Refil Monange 400 ml Monange SABONETE LÍQUIDO REFIL DE SABONETE LÍQUIDO 400ml Para Você Higiene Pessoal Sabonetes","Para Você","EAN/GTIN: 7896235354253",14.90,2
"Sabonete Líquido Erva-Doce NIVEA 250 ml","47864249","Marca: NIVEA. Categoria: Higiene Pessoal. Tipo: Sabonetes. Embalagem: 250ml. O sabonete líquido NIVEA com fragrância de erva-doce é ideal para o cuidado diário da sua pele. Com sua fórmula suave, ele proporciona uma limpeza eficaz, deixando a pele macia e perfumada. Perfeito para o uso no banho, é uma ótima opção para quem busca frescor e hidratação. Disponível na Dona Antônia, em Cuiabá e Várzea Grande.","Para Você","EAN/GTIN: 7890704810738",16.90,1
"Sabonete Líquido Frangipani NIVEA 250 ml","47661760","Marca: NIVEA. Categoria: Higiene Pessoal. Tipo: Sabonetes. Embalagem: 250ml. O sabonete líquido Frangipani da NIVEA é ideal para a limpeza diária da pele, proporcionando uma sensação de frescor e suavidade. Com sua fórmula delicada, ele é perfeito para ser utilizado no banho, deixando a pele limpa e levemente perfumada. A Dona Antônia oferece este produto em Cuiabá e Várzea Grande, garantindo praticidade na sua rotina de cuidados pessoais.","Para Você","EAN/GTIN: 4005808896134",20.90,1
"Sabonete Líquido Glicerina Extra Suave Refil Huggies 200 ml","570146F","Marca: Huggies. Categoria: Bebê. Tipo: Banho do Bebê. Embalagem: 200ml. Sabonete Líquido Glicerina Extra Suave Refil Huggies 200 ml Huggies BEBÊ BANHO SABONETE INFANTIL 200ml Para Você Bebê Banho do Bebê","Para Você","EAN/GTIN: 7896018704206",13.90,4
"Sabonete Líquido Infantil Perfume de Bebê Tricofácil 1,6 L","tricofacil.perfumebebe.1.6","Marca: Tricofácil. Categoria: Bebê. Tipo: Banho do Bebê. Embalagem: Frasco Refil de 1,6L. O sabonete líquido Tricofácil com perfume de bebê é ideal para a limpeza suave e hidratação da pele. Especialmente indicado para peles secas, ele proporciona um toque delicado e uma fragrância agradável. Disponível em Cuiabá e Várzea Grande, é uma ótima opção para o cuidado diário do seu pequeno.","Para Você","EAN/GTIN: 07896369163097",24.90,2
"Sabonete Líquido Íntimo Natural NIVEA 250 ml","34743607","Marca: NIVEA. Categoria: Higiene Pessoal. Tipo: Sabonetes. Embalagem: 250ml. O sabonete líquido íntimo NIVEA é ideal para a higiene diária, proporcionando frescor e conforto. Com sua fórmula suave, é indicado para o uso na rotina de cuidados pessoais, garantindo uma limpeza delicada. Disponível em Cuiabá e Várzea Grande, é uma escolha confiável para quem busca bem-estar e cuidado na higiene íntima.","Para Você","EAN/GTIN: 7890704808131",20.90,2
"Sabonete Líquido Íntimo Suave NIVEA 250 ml","33669705","Marca: NIVEA. Categoria: Higiene Pessoal. Tipo: Sabonetes. Embalagem: 250ml. O sabonete líquido íntimo suave da NIVEA é ideal para a higiene diária, proporcionando frescor e conforto. Com sua fórmula delicada, é perfeito para o uso na rotina de cuidados pessoais, especialmente em Cuiabá e Várzea Grande. A NIVEA é uma marca reconhecida por oferecer produtos que cuidam da pele com carinho e atenção.","Para Você","EAN/GTIN: 7890704810516",19.90,3
"Sabonete Líquido Óleo de Banho NIVEA 200 ml","172190G","Marca: NIVEA. Categoria: Higiene Pessoal. Tipo: Sabonetes. Embalagem: 200ml. O sabonete líquido óleo de banho da NIVEA é ideal para uma limpeza suave e hidratante da pele. Perfeito para ser utilizado durante o banho, ele proporciona uma sensação de frescor e bem-estar. Em Cuiabá e Várzea Grande, é uma escolha popular para quem busca um cuidado especial na rotina diária de higiene.","Para Você","EAN/GTIN: 4005808808281",36.90,4
"Sabonete Líquido Orquídea Negra Coala 500 ml","173203M","Marca: Coala. Categoria: Higiene Pessoal. Tipo: Sabonetes. Embalagem: 500ml. Sabonete Líquido Orquídea Negra Coala 500 ml Coala SABONETE LÍQUIDO SABONETE LÍQUIDO 500ml Para Você Higiene Pessoal Sabonetes","Para Você","EAN/GTIN: 7897744505136",19.90,2
"Sabonete Líquido Refil Ameixa Negra Hidramais 400 ml","952235Z","Marca: Hidramais. Categoria: Higiene Pessoal. Tipo: Sabonetes. Embalagem: 400ml. O sabonete líquido Hidramais com aroma de ameixa negra é ideal para a limpeza e hidratação da pele. Com sua fórmula suave, proporciona uma sensação de frescor e bem-estar. Disponível em Cuiabá e Várzea Grande, é uma ótima opção para quem busca qualidade e praticidade no dia a dia.","Para Você","EAN/GTIN: 7896369164537",12.90,3
"Sabonete Líquido Refil Creme Care NIVEA 200 ml","214281L","Marca: NIVEA. Categoria: Higiene Pessoal. Tipo: Sabonetes. Embalagem: 200ml. O sabonete líquido NIVEA Creme Care é ideal para o cuidado diário da pele. Com sua fórmula suave, ele proporciona uma limpeza eficaz, mantendo a hidratação natural da pele. Perfeito para usar no banho ou na lavagem das mãos, é uma escolha popular entre os moradores de Cuiabá e Várzea Grande que buscam um produto de qualidade para o dia a dia.","Para Você","EAN/GTIN: 4005900734082",11.90,7
"Sabonete Líquido Refil Erva-Doce NIVEA 200 ml","881840G","Marca: NIVEA. Categoria: Higiene Pessoal. Tipo: Sabonetes. Embalagem: 200ml. O sabonete líquido NIVEA com aroma de erva-doce é ideal para a rotina de cuidados diários com a pele. Ele proporciona uma limpeza suave, deixando a pele fresca e perfumada. Perfeito para quem busca um momento de relaxamento durante o banho, é uma ótima opção para os moradores de Cuiabá e Várzea Grande que valorizam produtos de qualidade.","Para Você","EAN/GTIN: 4005900734075",11.90,6
"Sabonete Líquido Refil Perfume Bebê Hidramais 400 ml","233927D","Marca: Hidramais. Categoria: Bebê. Tipo: Banho do Bebê. Embalagem: 400ml. Sabonete Líquido Refil Perfume Bebê Hidramais 400 ml Hidramais BEBÊ BANHO SABONETE INFANTIL 400ml Para Você Bebê Banho do Bebê","Para Você","EAN/GTIN: 7896369163592",12.90,3
"Sabonete Nutri Protect Glicerina + Vitamina E Protex 85 g","90157741","Marca: Protex. Categoria: Higiene Pessoal. Tipo: Sabonetes. Embalagem: 85g. Sabonete Nutri Protect Glicerina + Vitamina E Protex 85 g Protex SABONETE BARRA SABONETE EM BARRA 85g Para Você Higiene Pessoal Sabonetes","Para Você","EAN/GTIN: 7891024035139",4.99,8
"Sabonete Nutrição Luminosa Palmolive 85 g","2413400519","Marca: Palmolive. Categoria: Higiene Pessoal. Tipo: Sabonetes. Embalagem: 85g. Sabonete Nutrição Luminosa Palmolive 85 g Palmolive SABONETE BARRA SABONETE EM BARRA 85g Para Você Higiene Pessoal Sabonetes","Para Você","EAN/GTIN: 7891024034743",2.80,28
"Sabonete Toque de Lavanda Phebo 90 g","97862086","Marca: Phebo. Categoria: Higiene Pessoal. Tipo: Sabonetes. Embalagem: 90g. Sabonete Toque de Lavanda Phebo 90 g Phebo SABONETE BARRA SABONETE EM BARRA 90g Para Você Higiene Pessoal Sabonetes","Para Você","EAN/GTIN: 7896512909794",4.99,7
"Sacciali Molho de Tomate Arrabiata 530g","06683653","Marca: Sacciali. Categoria: Mercearia. Tipo: Molhos de Tomate. Embalagem: 530g. Sacciali Molho de Tomate Arrabiata 530g Sacciali MACARRÃO E MOLHOS MACARRÃO MASSA SECA 530g Para Casa Mercearia Molhos de Tomate","Para Casa","EAN/GTIN: 7896292313330",18.90,3
"Saco Forte Saco para Lixo 50 litros com 10 unidades","69559009","Marca: Reforçadão. Categoria: Limpeza. Tipo: Sacos de Lixo. Embalagem: Unidade. Saco Forte Saco para Lixo 50 litros com 10 unidades Reforçadão LIMPEZA SACO DE LIXO SACO DE LIXO Unidade Para Casa Limpeza Sacos de Lixo","Para Casa","EAN/GTIN: 7898913551022",7.90,5
"Saco Pano Pratic Branco Alvejado 45x70 Unidade","P0302","Marca: Pratic. Categoria: Limpeza. Tipo: Panos de Limpeza. Embalagem: Unidade. Saco Pano Pratic Branco Alvejado 45x70 Unidade Pratic LIMPEZA PANOS E PAPÉIS PANO DE LIMPEZA Unidade Para Casa Limpeza Panos de Limpeza","Para Casa","EAN/GTIN: 7898923102108",5.49,10
"Saco para Lixo 100 L Saco Forte 5 un","69567182","Marca: Saco Forte. Categoria: Limpeza. Tipo: Sacos de Lixo. Embalagem: Unidade. Saco para Lixo 100 L Saco Forte 5 un Saco Forte LIMPEZA SACO DE LIXO SACO DE LIXO Unidade Para Casa Limpeza Sacos de Lixo","Para Casa","EAN/GTIN: 7898913551015",7.90,21
"Saco para Lixo 15 L Saco Forte 10 un","69551698","Marca: Saco Forte. Categoria: Limpeza. Tipo: Sacos de Lixo. Embalagem: Unidade. Saco para Lixo 15 L Saco Forte 10 un Saco Forte LIMPEZA SACO DE LIXO SACO DE LIXO Unidade Para Casa Limpeza Sacos de Lixo","Para Casa","EAN/GTIN: 7898913551060",4.20,5
"Saco para Lixo 30 L Saco Forte 10 un","69555319","Marca: Saco Forte. Categoria: Limpeza. Tipo: Sacos de Lixo. Embalagem: Unidade. Saco para Lixo 30 L Saco Forte 10 un Saco Forte LIMPEZA SACO DE LIXO SACO DE LIXO Unidade Para Casa Limpeza Sacos de Lixo","Para Casa","EAN/GTIN: 7898913551053",5.50,10
"Saco para Lixo Reforçado 50 L Reforçadão 5 un","70027257","Marca: Reforçadão. Categoria: Limpeza. Tipo: Sacos de Lixo. Embalagem: Unidade. Saco para Lixo Reforçado 50 L Reforçadão 5 un Reforçadão LIMPEZA SACO DE LIXO SACO DE LIXO Unidade Para Casa Limpeza Sacos de Lixo","Para Casa","EAN/GTIN: 7898913551046",8.90,1
"Saco para Lixo Reforçado Reforçadão 50 L 10 un","70023105","Marca: Reforçadão. Categoria: Limpeza. Tipo: Sacos de Lixo. Embalagem: Unidade. Saco para Lixo Reforçado Reforçadão 50 L 10 un Reforçadão LIMPEZA SACO DE LIXO SACO DE LIXO Unidade Para Casa Limpeza Sacos de Lixo","Para Casa","EAN/GTIN: 7898913551039",8.90,11
"Sal Amôniaco Real Sabor 40g Pacote","7899767334700","Marca: Real sabor. Categoria: Mercearia. Tipo: Temperos. Embalagem: Pacote. Sal Amôniaco da marca Real Sabor, embalagem em pacote de 5g, EAN 7899767334700.","Para Casa","EAN/GTIN: 7899767334700",1.89,4
"Sal Cristal Ouro 1 kg","P0304","Marca: Cristal Ouro. Categoria: Mercearia. Tipo: Sal. Embalagem: 1kg. Sal Cristal Ouro 1 kg Cristal Ouro MERCEARIA BÁSICA SAL SAL DE COZINHA 1kg Para Casa Mercearia Sal","Para Casa","EAN/GTIN: 7898280080170",2.99,1194
"Saleiro de Vidro Inox Olly Unidade","P396","Marca: Olly. Categoria: Mercearia. Tipo: Temperos. Embalagem: Unidade. Saleiro de Vidro Inox Olly Unidade Olly TEMPEROS TEMPERO TEMPERO PRONTO Unidade Para Casa Mercearia Temperos","Para Casa","EAN/GTIN: 7896980466188",5.90,3
"Salgadinho Costelinha com Limão Elma Chips 35 g","7892840822484","Marca: Elma Chips. Categoria: Mercearia. Tipo: Salgadinhos e Petiscos. Embalagem: 35g. O salgadinho Elma Chips na variante costelinha com limão é uma opção deliciosa para quem busca um lanche prático e saboroso. Ideal para consumo imediato, ele é perfeito para acompanhar momentos de descontração em Cuiabá e Várzea Grande. Experimente essa combinação única de sabores e aproveite a crocância que só a Elma Chips pode oferecer.","Para Casa","EAN/GTIN: 7892840822484",1.90,2
"Salgadinho de Batata Churrasco Pringles 109 g","pringles.churrasco.104","Marca: Pringles. Categoria: Mercearia. Tipo: Salgadinhos e Petiscos. Embalagem: Unidade (109g). As Pringles sabor churrasco são uma opção de lanche crocante e saboroso, perfeitas para momentos de lazer e festas. Disponíveis na Dona Antônia, em Cuiabá e Várzea Grande, elas são ideais para piqueniques ou como aperitivo. Aproveite o sabor defumado que vai agradar a todos.","Para Casa","EAN/GTIN: 7896004006406",14.90,6
"Salgadinho de Batata Creme e Cebola Pringles 109 g","pringles.cremecebola.109","Marca: Pringles. Categoria: Mercearia. Tipo: Salgadinhos e Petiscos. Embalagem: Unidade (109g). O salgadinho Pringles Creme e Cebola é uma opção deliciosa para quem busca um lanche prático e saboroso. Ideal para festas e piqueniques, ele traz o sabor marcante da cebola com um toque cremoso. Disponível na Dona Antônia, em Cuiabá e Várzea Grande, é perfeito para compartilhar com amigos e familiares.","Para Casa","EAN/GTIN: 7896004006407",14.90,4
"Salgadinho de Batata em Tubo Original Ruffles 134 g","215552H","Marca: Ruffles. Categoria: Mercearia. Tipo: Salgadinhos e Petiscos. Embalagem: 134g. O salgadinho Ruffles Batata Original é uma opção deliciosa para quem busca um lanche crocante e saboroso. Ideal para acompanhar momentos de descontração em Cuiabá e Várzea Grande, ele traz a tradição e o sabor que todos conhecem. Experimente e descubra como ele pode ser um ótimo complemento para suas refeições ou um lanche prático no dia a dia.","Para Casa","EAN/GTIN: 7892840817435",13.90,12
"Salgadinho de Batata Original Pringles 104 g","pringles.original.104","Marca: Pringles. Categoria: Mercearia. Tipo: Salgadinhos e Petiscos. Embalagem: Tubo. O salgadinho Pringles Original é uma opção prática e saborosa para quem busca um lanche rápido. Ideal para acompanhar momentos de lazer ou festas, ele traz o sabor inconfundível da batata. Disponível em Cuiabá e Várzea Grande, é uma escolha que agrada a todos.","Para Casa","EAN/GTIN: 7896004006277",14.90,2
"Salgadinho de Batata Stranger Things Carne Defumada Pringles 100 g","pringles.stranger.100g","Marca: Pringles. Categoria: Mercearia. Tipo: Salgadinhos e Petiscos. Embalagem: Tubo de 100g. O salgadinho Pringles Stranger Things é uma opção divertida e saborosa para quem busca um lanche prático. Com seu sabor de carne defumada, ele é perfeito para momentos de descontração em Cuiabá e Várzea Grande. Experimente essa combinação única e surpreenda-se com cada crocante.","Para Casa","EAN/GTIN: 7896004011653",14.90,2
"Salgadinho de Milho Assado Sabor Churrasco LuKitao 100 g","7898965992071","Categoria: Mercearia. Tipo: Salgadinhos e Petiscos. Embalagem: 100g. LuKitao Sabor Churrasco 100g é um salgadinho de milho assado, crocante e saboroso, com tempero de churrasco. Apresenta formato tradicional de salgadinho de milho, ideal para lanches rápidos e momentos de descontração. Embalado em pacote de 100g, é uma opção prática e saborosa para quem aprecia snacks com sabor marcante.","Para Casa","EAN/GTIN: 7898965992071",2.89,20
"Salon Line 215ml","P-JZ15","Marca: Salon Line. Categoria: Cabelos. Tipo: Tratamentos Capilares. Embalagem: 215ml. Salon Line 215ml Salon Line BELEZA CABELO TRATAMENTO CAPILAR 215ml Para Você Cabelos Tratamentos Capilares","Para Você","EAN/GTIN: 7908458326112",26.90,2
"Salon Line 300ml","P-JNIW","Marca: Salon Line. Categoria: Cabelos. Tipo: Tratamentos Capilares. Embalagem: 300ml. Salon Line 300ml Salon Line BELEZA CABELO ESCOVA E PENTE DE CABELO 300ml Para Você Cabelos Tratamentos Capilares","Para Você","EAN/GTIN: 7908458326334",26.90,5
"Salsicha ao Molho Anglo 300 g","55551620","Marca: Anglo. Categoria: Mercearia. Tipo: Enlatados e Conservas. Embalagem: 300g. Salsicha ao Molho Anglo 300 g Anglo MERCEARIA BÁSICA ENLATADOS CONSERVAS E ENLATADOS 300g Para Casa Mercearia Enlatados e Conservas","Para Casa","EAN/GTIN: 7899567245220",4.79,15
"Salsicha Pronta Bordon 180 g","58089827","Marca: Bordon. Categoria: Mercearia. Tipo: Enlatados e Conservas. Embalagem: 180g. Salsicha Pronta Bordon 180 g Bordon MERCEARIA BÁSICA ENLATADOS CONSERVAS E ENLATADOS 180g Para Casa Mercearia Enlatados e Conservas","Para Casa","EAN/GTIN: 7896031232083",6.90,8
"Santa Távola Molho de Tomate Bolonhesa 400g","2402950268","Marca: Santa Távola. Categoria: Mercearia. Tipo: Molhos de Tomate. Embalagem: 400g. Santa Távola Molho de Tomate Bolonhesa 400g Santa Távola MACARRÃO E MOLHOS MACARRÃO MASSA SECA 400g Para Casa Mercearia Molhos de Tomate","Para Casa","EAN/GTIN: 7897990112188",17.90,2
"Santa Távola Molho de Tomate com Ricotta 400g","06774917","Marca: Santa Távola. Categoria: Mercearia. Tipo: Molhos de Tomate. Embalagem: 400g. Santa Távola Molho de Tomate com Ricotta 400g Santa Távola MACARRÃO E MOLHOS MACARRÃO MASSA SECA 400g Para Casa Mercearia Molhos de Tomate","Para Casa","EAN/GTIN: 7897990112164",17.90,3
"Santa Távola Molho Quatro Queijo 400g","06907868","Marca: Santa Távola. Categoria: Mercearia. Tipo: Massas. Embalagem: 400g. Santa Távola Molho Quatro Queijo 400g Santa Távola MACARRÃO E MOLHOS MACARRÃO MASSA SECA 400g Para Casa Mercearia Massas","Para Casa","EAN/GTIN: 7897990112195",17.90,2
"Santa Távola Passata Basílico Tomate 680g","06376230","Marca: Santa Távola. Categoria: Mercearia. Tipo: Molhos de Tomate. Embalagem: 680g. Santa Távola Passata Basílico Tomate 680g Santa Távola MACARRÃO E MOLHOS MACARRÃO MASSA SECA 680g Para Casa Mercearia Molhos de Tomate","Para Casa","EAN/GTIN: 602883033009",18.90,6
"Santa Távola Passata Rústica Di Pomodoro Tomate 680g","05766792","Marca: Santa Távola. Categoria: Mercearia. Tipo: Molhos de Tomate. Embalagem: 680g. Santa Távola Passata Rústica Di Pomodoro Tomate 680g Santa Távola MACARRÃO E MOLHOS MACARRÃO MASSA SECA 680g Para Casa Mercearia Molhos de Tomate","Para Casa","EAN/GTIN: 602883033016",18.90,3
"Santa Távola Passata Tradizionale Tomate 680g","06192023","Marca: Santa Távola. Categoria: Mercearia. Tipo: Molhos de Tomate. Embalagem: 680g. Santa Távola Passata Tradizionale Tomate 680g Santa Távola MACARRÃO E MOLHOS MACARRÃO MASSA SECA 680g Para Casa Mercearia Molhos de Tomate","Para Casa","EAN/GTIN: 736532223418",18.90,3
"Santa Távola Tomates Cereja em Suco de Tomate 400g","4477660651","Marca: Santa Távola. Categoria: Mercearia. Tipo: Massas. Embalagem: 400g. Santa Távola Tomates Cereja em Suco de Tomate 400g Santa Távola MACARRÃO E MOLHOS MACARRÃO MASSA SECA 400g Para Casa Mercearia Massas","Para Casa","EAN/GTIN: 788115674896",9.90,2
"Santa Távola Tomates Pelados 400g","54750175","Marca: Santa Távola. Categoria: Mercearia. Tipo: Massas. Embalagem: 400g. Santa Távola Tomates Pelados 400g Santa Távola MACARRÃO E MOLHOS MACARRÃO MASSA SECA 400g Para Casa Mercearia Massas","Para Casa","EAN/GTIN: 736532223401",9.90,3
"Sardinha em Óleo Nautique 125 g","P-1XLE","Marca: Nautique. Categoria: Mercearia. Tipo: Enlatados e Conservas. Embalagem: 125. Sardinha em Óleo Nautique 125 g Nautique MERCEARIA BÁSICA ENLATADOS CONSERVAS E ENLATADOS 125 Para Casa Mercearia Enlatados e Conservas","Para Casa","EAN/GTIN: 7898342050240",5.99,34
"Sardinha Tomate Nautique 125 g","P-AV1J","Marca: Nautique. Categoria: Mercearia. Tipo: Enlatados e Conservas. Embalagem: 125g. Sardinha Tomate Nautique 125 g Nautique MERCEARIA BÁSICA ENLATADOS CONSERVAS E ENLATADOS 125g Para Casa Mercearia Enlatados e Conservas","Para Casa","EAN/GTIN: 7898342050257",5.99,34
"Seda Kit Shampoo e Condicionador Toque de 300ml + 190ml","3257510444","Marca: Seda. Categoria: Cabelos. Tipo: Kits de Shampoo e Condicionador. Embalagem: 300ml + 190ml. Seda Kit Shampoo e Condicionador Toque de 300ml + 190ml Seda SHAMPOO E CONDICIONADOR KIT SHAMPOO E CONDICIONADOR KIT CAPILAR 300ml + 190ml Para Você Cabelos Kits de Shampoo e Condicionador","Para Você","EAN/GTIN: 7891150101630",24.90,1
"Seda Shampoo Hidratao Diaria Unidade","515718V","Marca: Seda. Categoria: Cabelos. Tipo: Shampoo. Embalagem: Unidade. Seda Shampoo Hidratao Diaria Unidade Seda SHAMPOO E CONDICIONADOR SHAMPOO SHAMPOO CAPILAR Unidade Para Você Cabelos Shampoo cabelo seco cabelo ressecado ressecamento hidratar cabelo maciez","Para Você","EAN/GTIN: 7891150037458",16.90,3
"Sérum Capilar Elixir Prolongador de Gloss Glycolic Gloss Elseve 100 ml","P-AEUJ","Marca: Elseve. Categoria: Cabelos. Tipo: Óleos e Séruns Capilares. Embalagem: 100ml. O sérum capilar Elseve Elixir Prolongador de Gloss Glycolic Gloss é ideal para quem busca brilho intenso e proteção para os cabelos. Com tecnologia ativada por calor, ele ajuda a alinhar os fios e a reduzir o frizz, proporcionando um efeito liso duradouro. Disponível na Dona Antônia, em Cuiabá e Várzea Grande, é uma ótima opção para manter seus cabelos saudáveis e bonitos.","Para Você","EAN/GTIN: 7908615055183",29.90,2
"Sérum Facial Garnier Uniform & Matte Antimarcas Vitamina C 15ml","7899706196628","Marca: Elseve. Categoria: Beleza e Cuidados. Tipo: Cuidados com o Rosto. Embalagem: 15ml. O sérum facial Garnier Uniform & Matte é ideal para quem busca reduzir marcas visíveis e controlar a oleosidade da pele. Com uma fórmula que combina vitamina C, niacinamida e ácido salicílico, ele ajuda a uniformizar o tom da pele. A Dona Antônia oferece este produto em Cuiabá e Várzea Grande, proporcionando uma opção prática para o cuidado diário da sua pele.","Para Você","EAN/GTIN: 7899706196628",48.90,2
"Sérum Hidratante Corporal Niacinamida Uniformizador Dove 380 ml","dove.serumcorporal.380","Marca: Dove. Categoria: Beleza e Cuidados. Tipo: Cuidados Corporais. Embalagem: 380ml. O sérum hidratante corporal da Dove com niacinamida é ideal para quem busca hidratação profunda e uniformização do tom da pele. Com 380ml, ele é perfeito para o uso diário, ajudando a reduzir a aparência de marcas escurecidas. Disponível na Dona Antônia, em Cuiabá e Várzea Grande, é uma opção prática e confiável para o cuidado da sua pele.","Para Você","EAN/GTIN: 7891150095809",45.90,2
"Shampoo 2 em 1 Darling 350 ml","226577W","Marca: Darling. Categoria: Cabelos. Tipo: Shampoo. Embalagem: 350ml. Shampoo 2 em 1 Darling 350 ml Darling SHAMPOO E CONDICIONADOR SHAMPOO SHAMPOO CAPILAR 350ml Para Você Cabelos Shampoo","Para Você","EAN/GTIN: 7891024182475",10.90,1
"Shampoo Anticaspa Fragrância Old Spice Head & Shoulders 650 ml","302775L","Marca: Head & Shoulders. Categoria: Cabelos. Tipo: Shampoo. Embalagem: 650ml. Shampoo Anticaspa Fragrância Old Spice Head & Shoulders 650 ml Head & Shoulders SHAMPOO E CONDICIONADOR SHAMPOO SHAMPOO CAPILAR 650ml Para Você Cabelos Shampoo","Para Você","EAN/GTIN: 7500435238687",29.90,3
"Shampoo Blindagem Antiumidade TRESemmé 650 ml","521057V","Marca: TRESemmé. Categoria: Cabelos. Tipo: Shampoo. Embalagem: 650ml. O shampoo TRESemmé Blindagem Antiumidade é ideal para quem busca uma limpeza capilar diária. Com sua fórmula, ele ajuda a proteger os fios contra a umidade e o frizz, proporcionando um cabelo mais saudável. Disponível na Dona Antônia, em Cuiabá e Várzea Grande, é uma escolha confiável para o seu dia a dia.","Para Você","EAN/GTIN: 7891150100312",29.90,9
"Shampoo Cachos Definidos Seda 325 ml","P329","Marca: Seda. Categoria: Cabelos. Tipo: Shampoo. Embalagem: 325ml. Shampoo Cachos Definidos Seda 325 ml Seda SHAMPOO E CONDICIONADOR SHAMPOO SHAMPOO CAPILAR 325ml Para Você Cabelos Shampoo cabelo cacheado cabelo crespo cabelo ondulado definicao de cachos definir cachos","Para Você","EAN/GTIN: 7891150037595",16.90,4
"Shampoo Camomila para Loiros Naturais Lola Cosmetics 200 ml","6892540184","Marca: Lola Cosmetics. Categoria: Cabelos. Tipo: Shampoo. Embalagem: 200ml. Shampoo Camomila para Loiros Naturais Lola Cosmetics 200 ml Lola Cosmetics SHAMPOO E CONDICIONADOR SHAMPOO SHAMPOO CAPILAR 200ml Para Você Cabelos Shampoo","Para Você","EAN/GTIN: 7899572809783",22.90,1
"Shampoo Camomila Pom Pom 200 ml","P-AXAS","Marca: Pom Pom. Categoria: Cabelos. Tipo: Shampoo. Embalagem: 200ml. Shampoo Camomila Pom Pom 200 ml Pom Pom SHAMPOO E CONDICIONADOR SHAMPOO SHAMPOO CAPILAR 200ml Para Você Cabelos Shampoo","Para Você","EAN/GTIN: 7896012877722",14.90,9
"Shampoo Ceramidas Darling 350 ml","683655Q","Marca: Darling. Categoria: Cabelos. Tipo: Shampoo. Embalagem: 350ml. Shampoo Ceramidas Darling 350 ml Darling SHAMPOO E CONDICIONADOR SHAMPOO SHAMPOO CAPILAR 350ml Para Você Cabelos Shampoo","Para Você","EAN/GTIN: 7891024181072",10.90,4
"Shampoo Ceramidas Force Palmolive 650 ml","7509546674957","Marca: Palmolive. Categoria: Cabelos. Tipo: Shampoo. Embalagem: 650ml. Shampoo Ceramidas Force Palmolive 650 ml Palmolive SHAMPOO E CONDICIONADOR SHAMPOO SHAMPOO CAPILAR 650ml Para Você Cabelos Shampoo","Para Você","EAN/GTIN: 7509546674957",18.90,3
"Shampoo Ceramidas Seda 325 ml","300202T","Marca: Seda. Categoria: Cabelos. Tipo: Shampoo. Embalagem: 325ml. Shampoo Ceramidas Seda 325 ml Seda SHAMPOO E CONDICIONADOR SHAMPOO SHAMPOO CAPILAR 325ml Para Você Cabelos Shampoo","Para Você","EAN/GTIN: 7891150037397",16.90,8
"Shampoo Clássico Neutrox 300 ml","930618H","Marca: Neutrox. Categoria: Cabelos. Tipo: Shampoo. Embalagem: 300ml. O Shampoo Neutrox Clássico é ideal para a limpeza dos cabelos, proporcionando uma sensação de frescor e leveza. Perfeito para o uso diário, ele se destaca na rotina de cuidados capilares, sendo uma escolha popular entre os moradores de Cuiabá e Várzea Grande. Experimente e sinta a diferença na sua rotina de beleza com este produto de qualidade.","Para Você","EAN/GTIN: 7891176117608",14.90,3
"Shampoo Clássico Neutrox 500 ml","476585O","Marca: Neutrox. Categoria: Cabelos. Tipo: Shampoo. Embalagem: 500ml. O Shampoo Neutrox Clássico é ideal para a limpeza dos cabelos, proporcionando uma rotina de cuidados diários. Com sua fórmula suave, ele ajuda a manter os fios limpos e frescos, sendo uma ótima opção para quem busca praticidade no dia a dia. Disponível na Dona Antônia, em Cuiabá e Várzea Grande, é um produto que se destaca pela sua eficiência.","Para Você","EAN/GTIN: 7908324403480",18.90,3
"Shampoo Cristal de Hortelã Skala 600 ml","796242K","Marca: Skala. Categoria: Cabelos. Tipo: Shampoo. Embalagem: 600ml. Shampoo Cristal de Hortelã Skala 600 ml Skala SHAMPOO E CONDICIONADOR SHAMPOO SHAMPOO CAPILAR 600ml Para Você Cabelos Shampoo","Para Você","EAN/GTIN: 7897042020980",16.90,3
"Shampoo Danos Vorazes Lola Cosmetics 250 ml","308555W","Marca: Lola Cosmetics. Categoria: Cabelos. Tipo: Shampoo. Embalagem: 250ml. Shampoo Danos Vorazes Lola Cosmetics 250 ml Lola Cosmetics SHAMPOO E CONDICIONADOR SHAMPOO SHAMPOO CAPILAR 250ml Para Você Cabelos Shampoo","Para Você","EAN/GTIN: 7899572811724",23.90,4
"Shampoo Darling Tília 350 ml","7891024180877","Marca: Darling. Categoria: Cabelos. Tipo: Shampoo. Embalagem: 350 ml. O Shampoo Darling Tília 350 ml é formulado para cabelos secos, tingidos ou quimicamente tratados, proporcionando restauração e hidratação profunda. Sua composição inclui tília e pró-vitamina B5, que fortalecem os fios e conferem fragrância duradoura. A embalagem de 350 ml é prática para uso diário.","Para Você","EAN/GTIN: 7891024180877",8.90,1
"Shampoo de Cereja Skala","725967Q","Marca: Skala. Categoria: Cabelos. Tipo: Shampoo. Embalagem: Unidade. Shampoo de Cereja Skala Skala SHAMPOO E CONDICIONADOR SHAMPOO SHAMPOO CAPILAR Unidade Para Você Cabelos Shampoo","Para Você","EAN/GTIN: 7897042020713",9.90,3
"Shampoo de Glicerina Pampers 400 ml","203026T","Marca: Pampers. Categoria: Bebê. Tipo: Banho do Bebê. Embalagem: 400ml. Shampoo de Glicerina Pampers 400 ml Pampers BEBÊ BANHO SHAMPOO E CONDICIONADOR INFANTIL 400ml Para Você Bebê Banho do Bebê","Para Você","EAN/GTIN: 7891033519330",28.90,2
"Shampoo de Uva Skala 325 ml","297756D","Marca: Skala. Categoria: Cabelos. Tipo: Shampoo. Embalagem: 325ml. Shampoo de Uva Skala 325 ml Skala SHAMPOO E CONDICIONADOR SHAMPOO SHAMPOO CAPILAR 325ml Para Você Cabelos Shampoo","Para Você","EAN/GTIN: 7897042019250",9.90,3
"Shampoo Densidade Lola Cosmetics 250 ml","lola.shampoodensidade.250","Marca: Lola Cosmetics. Categoria: Cabelos. Tipo: Shampoo. Embalagem: Pote 250ml. O shampoo Densidade da Lola Cosmetics é ideal para fortalecer e estimular o crescimento de cabelos finos e com queda. Com uma fórmula vegana e livre de cloreto de sódio, ele é dermatologicamente testado, garantindo um cuidado especial para seus fios. Disponível em Cuiabá e Várzea Grande, é uma ótima opção para quem busca um produto confiável e natural para o dia a dia.","Para Você","EAN/GTIN: 7899572812042",24.90,4
"Shampoo Detox Capilar TRESemmé 650 ml","455881A","Marca: TRESemmé. Categoria: Cabelos. Tipo: Shampoo. Embalagem: 650ml. O shampoo TRESemmé Detox Capilar é ideal para quem busca uma limpeza profunda e purificação dos cabelos. Com ingredientes botânicos como matcha e gengibre, ele ajuda a remover resíduos acumulados, proporcionando nutrição intensa aos fios. Perfeito para uso diário, é indicado para cabelos equilibrados a oleosos. Experimente a qualidade que a Dona Antônia traz para Cuiabá e Várzea Grande.","Para Você","EAN/GTIN: 7891150091191",29.90,18
"Shampoo Detox Darling 350 ml","153079H","Marca: Darling. Categoria: Cabelos. Tipo: Shampoo. Embalagem: 350ml. Shampoo Detox Darling 350 ml Darling SHAMPOO E CONDICIONADOR SHAMPOO SHAMPOO CAPILAR 350ml Para Você Cabelos Shampoo limpeza profunda oleosidade cabelo oleoso remover residuos purificacao","Para Você","EAN/GTIN: 7509546682600",10.90,2
"Shampoo Detox Palmolive 350 ml","562875Q","Marca: Palmolive. Categoria: Cabelos. Tipo: Shampoo. Embalagem: 350ml. Shampoo Detox Palmolive 350 ml Palmolive SHAMPOO E CONDICIONADOR SHAMPOO SHAMPOO CAPILAR 350ml Para Você Cabelos Shampoo limpeza profunda oleosidade cabelo oleoso remover residuos purificacao","Para Você","EAN/GTIN: 7891024042908",13.90,2
"Shampoo Dream Cream Lola Cosmetics 250 ml","176694J","Marca: Lola Cosmetics. Categoria: Cabelos. Tipo: Shampoo. Embalagem: 250ml. Shampoo Dream Cream Lola Cosmetics 250 ml Lola Cosmetics SHAMPOO E CONDICIONADOR SHAMPOO SHAMPOO CAPILAR 250ml Para Você Cabelos Shampoo","Para Você","EAN/GTIN: 7899572810178",28.90,1
"Shampoo e Condicionador Infantil 2 em 1 Johnson’s 400 ml","499686V","Marca: Johnson’s. Categoria: Bebê. Tipo: Banho do Bebê. Embalagem: 400ml. Shampoo e Condicionador Infantil 2 em 1 Johnson’s 400 ml Johnson’s BEBÊ BANHO SHAMPOO E CONDICIONADOR INFANTIL 400ml Para Você Bebê Banho do Bebê","Para Você","EAN/GTIN: 7891010257101",22.90,5
"Shampoo Elseve Longo dos Sonhos Salvador 400ml","7899706170819","Marca: Elseve. Categoria: Cabelos. Tipo: Shampoo. Embalagem: 400ml. O Shampoo Elseve Longo dos Sonhos Salvador 400ml é formulado com queratina vegetal e óleo de rícino, visando reconstruir fios longos e danificados. Sua fórmula cremosa sela as pontas duplas e preserva o comprimento, proporcionando maciez e brilho intenso. Indicado para cabelos longos e danificados.","Para Você","EAN/GTIN: 7899706170819",28.90,2
"Shampoo Force com Colágeno e Biotina Palmolive 650 ml","7509546687759","Marca: Palmolive. Categoria: Cabelos. Tipo: Shampoo. Embalagem: 650ml. Shampoo Force com Colágeno e Biotina Palmolive 650 ml Palmolive SHAMPOO E CONDICIONADOR SHAMPOO SHAMPOO CAPILAR 650ml Para Você Cabelos Shampoo","Para Você","EAN/GTIN: 7509546687759",18.90,3
"Shampoo Ghee de Hidratação Banana Lola Cosmetics 250 ml","650211W","Marca: Lola Cosmetics. Categoria: Cabelos. Tipo: Shampoo. Embalagem: 250ml. Shampoo Ghee de Hidratação Banana Lola Cosmetics 250 ml Lola Cosmetics SHAMPOO E CONDICIONADOR SHAMPOO SHAMPOO CAPILAR 250ml Para Você Cabelos Shampoo cabelo seco cabelo ressecado ressecamento hidratar cabelo maciez","Para Você","EAN/GTIN: 7899572810840",28.90,2
"Shampoo Glicólico Skala 600 ml","192278N","Marca: Skala. Categoria: Cabelos. Tipo: Shampoo. Embalagem: 600ml. Shampoo Glicólico Skala 600 ml Skala SHAMPOO E CONDICIONADOR SHAMPOO SHAMPOO CAPILAR 600ml Para Você Cabelos Shampoo","Para Você","EAN/GTIN: 7897042020973",16.90,3
"Shampoo Glycolic Gloss Extra Gloss Elseve 400 ml","7908615060606","Marca: Elseve. Categoria: Cabelos. Tipo: Shampoo. Embalagem: 400ml. O shampoo Elseve Glycolic Gloss é ideal para quem busca uma limpeza profunda dos fios. Com fórmula de pH ácido e ácido glicólico, ele combate a porosidade e proporciona um brilho intenso. Disponível na Dona Antônia, atende às necessidades de quem vive em Cuiabá e Várzea Grande. Experimente e sinta a diferença na sua rotina de cuidados capilares.","Para Você","EAN/GTIN: 7908615060606",26.90,2
"Shampoo Hidratação + Hialuron-Vit Dove 370 ml","877092K","Marca: Dove. Categoria: Cabelos. Tipo: Shampoo. Embalagem: 370ml. Shampoo Hidratação + Hialuron-Vit Dove 370 ml Dove SHAMPOO E CONDICIONADOR SHAMPOO SHAMPOO CAPILAR 370ml Para Você Cabelos Shampoo cabelo seco cabelo ressecado ressecamento hidratar cabelo maciez","Para Você","EAN/GTIN: 7891150102545",23.90,2
"Shampoo Hidratação Profunda TRESemmé 650 ml","965620J","Marca: TRESemmé. Categoria: Cabelos. Tipo: Shampoo. Embalagem: 650ml. O shampoo TRESemmé Hidratação Profunda é ideal para quem busca limpeza e hidratação profunda dos cabelos. Com uma fórmula profissional que contém pantenol e niacinamida, ele ajuda a deixar os fios mais maleáveis e macios. Disponível na Dona Antônia, em Cuiabá e Várzea Grande, é uma escolha confiável para o cuidado diário dos seus cabelos.","Para Você","EAN/GTIN: 7891150091184",29.90,8
"Shampoo Infantil Glicerinado Sálvia Skalinha Bebê Skala 200 ml","301104O","Marca: Skala. Categoria: Bebê. Tipo: Banho do Bebê. Embalagem: 200ml. Shampoo Infantil Glicerinado Sálvia Skalinha Bebê Skala 200 ml Skala BEBÊ BANHO SHAMPOO E CONDICIONADOR INFANTIL 200ml Para Você Bebê Banho do Bebê","Para Você","EAN/GTIN: 7897042018079",10.90,2
"Shampoo Infantil Skalinha Bebê Glicerinado Camomila Skala 200 ml","417248R","Marca: Skala. Categoria: Bebê. Tipo: Banho do Bebê. Embalagem: 200ml. Shampoo Infantil Skalinha Bebê Glicerinado Camomila Skala 200 ml Skala BEBÊ BANHO SHAMPOO E CONDICIONADOR INFANTIL 200ml Para Você Bebê Banho do Bebê","Para Você","EAN/GTIN: 7897042016242",9.90,2
"Shampoo Liso dos Sonhos Super Alinhador Elseve 400 ml","P-5QLR","Marca: Elseve. Categoria: Cabelos. Tipo: Shampoo. Embalagem: 400ml. Shampoo Liso dos Sonhos Super Alinhador Elseve 400 ml Elseve SHAMPOO E CONDICIONADOR SHAMPOO SHAMPOO CAPILAR 400ml Para Você Cabelos Shampoo cabelo liso cabelo alisado efeito liso reduzir volume","Para Você","EAN/GTIN: 7908785461708",27.90,2
"Shampoo Liso Leve e Solto Antifrizz Lola Cosméticos 250 ml","7899552808687","Marca: Lola Cosméticos. Categoria: Cabelos. Tipo: Shampoo. Embalagem: 250ml. Shampoo Antifrizz Efeito Liso para cabelos lisos naturais, alisados ou wannabe. Limpa suavemente garantindo o balanço natural das suas madeixas. Ajuda no efeito liso duradouro e na redução visível do frizz.","Para Você","EAN/GTIN: 7899552808687",34.90,2
"Shampoo Liso Perfeito Seda 325 ml","P327","Marca: Seda. Categoria: Cabelos. Tipo: Shampoo. Embalagem: 325ml. Shampoo Liso Perfeito Seda 325 ml Seda SHAMPOO E CONDICIONADOR SHAMPOO SHAMPOO CAPILAR 325ml Para Você Cabelos Shampoo cabelo liso cabelo alisado efeito liso reduzir volume","Para Você","EAN/GTIN: 7891150037519",16.90,3
"Shampoo Luminoso UV Seda 300 ml","P331","Marca: Seda. Categoria: Cabelos. Tipo: Shampoo. Embalagem: 300ml. Shampoo Luminoso UV Seda 300 ml Seda SHAMPOO E CONDICIONADOR SHAMPOO SHAMPOO CAPILAR 300ml Para Você Cabelos Shampoo","Para Você","EAN/GTIN: 7891150099845",16.90,5
"Shampoo Mais Cachos Skala 600 ml","444214B","Marca: Skala. Categoria: Cabelos. Tipo: Shampoo. Embalagem: 600ml. Shampoo Mais Cachos Skala 600 ml Skala SHAMPOO E CONDICIONADOR SHAMPOO SHAMPOO CAPILAR 600ml Para Você Cabelos Shampoo cabelo cacheado cabelo crespo cabelo ondulado definicao de cachos definir cachos","Para Você","EAN/GTIN: 7897042021000",16.90,1
"Shampoo Meu Cacho Minha Vida Lola Cosmetics 500 ml","p009s3","Marca: Lola Cosmetics. Categoria: Cabelos. Tipo: Shampoo. Embalagem: 500ml. Shampoo Meu Cacho Minha Vida Lola Cosmetics 500 ml Lola Cosmetics SHAMPOO E CONDICIONADOR SHAMPOO SHAMPOO CAPILAR 500ml Para Você Cabelos Shampoo","Para Você","EAN/GTIN: 7899572806751",29.90,4
"Shampoo Morte Súbita Lola Cosmetics 250 ml","143701B","Marca: Lola Cosmetics. Categoria: Cabelos. Tipo: Shampoo. Embalagem: 250ml. Shampoo Morte Súbita Lola Cosmetics 250 ml Lola Cosmetics SHAMPOO E CONDICIONADOR SHAMPOO SHAMPOO CAPILAR 250ml Para Você Cabelos Shampoo","Para Você","EAN/GTIN: 7899572805358",25.90,5
"Shampoo Naturals Iluminador Pretos Palmolive 350 ml","986817L","Marca: Palmolive. Categoria: Cabelos. Tipo: Shampoo. Embalagem: 350ml. Shampoo Naturals Iluminador Pretos Palmolive 350 ml Palmolive SHAMPOO E CONDICIONADOR SHAMPOO SHAMPOO CAPILAR 350ml Para Você Cabelos Shampoo","Para Você","EAN/GTIN: 7891024158609",13.90,2
"Shampoo Naturals Neutro Palmolive 650 ml","863723F","Marca: Palmolive. Categoria: Cabelos. Tipo: Shampoo. Embalagem: 650ml. O Shampoo Palmolive Naturals Neutro é ideal para o cuidado diário dos cabelos. Com sua fórmula suave, ele limpa e hidrata, sendo perfeito para quem busca um cabelo saudável. Disponível na Dona Antônia, em Cuiabá e Várzea Grande, é uma excelente opção para a sua rotina de cuidados capilares.","Para Você","EAN/GTIN: 7509546673851",18.90,5
"Shampoo Nutrição Extraordinária Palmolive 650 ml","94359333","Marca: Palmolive. Categoria: Cabelos. Tipo: Shampoo. Embalagem: 650ml. Shampoo Nutrição Extraordinária Palmolive 650 ml Palmolive SHAMPOO E CONDICIONADOR SHAMPOO SHAMPOO CAPILAR 650ml Para Você Cabelos Shampoo","Para Você","EAN/GTIN: 7509546674940",18.90,4
"Shampoo Nutritivo Revitalizante Ela é Carioca Lola Cosmetics 500 ml","7899572812288","Marca: Lola Cosmetics. Categoria: Cabelos. Tipo: Shampoo. Embalagem: 500ml. Shampoo nutritivo revitalizante para todos os tipos de cabelo, proporcionando limpeza eficaz sem agredir os fios. Sua fórmula altamente nutritiva confere aparência revitalizada, deixando os cabelos sedosos e macios. Ideal para higienizar desde o couro cabeludo até as pontas.","Para Você","EAN/GTIN: 7899572812288",36.90,2
"Shampoo Óleo de Argan Lola Cosmetics 250 ml","561824U","Marca: Lola Cosmetics. Categoria: Cabelos. Tipo: Shampoo. Embalagem: 250ml. O shampoo Lola Cosmetics Óleo de Argan é ideal para a reconstrução capilar de cabelos danificados. Com sua fórmula enriquecida, ele ajuda a restaurar a saúde dos fios, proporcionando maciez e brilho. Disponível em Cuiabá e Várzea Grande, é uma escolha confiável para quem busca cuidar dos cabelos de forma natural e eficaz.","Para Você","EAN/GTIN: 7899572806874",23.90,7
"Shampoo Óleo Extraordinário Nutrição Elseve 400 ml","7898587774338","Marca: Elseve. Categoria: Cabelos. Tipo: Shampoo. Embalagem: 400ml. O Elseve Óleo Extraordinário Nutrição Shampoo 400ml é formulado com óleos de argan e marula, proporcionando nutrição intensa para cabelos secos. Sua fórmula sem sal limpa suavemente, deixando os fios macios e brilhantes. Indicado para uso diário, oferece uma fragrância delicada que permanece nos cabelos.","Para Você","EAN/GTIN: 7898587774338",28.90,2
"Shampoo Original Kolene 300 ml","644982O","Marca: Kolene. Categoria: Cabelos. Tipo: Shampoo. Embalagem: 300ml. Shampoo Original Kolene 300 ml Kolene SHAMPOO E CONDICIONADOR SHAMPOO SHAMPOO CAPILAR 300ml Para Você Cabelos Shampoo","Para Você","EAN/GTIN: 7891176117561",12.90,3
"Shampoo Pom Suave Pom Pom 200 ml","P-SQ40","Marca: Pom Pom. Categoria: Cabelos. Tipo: Shampoo. Embalagem: 200ml. Shampoo Pom Suave Pom Pom 200 ml Pom Pom SHAMPOO E CONDICIONADOR SHAMPOO SHAMPOO CAPILAR 200ml Para Você Cabelos Shampoo","Para Você","EAN/GTIN: 7896012800669",12.90,2
"Shampoo Pure Hialurônico Hidra Purificante Elseve 400 ml","7899706244107","Marca: Elseve. Categoria: Cabelos. Tipo: Shampoo. Embalagem: Frasco. O Shampoo Elseve Pure Hialurônico Hidra Purificante é desenvolvido com a combinação de Ácido Hialurônico e Ácido Salicílico, proporcionando limpeza profunda das raízes e hidratação dos fios do comprimento às pontas. Indicado para cabelos com raízes oleosas e pontas desidratadas, oferece sensação de frescor e leveza.","Para Você","EAN/GTIN: 7899706244107",24.99,1
"Shampoo Rapunzel Rejuvenescedor Lola Cosméticos 250 ml","7899572802272","Marca: Lola Cosméticos. Categoria: Cabelos. Tipo: Shampoo. Embalagem: 250ml. Shampoo rejuvenescedor que proporciona sensação refrescante no couro cabeludo, estimulando a microcirculação sanguínea. Auxilia no crescimento saudável dos fios e contribui para a sensação de um couro cabeludo limpo e equilibrado.","Para Você","EAN/GTIN: 7899572802272",34.90,4
"Shampoo Reconstrução + Aminoácido Dove 370 ml","3040130638","Marca: Dove. Categoria: Cabelos. Tipo: Shampoo. Embalagem: 370ml. Shampoo Reconstrução + Aminoácido Dove 370 ml Dove SHAMPOO E CONDICIONADOR SHAMPOO SHAMPOO CAPILAR 370ml Para Você Cabelos Shampoo cabelo danificado cabelo fraco quebra dos fios fortalecer cabelo reparar danos","Para Você","EAN/GTIN: 7891150102637",23.90,1
"Shampoo Reconstrução + Aminoácido Dove 370 ml","899227I","Marca: Dove. Categoria: Cabelos. Tipo: Shampoo. Embalagem: 370ml. Shampoo Reconstrução + Aminoácido Dove 370 ml Dove SHAMPOO E CONDICIONADOR SHAMPOO SHAMPOO CAPILAR 370ml Para Você Cabelos Shampoo cabelo danificado cabelo fraco quebra dos fios fortalecer cabelo reparar danos","Para Você","EAN/GTIN: 7891150102613",25.90,3
"Shampoo Reconstrução e Força TRESemmé 650 ml","361862Y","Marca: TRESemmé. Categoria: Cabelos. Tipo: Shampoo. Embalagem: 650ml. O shampoo TRESemmé Reconstrução e Força é ideal para fortalecer e reconstruir cabelos danificados. Com uma fórmula que combina colágeno e arginina, ele ajuda a reduzir a quebra dos fios, proporcionando cabelos mais fortes e resistentes. Disponível na Dona Antônia, em Cuiabá e Várzea Grande, é uma escolha confiável para o cuidado diário dos seus cabelos.","Para Você","EAN/GTIN: 7891150091122",29.90,4
"Shampoo Reparação Total 5 Elseve 400 ml","7899026420564","Marca: Elseve. Categoria: Cabelos. Tipo: Shampoo. Embalagem: 400ml. O shampoo Elseve Reparação Total 5 é ideal para quem busca restaurar cabelos danificados. Com sua fórmula, ele ajuda a combater a quebra, o ressecamento e as pontas duplas. Disponível na Dona Antônia, em Cuiabá e Várzea Grande, é uma opção prática para o cuidado diário dos seus fios.","Para Você","EAN/GTIN: 7899026420564",24.90,2
"Shampoo Toque de Seda 2% Amino-Silk Complex Seda 300 ml","P332","Marca: Seda. Categoria: Cabelos. Tipo: Shampoo. Embalagem: 300ml. Shampoo Toque de Seda 2% Amino-Silk Complex Seda 300 ml Seda SHAMPOO E CONDICIONADOR SHAMPOO SHAMPOO CAPILAR 300ml Para Você Cabelos Shampoo","Para Você","EAN/GTIN: 7891150101616",16.90,4
"Shampoo UV Repair & Glow + Ferúlico Dove 370 ml","984199I","Marca: Dove. Categoria: Cabelos. Tipo: Shampoo. Embalagem: 370ml. Shampoo UV Repair & Glow + Ferúlico Dove 370 ml Dove SHAMPOO E CONDICIONADOR SHAMPOO SHAMPOO CAPILAR 370ml Para Você Cabelos Shampoo cabelo danificado cabelo fraco quebra dos fios fortalecer cabelo reparar danos","Para Você","EAN/GTIN: 7891150102729",28.90,4
"Shampoo UV Repair & Glow + Ferúlico Dove 600 ml","6992270020","Marca: Dove. Categoria: Cabelos. Tipo: Shampoo. Embalagem: 600ml. Shampoo UV Repair & Glow + Ferúlico Dove 600 ml Dove SHAMPOO E CONDICIONADOR SHAMPOO SHAMPOO CAPILAR 600ml Para Você Cabelos Shampoo cabelo danificado cabelo fraco quebra dos fios fortalecer cabelo reparar danos","Para Você","EAN/GTIN: 7891150102736",36.90,1
"Shampoo Xapadinha Antiquebra Lola Cosmetics 250 ml","P-7OI3","Marca: Lola Cosmetics. Categoria: Cabelos. Tipo: Shampoo. Embalagem: 250ml. Shampoo Xapadinha Antiquebra Lola Cosmetics 250 ml Lola Cosmetics SHAMPOO E CONDICIONADOR SHAMPOO SHAMPOO CAPILAR 250ml Para Você Cabelos Shampoo","Para Você","EAN/GTIN: 7899572813681",24.90,2
"Show Gol Biscoito Chocolate 76g","P0062","Marca: Show Gol. Categoria: Mercearia. Tipo: Biscoitos. Embalagem: 76g. Show Gol Biscoito Chocolate 76g Show Gol BOLACHAS E BISCOITOS DOCE BISCOITO DOCE 76g Para Casa Mercearia Biscoitos","Para Casa","EAN/GTIN: 7896286622516",1.69,9
"Show Gol Biscoito Morango 76g","P2fa6","Marca: Show Gol. Categoria: Mercearia. Tipo: Biscoitos. Embalagem: 76g. Show Gol Biscoito Morango 76g Show Gol BOLACHAS E BISCOITOS DOCE BISCOITO DOCE 76g Para Casa Mercearia Biscoitos","Para Casa","EAN/GTIN: 7896286622509",1.69,10
"Skala Loo Proteinas de Leite 400ml","P0227","Marca: Skala. Categoria: Beleza e Cuidados. Tipo: Cuidados Corporais. Embalagem: 400ml. Skala Loo Proteinas de Leite 400ml Skala BELEZA CABELO MÁSCARA CAPILAR 400ml Para Você Beleza e Cuidados Cuidados Corporais","Para Você","EAN/GTIN: 7897042015832",9.50,3
"Skala Loo Rosas e Amêndoas 400ml","P0228","Marca: Skala. Categoria: Beleza e Cuidados. Tipo: Cuidados Corporais. Embalagem: 400ml. Skala Loo Rosas e Amêndoas 400ml Skala BELEZA CABELO MÁSCARA CAPILAR 400ml Para Você Beleza e Cuidados Cuidados Corporais","Para Você","EAN/GTIN: 7897042015825",9.50,3
"Sopa Instantânea Canjão com Arroz Apti 180 g","7896327515937","Marca: Apti. Categoria: Mercearia. Tipo: Sopas e Prontos. Embalagem: 180 g. O Sopão Apti Canjão com Arroz 180 g é uma mistura para preparo de sopa que rende 8 pratos. Contém aromatizante sintético idêntico ao natural e é ideal para uma refeição rápida e saborosa.","Para Casa","EAN/GTIN: 7896327515937",7.90,3
"Sopão Carne com Macarrão e Legumes Apti 180 g","6359910715","Marca: Ki Sabor. Categoria: Mercearia. Tipo: Sopas e Prontos. Embalagem: 150g. Sopão Carne com Macarrão e Legumes Apti 180 g Ki Sabor MERCEARIA BÁSICA SOPAS E PRONTOS SOPA EM PÓ 150g Para Casa Mercearia Sopas e Prontos","Para Casa","EAN/GTIN: 7896327515920",6.50,3
"Sopão Feijão com Macarrão Ki Sabor 150 g","0862140237","Marca: Ki Sabor. Categoria: Mercearia. Tipo: Sopas e Prontos. Embalagem: 150g. O Sopão Ki Sabor Feijão com Macarrão é uma opção prática e saborosa para suas refeições. Ideal para aqueles momentos em que você deseja um prato reconfortante e rápido de preparar. Perfeito para o dia a dia, esse sopão pode ser uma excelente escolha para quem vive em Cuiabá e Várzea Grande e busca conveniência na cozinha.","Para Casa","EAN/GTIN: 7898416527692",8.90,1
"Sopão Galinha com Vegetais Apti 180 g","7896327515913","Marca: Apti. Categoria: Mercearia. Tipo: Sopas e Prontos. Embalagem: 180 g. O Sopão Apti Galinha com Vegetais é uma mistura instantânea que rende até 8 pratos. Contém macarrão, cenoura em flocos, proteína texturizada de soja, gordura de galinha, cebola em flocos, salsa em flocos, curry, pimentão, aipo em pó e carne de frango desidratada. A embalagem de 180 g facilita o preparo rápido e saboroso.","Para Casa","EAN/GTIN: 7896327515913",7.90,4
"Spray Antifrizz Liso Leve e Solto Lola Cosmetics 200 ml","P-XQFV","Marca: Lola Cosmetics. Categoria: Cabelos. Tipo: Tratamentos Capilares. Embalagem: 200ml. Spray Antifrizz Liso Leve e Solto Lola Cosmetics 200 ml Lola Cosmetics BELEZA CABELO TRATAMENTO CAPILAR 200ml Para Você Cabelos Tratamentos Capilares controle de frizz cabelo com frizz protecao contra umidade arrepiado cabelo liso cabelo alisado efeito liso reduzir volume","Para Você","EAN/GTIN: 7899572808694",34.90,2
"Spray Protetor Comigo Ninguém Pode Lola Cosmetics 250 ml","P-3OFK","Marca: Lola Cosmetics. Categoria: Cabelos. Tipo: Tratamentos Capilares. Embalagem: 250ml. Spray Protetor Comigo Ninguém Pode Lola Cosmetics 250 ml Lola Cosmetics BELEZA CABELO TRATAMENTO CAPILAR 250ml Para Você Cabelos Tratamentos Capilares","Para Você","EAN/GTIN: 7899572809905",34.90,2
"Spray Reparação Total Morte Súbita Lola Cosmetics 250 ml","377603X","Marca: Lola Cosmetics. Categoria: Cabelos. Tipo: Tratamentos Capilares. Embalagem: 250ml. Spray Reparação Total Morte Súbita Lola Cosmetics 250 ml Lola Cosmetics BELEZA CABELO TRATAMENTO CAPILAR 250ml Para Você Cabelos Tratamentos Capilares cabelo danificado cabelo fraco quebra dos fios fortalecer cabelo reparar danos","Para Você","EAN/GTIN: 7899572806621",27.90,2
"Suco Concentrado de Caju Maguary 500 ml","p00343e","Marca: Maguary. Categoria: Mercearia. Tipo: Bebidas. Embalagem: 500ml. Suco Concentrado de Caju Maguary 500 ml Maguary SUCOS, REFRI E ENERGÉTICOS SUCO PRONTO BEBIDA PRONTA 500ml Para Casa Mercearia Bebidas","Para Casa","EAN/GTIN: 7896000554369",5.99,11
"Suco Concentrado de Uva Dafruta 500 ml","Pccs225","Marca: Dafruta. Categoria: Mercearia. Tipo: Bebidas. Embalagem: 500ml. Suco Concentrado de Uva Dafruta 500 ml Dafruta SUCOS, REFRI E ENERGÉTICOS SUCO PRONTO BEBIDA PRONTA 500ml Para Casa Mercearia Bebidas","Para Casa","EAN/GTIN: 7896005400081",6.90,5
"Suco de Uva Campo Largo 900 ml","campolargo.uva.900","Marca: Campo Largo. Categoria: Mercearia. Tipo: Bebidas. Embalagem: 900ml. O suco de uva Campo Largo é uma opção refrescante e saudável para o seu dia a dia. Produzido com uvas selecionadas, ele é ideal para acompanhar refeições, lanches ou momentos de hidratação. Disponível em Cuiabá e Várzea Grande, é uma escolha natural para quem busca qualidade em bebidas. Experimente e sinta o sabor autêntico da uva.","Para Casa","EAN/GTIN: 7896931614132",10.90,5
"Suco em Pó Laranja Clight 8 g","534127I","Marca: Clight. Categoria: Mercearia. Tipo: Bebidas. Embalagem: 8g. Suco em Pó Laranja Clight 8 g Clight SUCOS, REFRI E ENERGÉTICOS SUCO EM PÓ REFRESCO EM PÓ 8g Para Casa Mercearia Bebidas","Para Casa","EAN/GTIN: 7622210696632",1.89,10
"Suco em Pó Laranja Frisco 18 g","P0309","Marca: Frisco. Categoria: Mercearia. Tipo: Bebidas. Embalagem: 18g. Suco em Pó Laranja Frisco 18 g Frisco SUCOS, REFRI E ENERGÉTICOS SUCO EM PÓ REFRESCO EM PÓ 18g Para Casa Mercearia Bebidas","Para Casa","EAN/GTIN: 7896045112081",0.85,101
"Suco em Pó Limonada Clight 8 g","313050E","Marca: Clight. Categoria: Mercearia. Tipo: Bebidas. Embalagem: 8g. Suco em Pó Limonada Clight 8 g Clight SUCOS, REFRI E ENERGÉTICOS SUCO EM PÓ REFRESCO EM PÓ 8g Para Casa Mercearia Bebidas","Para Casa","EAN/GTIN: 7622210696328",1.89,8
"Suco em Pó Maracujá Clight 8 g","814631Q","Marca: Clight. Categoria: Mercearia. Tipo: Bebidas. Embalagem: 8g. Suco em Pó Maracujá Clight 8 g Clight SUCOS, REFRI E ENERGÉTICOS SUCO EM PÓ REFRESCO EM PÓ 8g Para Casa Mercearia Bebidas","Para Casa","EAN/GTIN: 7622210696601",1.89,15
"Suco em Pó Maracujá Frisco 18 g","P576","Marca: Frisco. Categoria: Mercearia. Tipo: Bebidas. Embalagem: 18g. Suco em Pó Maracujá Frisco 18 g Frisco SUCOS, REFRI E ENERGÉTICOS SUCO EM PÓ REFRESCO EM PÓ 18g Para Casa Mercearia Bebidas","Para Casa","EAN/GTIN: 7896045112135",0.85,164
"Suco em Pó Maracujá Frisco 18 g","P0310","Marca: Frisco. Categoria: Mercearia. Tipo: Bebidas. Embalagem: 18g. Suco em Pó Maracujá Frisco 18 g Frisco SUCOS, REFRI E ENERGÉTICOS SUCO EM PÓ REFRESCO EM PÓ 18g Para Casa Mercearia Bebidas","Para Casa","EAN/GTIN: 17896045112064",0.85,897
"Suco em Pó Uva Clight 8 g","130109Z","Marca: Clight. Categoria: Mercearia. Tipo: Bebidas. Embalagem: 8g. Suco em Pó Uva Clight 8 g Clight SUCOS, REFRI E ENERGÉTICOS SUCO EM PÓ REFRESCO EM PÓ 8g Para Casa Mercearia Bebidas","Para Casa","EAN/GTIN: 7622210696670",1.89,15
"Suco em Pó Uva Frisco 18 g","P0311","Marca: Frisco. Categoria: Mercearia. Tipo: Bebidas. Embalagem: 18g. Suco em Pó Uva Frisco 18 g Frisco SUCOS, REFRI E ENERGÉTICOS SUCO EM PÓ REFRESCO EM PÓ 18g Para Casa Mercearia Bebidas","Para Casa","EAN/GTIN: 7896045112104",0.85,101
"Supla de Plástico Retangular 30X45Cm","P359","Categoria: Casa e Utilidades. Tipo: Cozinha. Embalagem: 30X45Cm. Supla de Plástico Retangular 30X45Cm UTENSÍLIOS E UTILIDADES COZINHA UTENSÍLIO DE COZINHA 30X45Cm Para Casa Casa e Utilidades Cozinha","Para Casa","EAN/GTIN: 7908148500259",4.90,12
"Tábua de Corte de Plástico 33 x 20 cm","P375","Categoria: Casa e Utilidades. Tipo: Cozinha. Embalagem: 33X20Cm. Tábua de Corte de Plástico 33 x 20 cm UTENSÍLIOS E UTILIDADES COZINHA PREPARO E ARMAZENAMENTO 33X20Cm Para Casa Casa e Utilidades Cozinha","Para Casa","EAN/GTIN: 7898513845415",15.90,5
"Tábua de Corte Plástica com Alça 20 x 30 1 un","65435141","Categoria: Casa e Utilidades. Tipo: Cozinha. Embalagem: Unidade. Tábua de Corte Plástica com Alça 20 x 30 1 un UTENSÍLIOS E UTILIDADES COZINHA PREPARO E ARMAZENAMENTO Unidade Para Casa Casa e Utilidades Cozinha","Para Casa","EAN/GTIN: 2711654351414",12.90,12
"Tábua de Corte Plástica Cores Variadas 25 x 17 cm 1 un","P374","Categoria: Casa e Utilidades. Tipo: Cozinha. Embalagem: 1un. Tábua de Corte Plástica Cores Variadas 25 x 17 cm 1 un UTENSÍLIOS E UTILIDADES COZINHA PREPARO E ARMAZENAMENTO 1un Para Casa Casa e Utilidades Cozinha","Para Casa","EAN/GTIN: 7896456022160",9.90,5
"Talco para os Pés Canforado Tenys Pé Baruel 100 g","P0314","Marca: Baruel. Categoria: Higiene Pessoal. Tipo: Cuidados para os Pés. Embalagem: 100g. Talco para os Pés Canforado Tenys Pé Baruel 100 g Baruel HIGIENE TALCO TALCO CORPORAL E PARA PÉS 100g Para Você Higiene Pessoal Cuidados para os Pés","Para Você","EAN/GTIN: 7896020160069",13.90,3
"Talco para os Pés Sport Edition Tenys Pé Baruel 100 g","P0316","Marca: Baruel. Categoria: Higiene Pessoal. Tipo: Cuidados para os Pés. Embalagem: 100g. Talco para os Pés Sport Edition Tenys Pé Baruel 100 g Baruel HIGIENE TALCO TALCO CORPORAL E PARA PÉS 100g Para Você Higiene Pessoal Cuidados para os Pés","Para Você","EAN/GTIN: 7896020161721",14.90,1
"Talco para Pés Barla 80 g","P0312","Marca: Barla. Categoria: Higiene Pessoal. Tipo: Cuidados para os Pés. Embalagem: 80g. Talco para Pés Barla 80 g Barla HIGIENE TALCO TALCO CORPORAL E PARA PÉS 80g Para Você Higiene Pessoal Cuidados para os Pés","Para Você","EAN/GTIN: 7896806700069",6.49,7
"Talco para Pés em Pó Original Tenys Pé Baruel 100 g","P0315","Marca: Baruel. Categoria: Higiene Pessoal. Tipo: Cuidados para os Pés. Embalagem: 100g. Talco para Pés em Pó Original Tenys Pé Baruel 100 g Baruel HIGIENE TALCO TALCO CORPORAL E PARA PÉS 100g Para Você Higiene Pessoal Cuidados para os Pés","Para Você","EAN/GTIN: 7896020160052",13.90,1
"Talco para Pés Tenys Pé Menta Fresh Baruel 100 g","P0313","Marca: Baruel. Categoria: Higiene Pessoal. Tipo: Cuidados para os Pés. Embalagem: 100g. O talco Baruel Tenys Pé Menta Fresh é ideal para quem busca conforto e frescor nos pés. Com sua fórmula antisséptica, ajuda a controlar a transpiração e eliminar odores, mantendo os pés secos e protegidos. Disponível na Dona Antônia, em Cuiabá e Várzea Grande, é uma opção prática para o dia a dia.","Para Você","EAN/GTIN: 7896020160076",13.90,1
"Talco Pó Dermo Protetor Johnson’s 100 g","P-FBPH","Marca: Johnson’s. Categoria: Bebê. Tipo: Higiene do Bebê. Embalagem: 100g. Talco Pó Dermo Protetor Johnson’s 100 g Johnson’s BEBÊ HIGIENE TALCO INFANTIL 100g Para Você Bebê Higiene do Bebê","Para Você","EAN/GTIN: 7702031244646",19.90,3
"Tapete Higiênico Goodpad 30 un","52537694","Marca: Goodpad. Categoria: Pets. Tipo: Higiene Pet. Embalagem: 30 un. Tapete Higiênico Goodpad 30 un Goodpad PETS HIGIENE PET TAPETE HIGIÊNICO 30 un Para Casa Pets Higiene Pet","Para Casa","EAN/GTIN: 7898590072155",39.90,3
"Tempero Amarelo Sazón 60 g","P-DSFT","Marca: Sazón. Categoria: Mercearia. Tipo: Temperos. Embalagem: 60g. Tempero Amarelo Sazón 60 g Sazón TEMPEROS TEMPERO TEMPERO PRONTO 60g Para Casa Mercearia Temperos","Para Casa","EAN/GTIN: 7891132019403",6.90,2
"Tempero Ana Maria Lida Real Sabor 15 g","7899767335370","Marca: Real sabor. Categoria: Mercearia. Tipo: Temperos. Embalagem: Sachet. Tempero Ana Maria Lida Real Sabor em embalagem Sachet de 5g, ideal para temperar feijão, carnes, refogados e outros pratos.","Para Casa","EAN/GTIN: 7899767335370",1.89,30
"Tempero Baiano D Casa 40 g","1498670077","Marca: D Casa. Categoria: Mercearia. Tipo: Temperos. Embalagem: 40g. Tempero Baiano D Casa 40 g D Casa TEMPEROS TEMPERO TEMPERO PRONTO 40g Para Casa Mercearia Temperos","Para Casa","EAN/GTIN: 7898976041324",2.99,8
"Tempero Baiano Diodoro 20 g","diodoro.baiano.01","Marca: Diodoro. Categoria: Mercearia. Tipo: Temperos. Embalagem: 20g. O tempero baiano Diodoro é uma mistura saborosa e aromática, ideal para realçar o sabor de pratos típicos da culinária brasileira. Com 20g, é perfeito para preparar moquecas, acarajés e feijoadas, trazendo um toque especial às suas receitas. Disponível na Dona Antônia, em Cuiabá e Várzea Grande, é uma escolha prática para quem aprecia a boa comida.","Para Casa","EAN/GTIN: 7898568540334",2.69,10
"Tempero Baiano Itapero 35 g","7895639000117","Marca: Itapero. Categoria: Mercearia. Tipo: Temperos. Embalagem: 35g. Tempero Baiano 35g da marca Lida Itapeco, embalagem de 35g, EAN 7895639000117. Ingredientes: cominho, pimenta do reino, coentro, pimenta vermelha, orégano, alho flocos, pimenta Jamaica, farinha de milho (Agrobacterium tumefaciens, Arabidopsis thaliana, Bacillus thuringiensis, Streptomyces viridochromogenes e Zea mays) e cúrcuma raiz. NÃO CONTÉM GLÚTEN, CONTÉM GMO, PODE CONTER SOJA. Conservar em local limpo, seco e arejado.","Para Casa","EAN/GTIN: 7895639000117",2.49,8
"Tempero Baiano Real Sabor 25 g","7899767334632","Marca: Real sabor. Categoria: Mercearia. Tipo: Temperos. Embalagem: 25g. Tempero Baiano 25g LTT Real Sabor é uma mistura de especiarias que inclui farinha de milho enriquecida com ferro e ácido fólico, pimenta calabresa, pimenta do reino, coentro, cúrcuma, orégano, louro, cominho e corante natural de urucum.","Para Casa","EAN/GTIN: 7899767334632",1.89,30
"Tempero Bicarbonato de Sódio Diodoro 20 g","diodoro.bicarbonato.01","Marca: Diodoro. Categoria: Mercearia. Tipo: Temperos. Embalagem: 20g. O bicarbonato de sódio Diodoro é um ingrediente versátil, ideal para panificação. Ele confere leveza e crocância a biscoitos e bolachas, sendo uma escolha popular entre os moradores de Cuiabá e Várzea Grande. Utilize com cuidado, evitando deixá-lo próximo a alimentos que absorvem odores.","Para Casa","EAN/GTIN: 7898568540198",2.69,8
"Tempero Branco Sazón 60 g","P-09GK","Marca: Sazón. Categoria: Mercearia. Tipo: Temperos. Embalagem: 60g. Tempero Branco Sazón 60 g Sazón TEMPEROS TEMPERO TEMPERO PRONTO 60g Para Casa Mercearia Temperos","Para Casa","EAN/GTIN: 7891132000449",6.90,3
"Tempero Canela em Pó 100% Pura Itapero 30 g","itapero.canelapo.30g","Marca: Itapero. Categoria: Mercearia. Tipo: Temperos. Embalagem: 30g. A canela em pó 100% pura da Itapero é um tempero versátil que pode ser utilizado em diversas receitas, tanto doces quanto salgadas. Ideal para bolos, biscoitos, chás e pratos salgados, ela traz um sabor especial e aroma marcante. Disponível na Dona Antônia, em Cuiabá e Várzea Grande, é uma ótima adição à sua despensa.","Para Casa","EAN/GTIN: 789563901008",6.90,1
"Tempero Chimichurri Diodoro 15 g","diodoro.chimichurri","Marca: Diodoro. Categoria: Mercearia. Tipo: Temperos. Embalagem: 15g. O chimichurri Diodoro é um tempero versátil que pode ser utilizado para realçar o sabor de carnes, churrascos, molhos e até mesmo legumes. Ideal para quem busca praticidade na cozinha, esse produto é uma ótima opção para quem vive em Cuiabá e Várzea Grande. Experimente adicionar um toque especial às suas receitas com esse tempero saboroso.","Para Casa","EAN/GTIN: 7898568540617",2.69,9
"Tempero Chimichurri Itapero 20 g","7895639000025","Marca: Itapero. Categoria: Mercearia. Tipo: Temperos. Embalagem: 20g. Tempero tradicionalmente utilizado na culinária argentina e uruguaia, composto por alho desidratado, salsa desidratada, manjericão, cebola granulada, colorau, sal refinado, cebola em flocos, caldo de galinha, açúcar e realçador de sabor glutamato monossódico. Pode conter glúten, pode conter soja e contém GMO.","Para Casa","EAN/GTIN: 7895639000025",1.89,7
"Tempero Completo Alho e Sal Tio Jonas 300 g","77517794","Marca: Tio Jonas. Categoria: Mercearia. Tipo: Temperos. Embalagem: 300g. Tempero Completo Alho e Sal Tio Jonas 300 g Tio Jonas TEMPEROS TEMPERO TEMPERO PRONTO 300g Para Casa Mercearia Temperos","Para Casa","EAN/GTIN: 2711775177948",3.29,11
"Tempero Completo com Pimenta Tio Jonas 300 g","77293314","Marca: Tio Jonas. Categoria: Mercearia. Tipo: Temperos. Embalagem: 300g. Tempero Completo com Pimenta Tio Jonas 300 g Tio Jonas TEMPEROS PIMENTA MOLHO E CONSERVA DE PIMENTA 300g Para Casa Mercearia Temperos","Para Casa","EAN/GTIN: 7898349130044",3.29,101
"Tempero Curry Itapero 20 g","7895639000629","Marca: Itapero. Categoria: Mercearia. Tipo: Temperos. Embalagem: 20g. Curry 20g da marca Itapero, embalagem de 20g, EAN 7895639000629. Ingredientes: Farinha de milho enriquecida com ferro e ácido fólico, cúrcuma, feno grego, pimenta do reino, coentro, canela, mostarda, gengibre, cravo, louro, pimenta calabresa e cominho. NÃO CONTÉM GLÚTEN, CONTÉM DERIVADOS DE SOJA, CONTÉM GMO, CONTÉM FARINHA DE MILHO OGM.","Para Casa","EAN/GTIN: 7895639000629",1.89,10
"Tempero da Ana Itapero 30 g","7895639000124","Marca: Itapero. Categoria: Mercearia. Tipo: Temperos. Embalagem: 30g. Tempero da Ana 30g da marca Itapero, embalagem de 30g, EAN 7895639000124. Ingredientes: Caldo de galinha, cebola roxa desidratada, cebolinha verde desidratada, sal rosa, amido de milho, realçador de sabor glutamato monossódico, antioxidante fosfato tricálcico e conservante ácido cítrico. NÃO CONTÉM GLÚTEN.","Para Casa","EAN/GTIN: 7895639000124",1.89,10
"Tempero da Casa CANNY SPICES 90g","7901001105967","Categoria: Mercearia. Tipo: Temperos. Embalagem: 90g. O Tempero da Casa da CANNY SPICES é uma mistura de especiarias desidratadas, incluindo cebola, alho, mostarda, alecrim, salsa, tomilho e pimenta-do-reino, apresentado em embalagem de 90g. Este tempero é destacado por ser alto em sódio, conforme indicado na embalagem, e é ideal para realçar o sabor de diversos pratos, especialmente carnes e vegetais. Recomenda-se utilizá-lo com moderação devido ao seu alto teor de sódio.","Para Casa","EAN/GTIN: 7901001105967",12.90,2
"Tempero de Carne Sazón 60 g","60988229","Marca: Sazón. Categoria: Mercearia. Tipo: Temperos. Embalagem: 60g. Tempero de Carne Sazón 60 g Sazón TEMPEROS TEMPERO TEMPERO PRONTO 60g Para Casa Mercearia Temperos","Para Casa","EAN/GTIN: 7891132019281",6.49,11
"Tempero de Cebolinha Diodoro 7 g","diodoro.cebolinha.01","Marca: Diodoro. Categoria: Mercearia. Tipo: Temperos. Embalagem: 7g. O tempero de cebolinha Diodoro é ideal para realçar o sabor de diversos pratos. Com sua embalagem prática de 7g, é perfeito para quem busca praticidade na cozinha. Disponível na Dona Antônia, em Cuiabá e Várzea Grande, esse condimento é uma ótima adição para suas receitas do dia a dia.","Para Casa","EAN/GTIN: 7898568545162",2.69,10
"Tempero do Edu D Casa 20 g","7958090841","Marca: D Casa. Categoria: Mercearia. Tipo: Temperos. Embalagem: 20g. O Tempero Pega Marido da D Casa é uma opção prática e saborosa para quem deseja realçar o gosto de suas receitas. Ideal para temperar strogonoff, carnes, frango e refogados, ele traz um toque especial aos pratos do dia a dia. Disponível em Cuiabá e Várzea Grande, é uma escolha confiável para sua cozinha.","Para Casa","EAN/GTIN: 7898976041164",2.99,3
"Tempero do Edu Itapero 30 g","7895639000131","Marca: Itapero. Categoria: Mercearia. Tipo: Temperos. Embalagem: 30g. Tempero do Edu 30g da marca Itapero, embalagem de 30g, EAN 7895639000131. Pode conter glúten, contém derivados de soja e contém GMO.","Para Casa","EAN/GTIN: 7895639000131",1.89,5
"Tempero Dourado Canny Spices 120 g","7901001105974","Categoria: Mercearia. Tipo: Temperos. Embalagem: 120g. O TEMPERO DOURADO da CANNY SPICES é uma mistura de especiarias com 120g, composta por cúrcuma, pimenta preta, coentro em pó e páprica doce, ideal para uso culinário.","Para Casa","EAN/GTIN: 7901001105974",12.90,1
"Tempero em Pó Alho Sazón 60 g","P-IXXS","Marca: Sazón. Categoria: Mercearia. Tipo: Temperos. Embalagem: 60G. Tempero em Pó Alho Sazón 60 g Sazón TEMPEROS EM PÓ 60G Para Casa Mercearia Temperos","Para Casa","EAN/GTIN: 7891132008698",6.89,6
"Tempero em Pó Sabor do Nordeste Sazón 60 g","P-VBZ5","Marca: Sazón. Categoria: Mercearia. Tipo: Temperos. Embalagem: 60G. Tempero em Pó Sabor do Nordeste Sazón 60 g Sazón TEMPEROS EM PÓ 60G Para Casa Mercearia Temperos","Para Casa","EAN/GTIN: 7891132001101",6.89,4
"Tempero Erva-doce Diodoro 7 g","diodoro.ervadoce.01","Marca: Diodoro. Categoria: Mercearia. Tipo: Temperos. Embalagem: 7g. O condimento erva doce Diodoro é uma escolha aromática para quem busca realçar o sabor de doces, pães e pratos salgados. Com sua embalagem prática de 7g, é ideal para quem mora em Cuiabá e Várzea Grande e deseja um toque especial nas receitas. Experimente adicionar essa erva aromática e descubra novas possibilidades na cozinha.","Para Casa","EAN/GTIN: 7898568540266",2.69,10
"Tempero Fondor Maggi 120 g","P-LROO","Marca: Maggi. Categoria: Mercearia. Tipo: Temperos. Embalagem: 120g. Tempero Fondor Maggi 120 g Maggi TEMPEROS TEMPERO TEMPERO PRONTO 120g Para Casa Mercearia Temperos","Para Casa","EAN/GTIN: 7891000502105",8.90,2
"Tempero Grill Maggi 120 g","P-2ZOS","Marca: Maggi. Categoria: Mercearia. Tipo: Temperos. Embalagem: 120g. Tempero Grill Maggi 120 g Maggi TEMPEROS TEMPERO TEMPERO PRONTO 120g Para Casa Mercearia Temperos","Para Casa","EAN/GTIN: 7891000502204",9.90,4
"Tempero Indiano Intenso 100 g","7901001111234","Categoria: Mercearia. Tipo: Temperos. Embalagem: 100g. O TEMPERO INDIANO INTENSO da CANNY SPICES é uma mistura de especiarias autênticas, incluindo coentro, cominho, cúrcuma e pimenta-do-reino, que conferem um sabor marcante e levemente picante aos pratos. Embalado em pote de 100g, é ideal para temperar carnes, legumes e molhos, proporcionando uma experiência gastronômica exótica e aromática.","Para Casa","EAN/GTIN: 7901001111234",12.90,1
"Tempero Lemon Pepper Maggi","P-M8UL","Marca: Maggi. Categoria: Mercearia. Tipo: Temperos. Embalagem: UN. Tempero Lemon Pepper Maggi Maggi TEMPEROS EM PÓ UN Para Casa Mercearia Temperos","Para Casa","EAN/GTIN: 7891000454794",8.90,6
"Tempero Manteiga Maggi 110 g","P-P2JO","Marca: Maggi. Categoria: Mercearia. Tipo: Temperos. Embalagem: UN. Tempero Manteiga Maggi 110 g Maggi TEMPEROS EM PÓ UN Para Casa Mercearia Temperos","Para Casa","EAN/GTIN: 7891000454695",8.90,6
"Tempero Marrom Sazón 60 g","P-7SJG","Marca: Sazón. Categoria: Mercearia. Tipo: Temperos. Embalagem: 60g. Tempero Marrom Sazón 60 g Sazón TEMPEROS TEMPERO TEMPERO PRONTO 60g Para Casa Mercearia Temperos","Para Casa","EAN/GTIN: 7891132019724",6.90,5
"Tempero Mediterrâneo Canny Spices 60 g","7901001109613","Categoria: Mercearia. Tipo: Temperos. Embalagem: 60g. O TEMPERO MEDITERRÂNEO 60g da CANNY SPICES é uma mistura de especiarias que combina alho, cebola, coentro, salsa, pimenta branca, limão em pó, fécula de mandioca, dióxido de silício e ácido cítrico. Ideal para temperar peixes, aves, saladas, marinadas e frutos do mar, este produto é destacado por seu alto teor de sódio, conforme indicado na embalagem.","Para Casa","EAN/GTIN: 7901001109613",12.90,1
"Tempero Páprica Doce Diodoro 20 g","diodoro.papricadoce.01","Marca: Diodoro. Categoria: Mercearia. Tipo: Temperos. Embalagem: 20g. A páprica doce Diodoro é um tempero versátil que traz cor e sabor suave a diversos pratos. Ideal para carnes, aves, sopas e molhos, ela é uma excelente opção para quem busca realçar o sabor das receitas do dia a dia. Disponível na Dona Antônia, em Cuiabá e Várzea Grande, é uma escolha prática e saborosa para sua cozinha.","Para Casa","EAN/GTIN: 7898568545094",2.69,9
"Tempero Páprica Picante Itapero 30 g","7895639000162","Marca: Itapero. Categoria: Mercearia. Tipo: Temperos. Embalagem: 30g. Páprica picante da marca Itapero, embalagem de 30g, EAN 7895639000162. Ingredientes: Páprica picante, farinha de milho enriquecida com ferro e ácido fólico, óleo de soja e corante natural de urucum. NÃO CONTÉM GLÚTEN. CONTÉM GMO. CONTÉM DERIVADOS DE SOJA. CONTÉM FARINHA DE MILHO OGM.","Para Casa","EAN/GTIN: 7895639000162",1.89,6
"Tempero para Aves e Peixes Canny Spices 80 g","7901001105981","Categoria: Mercearia. Tipo: Temperos. Embalagem: 80g. O TEMPERO PARA AVES E PEIXES CANNY SPICES é uma mistura sem açúcar, ideal para realçar o sabor de aves e peixes. Apresenta-se em embalagem de 80g, facilitando o uso em diversas preparações culinárias.","Para Casa","EAN/GTIN: 7901001105981",12.90,1
"Tempero para Churrasco Itapero 25 g","7895639000216","Marca: Itapero. Categoria: Mercearia. Tipo: Temperos. Embalagem: 25g. Tempero para Churrasco 25g da marca Itapero, composto por cebola desidratada, sal, alho, páprica doce, orégano, salsa, óleo de soja, pimenta do reino, cominho e realçador de sabor glutamato monossódico. Não contém glúten e contém derivados de soja.","Para Casa","EAN/GTIN: 7895639000216",1.89,8
"Tempero para Frango Lida Real Sabor Sachet 15g","7899767336032","Marca: Real sabor. Categoria: Mercearia. Tipo: Temperos. Embalagem: 15g. Tempero para Frango Lida Real Sabor em embalagem Sachet de 50g, composto por sal, amido de milho, lemon pepper, açúcar, cúrcuma, aroma idêntico ao natural de galinha, alho, óleo de soja, cebola, manjericão, cominho, salsa, pimenta, orégano, louro, mostarda, glutamato monossódico, fosfato tricálcico e dióxido de silício.","Para Casa","EAN/GTIN: 7899767336032",1.89,5
"Tempero para Frango Sazón 60 g","59827986","Marca: Sazón. Categoria: Mercearia. Tipo: Temperos. Embalagem: 60g. Tempero para Frango Sazón 60 g Sazón TEMPEROS TEMPERO TEMPERO PRONTO 60g Para Casa Mercearia Temperos","Para Casa","EAN/GTIN: 7891132019274",6.49,2
"Tempero para Salada Sazón 60 g","P-EB2M","Marca: Sazón. Categoria: Mercearia. Tipo: Temperos. Embalagem: 60g. Tempero para Salada Sazón 60 g Sazón TEMPEROS TEMPERO TEMPERO PRONTO 60g Para Casa Mercearia Temperos","Para Casa","EAN/GTIN: 7891132019731",6.90,3
"Tempero Pimenta síria Diodoro 15 g","diodoro.pimentasiria.01","Categoria: Mercearia. Tipo: Temperos. Embalagem: 15g. A pimenta síria Diodoro é um tempero versátil, ideal para realçar o sabor de pratos da culinária árabe, como quibes, kaftas e esfihas. Em Cuiabá e Várzea Grande, é uma escolha popular para quem busca um toque especial em suas receitas. Experimente adicionar essa especiaria em pães e até mesmo em doces para uma explosão de sabor.","Para Casa","EAN/GTIN: 7898568540600",2.69,10
"Tempero Pimenta-do-reino Preta Itapero 30 g","7895639000278","Marca: Itapero. Categoria: Mercearia. Tipo: Temperos. Embalagem: 30g. Pimenta-do-reino preta, farinha de milho enriquecida com ferro e ácido fólico e Pimenta Caiena. Pode conter glúten, contém GMO, contém derivados de soja, contém farinha de milho OGM.","Para Casa","EAN/GTIN: 7895639000278",1.89,9
"Tempero Pronto de Açafrão Diodoro 20 g","diodoro.acafrao.01","Marca: Diodoro. Categoria: Mercearia. Tipo: Temperos. Embalagem: 20g. O tempero pronto de açafrão da Diodoro é ideal para dar sabor e cor aos seus pratos. Com sua embalagem prática de 20 g, é perfeito para quem busca praticidade na cozinha. Disponível em Cuiabá e Várzea Grande, esse tempero é uma ótima opção para realçar o sabor das suas receitas do dia a dia.","Para Casa","EAN/GTIN: 7898568540341",2.69,8
"Tempero Pronto Meu Segredo Refoga Alho e Cebola Maggi 49 g","P-9QOL","Marca: Maggi. Categoria: Mercearia. Tipo: Temperos. Embalagem: UN. Tempero Pronto Meu Segredo Refoga Alho e Cebola Maggi 49 g Maggi TEMPEROS TEMPERO TEMPERO PRONTO UN Para Casa Mercearia Temperos","Para Casa","EAN/GTIN: 7891000339954",4.49,5
"Tempero Sal Amoníaco Diodoro 20 g","diodoro.salamoniaco.01","Marca: Diodoro. Categoria: Mercearia. Tipo: Temperos. Embalagem: 20g. O sal amoníaco Diodoro é um ingrediente versátil, ideal para panificação. Ele confere leveza e crocância a biscoitos e bolachas, sendo uma escolha popular entre os moradores de Cuiabá e Várzea Grande. Utilize com cuidado, evitando deixá-lo próximo a alimentos que absorvem odores.","Para Casa","EAN/GTIN: 7898568540181",2.69,10
"Tempero Vinagrete Itapero 25 g","7895639000209","Marca: Itapero. Categoria: Mercearia. Tipo: Vinagres. Embalagem: 25g. Tempero desidratado composto por cebola desidratada, alho desidratado, tomate em flocos, pimenta desidratada e antiumectante fosfato tricálcico. Não contém glúten, pode conter soja, sem adição de sal e sem glutamato monossódico. Conservar em local limpo, seco e arejado.","Para Casa","EAN/GTIN: 7895639000209",1.89,6
"Tintura 4.0 Castanho Médio Cor&Ton 1 un","P12EE","Marca: Cor&Ton. Categoria: Cabelos. Tipo: Coloração Capilar. Embalagem: 1 un. Tintura 4.0 Castanho Médio Cor&Ton 1 un Cor&Ton BELEZA CABELO COLORAÇÃO CAPILAR 1 un Para Você Cabelos Coloração Capilar","Para Você","EAN/GTIN: 7896000705976",16.90,3
"Tintura 7.3 Louro Mel Maxton","maxton.7.0-COPIA-48832","Marca: Maxton. Categoria: Cabelos. Tipo: Coloração Capilar. Embalagem: Unidade. A tintura Maxton 7.3 Louro Mel é ideal para quem busca um tom loiro mel vibrante. Com sua fórmula desenvolvida pela Embelleze, proporciona uma coloração uniforme e duradoura. Disponível na Dona Antônia, em Cuiabá e Várzea Grande, é uma excelente opção para quem deseja mudar o visual de forma prática e segura.","Para Você","EAN/GTIN: 7896013544296",13.90,1
"Tintura 8.1 Louro Cinza Claro Cor&Ton 1 un","340495E","Marca: Cor&Ton. Categoria: Cabelos. Tipo: Coloração Capilar. Embalagem: 1 un. Tintura 8.1 Louro Cinza Claro Cor&Ton 1 un Cor&Ton BELEZA CABELO COLORAÇÃO CAPILAR 1 un Para Você Cabelos Coloração Capilar","Para Você","EAN/GTIN: 7896000706072",16.90,2
"Tintura Capilar Louro Claríssimo Pérola Cendré Gold Color 50 g + 75 ml","goldcolor.12.89","Marca: Gold Color. Categoria: Cabelos. Tipo: Coloração Capilar. Embalagem: 50g + 75ml. A tintura capilar Gold Color na cor Louro Claríssimo Pérola Cendré é ideal para quem busca um ultra clareamento com reflexos perolados frios. Com uma fórmula que proporciona cobertura dos fios brancos, é uma excelente opção para quem deseja mudar o visual. Disponível na Dona Antônia, em Cuiabá e Várzea Grande, é uma escolha prática e confiável para a sua rotina de beleza.","Para Você","EAN/GTIN: 7896852627051",13.90,1
"Tintura Castanho Claro 5.0 Cor&Ton 1 un","110630N","Marca: Cor&Ton. Categoria: Cabelos. Tipo: Coloração Capilar. Embalagem: 1 un. Tintura Castanho Claro 5.0 Cor&Ton 1 un Cor&Ton BELEZA CABELO COLORAÇÃO CAPILAR 1 un Para Você Cabelos Coloração Capilar","Para Você","EAN/GTIN: 7896000705983",16.90,3
"Tintura Louro Claro 8.0 Cor&Ton 1 un","696286E","Marca: Cor&Ton. Categoria: Cabelos. Tipo: Coloração Capilar. Embalagem: 1 un. Tintura Louro Claro 8.0 Cor&Ton 1 un Cor&Ton BELEZA CABELO COLORAÇÃO CAPILAR 1 un Para Você Cabelos Coloração Capilar","Para Você","EAN/GTIN: 7896000706034",16.90,2
"Tintura Maxton Embelleze 6.1 Louro Cinza Escuro","maxton.6.1","Marca: Maxton. Categoria: Cabelos. Tipo: Coloração Capilar. Embalagem: Unidade. A tintura Maxton 6.1 Louro Cinza Escuro é ideal para quem deseja cobrir fios brancos e obter um tom sofisticado. Com sua fórmula, proporciona uma coloração uniforme e duradoura. Disponível na Dona Antônia, em Cuiabá e Várzea Grande, é uma escolha prática para quem busca beleza e cuidado com os cabelos.","Para Você","EAN/GTIN: 7896013553021",13.90,1
"Tintura Maxton Embelleze 7.0 Louro Natural Unidade","maxton.7.0","Marca: Maxton. Categoria: Cabelos. Tipo: Coloração Capilar. Embalagem: Unidade. A tintura Maxton 7.0 Louro Natural é ideal para quem busca um tom loiro natural e vibrante. Com sua fórmula desenvolvida pela Embelleze, proporciona uma coloração uniforme e duradoura. Disponível na Dona Antônia, em Cuiabá e Várzea Grande, é uma excelente opção para quem deseja mudar o visual de forma prática e segura.","Para Você","EAN/GTIN: 7896013544289",13.90,5
"Tira-Manchas em Pó Multi Power Oxi Action para Roupas Coloridas Vanish 1 kg","7891035051333","Marca: Vanish. Categoria: Lavanderia. Tipo: Tira-Manchas. Embalagem: 1 Kg. O Vanish Tira Manchas em Pó Multi Power Oxi Action é ideal para a remoção de manchas em roupas coloridas. Com sua fórmula eficaz, ele ajuda a manter suas roupas limpas e vibrantes. Disponível na Dona Antônia, em Cuiabá e Várzea Grande, é uma opção prática para o dia a dia.","Para Casa","EAN/GTIN: 7891035051333",54.90,3
"Tira-Manchas em Pó Multi Power Oxi Action para Roupas Coloridas Vanish 450 g","vanish.oxiaction.450","Marca: Vanish. Categoria: Lavanderia. Tipo: Tira-Manchas. Embalagem: 450g. O Vanish Tira Manchas em Pó Multi Power Oxi Action é ideal para a remoção de manchas em roupas coloridas. Com sua fórmula eficaz, ele ajuda a manter suas roupas limpas e vibrantes. Disponível na Dona Antônia, em Cuiabá e Várzea Grande, é uma opção prática para o dia a dia.","Para Casa","EAN/GTIN: 7891035040702",37.90,3
"Tira-manchas Líquido Crystal White para Roupas Brancas Vanish 1,2 L","488698A","Marca: Vanish. Categoria: Lavanderia. Tipo: Tira-Manchas. Embalagem: 1,2L. Tira-manchas Líquido Crystal White para Roupas Brancas Vanish 1,2 L Vanish LAVANDERIA LAVA-ROUPAS TIRA MANCHAS 1,2L Para Casa Lavanderia Tira-Manchas","Para Casa","EAN/GTIN: 7891035000027",23.90,8
"Tira-manchas Líquido Multiuso para Roupas Brancas Vanish 1,2 L","4547090033","Marca: Vanish. Categoria: Lavanderia. Tipo: Tira-Manchas. Embalagem: 1,2L. Tira-manchas Líquido Multiuso para Roupas Brancas Vanish 1,2 L Vanish LAVANDERIA LAVA-ROUPAS TIRA MANCHAS 1,2L Para Casa Lavanderia Tira-Manchas","Para Casa","EAN/GTIN: 7891035000010",23.90,5
"Tira-Manchas para Roupas Brancas Oxi Action Vanish 450 g","vanish.branco.450","Marca: Vanish. Categoria: Lavanderia. Tipo: Tira-Manchas. Embalagem: 450g. O Tira Manchas Vanish em Pó Crystal White Oxi Action é ideal para a remoção de manchas e o branqueamento de roupas brancas. Com sua embalagem de refil econômico de 1kg, é uma opção prática e eficiente para quem busca manter as roupas sempre limpas. Disponível na Dona Antônia, em Cuiabá e Várzea Grande, esse produto é uma escolha confiável para o dia a dia.","Para Casa","EAN/GTIN: 7891035050602",37.90,4
"Tira-Manchas Refil Econômico Vanish 1 kg","7891035051326","Marca: Vanish. Categoria: Lavanderia. Tipo: Tira-Manchas. Embalagem: Refil Econômico 1kg. O Tira Manchas Vanish em Pó Crystal White Oxi Action é ideal para a remoção de manchas e o branqueamento de roupas brancas. Com sua embalagem de refil econômico de 1kg, é uma opção prática e eficiente para quem busca manter as roupas sempre limpas. Disponível na Dona Antônia, em Cuiabá e Várzea Grande, esse produto é uma escolha confiável para o dia a dia.","Para Casa","EAN/GTIN: 7891035051326",39.90,3
"Toddy Em Pó Tradicional 200g","P0321","Marca: Toddy. Categoria: Mercearia. Tipo: Café. Embalagem: 200g. Toddy Em Pó Tradicional 200g Toddy CAFÉ DA MANHÃ CAFÉ CAFÉ TORRADO E MOÍDO 200g Para Casa Mercearia Café","Para Casa","EAN/GTIN: 7894321711171",8.90,10
"Toddy em Pó Tradicional 700g","1134730695","Marca: Tricofácil. Categoria: Mercearia. Tipo: Café. Embalagem: 700g. Toddy em Pó Tradicional 700g Tricofácil CAFÉ DA MANHÃ CAFÉ CAFÉ TORRADO E MOÍDO 700g Para Casa Mercearia Café","Para Casa","EAN/GTIN: 7894321220529",19.90,2
"Tônico Facial Controle do Brilho NIVEA 200 ml","488846M","Marca: NIVEA. Categoria: Beleza e Cuidados. Tipo: Cuidados com o Rosto. Embalagem: 200ml. O NIVEA Tônico Facial Controle do Brilho é ideal para quem busca uma pele mais equilibrada e livre do excesso de oleosidade. Com 200ml, ele pode ser facilmente incorporado à sua rotina de cuidados diários, proporcionando frescor e limpeza. Disponível na Dona Antônia, atende às necessidades de quem vive em Cuiabá e Várzea Grande, oferecendo uma solução prática para o cuidado facial.","Para Você","EAN/GTIN: 4005808811717",24.90,3
"Torrada Tradicional Visconti 120 g","7891962052564","Categoria: Mercearia. Tipo: Biscoitos. Embalagem: 120 g. Torrada Tradicional Visconti 120 g BOLACHAS E BISCOITOS DOCE BISCOITO DOCE 120 g Para Casa Mercearia Biscoitos","Para Casa","EAN/GTIN: 7891962052564",4.99,2
"Tratamento Capilar Cicatri Renov Elseve 50 ml","638759B","Marca: Elseve. Categoria: Cabelos. Tipo: Tratamentos Capilares. Embalagem: 50ml. Tratamento Capilar Cicatri Renov Elseve 50 ml Elseve BELEZA CABELO TRATAMENTO CAPILAR 50ml Para Você Cabelos Tratamentos Capilares","Para Você","EAN/GTIN: 7899706149822",26.90,2
"Tratamento Capilar Densidade Acidificante Lola Cosmetics 250 g","579219J","Marca: Lola Cosmetics. Categoria: Cabelos. Tipo: Tratamentos Capilares. Embalagem: 250g. O acidificante capilar da Lola Cosmetics é ideal para fortalecer e proteger os fios, prevenindo quebra e queda. Com uma fórmula que respeita a natureza dos cabelos, este produto é uma ótima opção para quem busca um tratamento eficaz. Disponível na Dona Antônia, em Cuiabá e Várzea Grande, ele é livre de glúten, sulfatos e parabenos, sendo também vegano.","Para Você","EAN/GTIN: 7899572812134",26.90,3
"Tratamento Capilar Liso dos Sonhos Elseve 100 ml","547547W","Marca: Elseve. Categoria: Cabelos. Tipo: Tratamentos Capilares. Embalagem: 100ml. O tratamento capilar Liso dos Sonhos da Elseve é ideal para quem busca um cabelo liso e alinhado. Com sua fórmula especial, ele ajuda a controlar o frizz e proporciona um efeito liso duradouro. A Dona Antônia oferece esse produto em Cuiabá e Várzea Grande, garantindo praticidade e qualidade para o seu dia a dia.","Para Você","EAN/GTIN: 7908785461555",32.90,9
"Vassoura Genial com Cabo Guirado 1 un","P0322","Marca: Guirado. Categoria: Limpeza. Tipo: Acessórios de Limpeza. Embalagem: 1un. Vassoura Genial com Cabo Guirado 1 un Guirado LIMPEZA VASSOURA, RODO E PÁ ACESSÓRIO DE LIMPEZA 1un Para Casa Limpeza Acessórios de Limpeza","Para Casa","EAN/GTIN: 7897388602079",9.90,5
"Vassoura Madri com Cabo Condor 1 un","P570","Marca: Condor. Categoria: Limpeza. Tipo: Acessórios de Limpeza. Embalagem: Unidade. Vassoura Madri com Cabo Condor 1 un Condor LIMPEZA VASSOURA, RODO E PÁ ACESSÓRIO DE LIMPEZA Unidade Para Casa Limpeza Acessórios de Limpeza","Para Casa","EAN/GTIN: 7891055020081",12.90,4
"Vassoura V-35 com Cabo Condor 1 un","P330","Marca: Condor. Categoria: Limpeza. Tipo: Acessórios de Limpeza. Embalagem: Unidade. Vassoura V-35 com Cabo Condor 1 un Condor LIMPEZA VASSOURA, RODO E PÁ ACESSÓRIO DE LIMPEZA Unidade Para Casa Limpeza Acessórios de Limpeza","Para Casa","EAN/GTIN: 7891055003589",14.90,28
"Vinagre Colorido Castelo 750 ml","P503","Marca: Castelo. Categoria: Mercearia. Tipo: Vinagres. Embalagem: 750ml. Vinagre Colorido Castelo 750 ml Castelo MOLHOS E CONDIMENTOS VINAGRES VINAGRE CULINÁRIO 750ml Para Casa Mercearia Vinagres","Para Casa","EAN/GTIN: 7896048284778",4.69,26
"Vinagre de Álcool Castelo 750 ml","P501","Marca: Castelo. Categoria: Mercearia. Tipo: Vinagres. Embalagem: 750ml. Vinagre de Álcool Castelo 750 ml Castelo LIMPEZA ÁLCOOL ÁLCOOL DE LIMPEZA 750ml Para Casa Mercearia Vinagres","Para Casa","EAN/GTIN: 7896048200051",4.69,60
"Vinagre de Álcool Colorido Neval 750 ml","P485","Marca: Neval. Categoria: Mercearia. Tipo: Vinagres. Embalagem: 750ml. Vinagre de Álcool Colorido Neval 750 ml Neval LIMPEZA ÁLCOOL ÁLCOOL DE LIMPEZA 750ml Para Casa Mercearia Vinagres","Para Casa","EAN/GTIN: 7896057800464",2.70,17
"Vinagre de Alcool Neval 750ml","P484","Marca: Neval. Categoria: Mercearia. Tipo: Vinagres. Embalagem: 750ml. Vinagre de Alcool Neval 750ml Neval LIMPEZA ÁLCOOL ÁLCOOL DE LIMPEZA 750ml Para Casa Mercearia Vinagres","Para Casa","EAN/GTIN: 7896057800051",2.70,1
"Ypê Amaciante Intenso Unidade","P438","Marca: Ypê. Categoria: Lavanderia. Tipo: Amaciantes. Embalagem: Unidade. Ypê Amaciante Intenso Unidade Ypê LAVANDERIA AMACIANTE AMACIANTE DE ROUPAS Unidade Para Casa Lavanderia Amaciantes","Para Casa","EAN/GTIN: 27896098903036",12.90,446